code,district_code,province_code,name_th,name_en,postal_code
100101,1001,10,พระบรมมหาราชวัง,Phra Borom Maha Ratchawang,10200
100102,1001,10,วังบูรพาภิรมย์,Wang Burapha Phirom,10200
100103,1001,10,วัดราชบพิธ,Wat Ratchabophit,10200
100104,1001,10,สำราญราษฎร์,Samran Rat,10200
100105,1001,10,ศาลเจ้าพ่อเสือ,San Chaopho Suea,10200
100106,1001,10,เสาชิงช้า,Sao Chingcha,10200
100107,1001,10,บวรนิเวศ,Bowon Niwet,10200
100108,1001,10,ตลาดยอด,Talat Yot,10200
100109,1001,10,ชนะสงคราม,Chana Songkhram,10200
100110,1001,10,บ้านพานถม,Ban Phan Thom,10200
100111,1001,10,บางขุนพรหม,Bang Khun Phrom,10200
100112,1001,10,วัดสามพระยา,Wat Sam Phraya,10200
100201,1002,10,ดุสิต,Dusit,10300
100202,1002,10,วชิรพยาบาล,Wachira Phayaban,10300
100203,1002,10,สวนจิตรลดา,Suan Chit Lada,10300
100204,1002,10,สี่แยกมหานาค,Si Yaek Maha Nak,10300
100206,1002,10,ถนนนครไชยศรี,Thanon Nakhon Chai Si,10300
100301,1003,10,กระทุ่มราย,Krathum Rai,10530
100302,1003,10,หนองจอก,Nong Chok,10530
100303,1003,10,คลองสิบ,Khlong Sip,10530
100304,1003,10,คลองสิบสอง,Khlong Sip Song,10530
100305,1003,10,โคกแฝด,Khok Faet,10530
100306,1003,10,คู้ฝั่งเหนือ,Khu Fang Nuea,10530
100307,1003,10,ลำผักชี,Lam Phak Chi,10530
100308,1003,10,ลำต้อยติ่ง,Lam Toiting,10530
100401,1004,10,มหาพฤฒาราม,Maha Phruettharam,10500
100402,1004,10,สีลม,Si Lom,10500
100403,1004,10,สุริยวงศ์,Suriyawong,10500
100404,1004,10,บางรัก,Bang Rak,10500
100405,1004,10,สี่พระยา,Si Phraya,10500
100502,1005,10,อนุสาวรีย์,Anusawari,10220
100508,1005,10,ท่าแร้ง,Tha Raeng,10220
100601,1006,10,คลองจั่น,Khlong Chan,10240
100608,1006,10,หัวหมาก,Hua Mak,10240
100701,1007,10,รองเมือง,Rong Mueang,10330
100702,1007,10,วังใหม่,Wang Mai,10330
100703,1007,10,ปทุมวัน,Pathum Wan,10330
100704,1007,10,ลุมพินี,Lumphini,10330
100801,1008,10,ป้อมปราบ,Pom Prap,10100
100802,1008,10,วัดเทพศิรินทร์,Wat Thep Sirin,10100
100803,1008,10,คลองมหานาค,Khlong Maha Nak,10100
100804,1008,10,บ้านบาตร,Ban Bat,10100
100805,1008,10,วัดโสมนัส,Wat Sommanat,10100
100905,1009,10,บางจาก,Bang Chak,10260
100910,1009,10,พระโขนงใต้,Phra Khanong Tai,10260
101001,1010,10,มีนบุรี,Min Buri,10510
101002,1010,10,แสนแสบ,Saen Saep,10510
101101,1011,10,ลาดกระบัง,Lat Krabang,10520
101102,1011,10,คลองสองต้นนุ่น,Khlong Song Ton Nun,10520
101103,1011,10,คลองสามประเวศ,Khlong Sam Prawet,10520
101104,1011,10,ลำปลาทิว,Lam Pla Thio,10520
101105,1011,10,ทับยาว,Thap Yao,10520
101106,1011,10,ขุมทอง,Khum Thong,10520
101203,1012,10,ช่องนนทรี,Chong Nonsi,10120
101204,1012,10,บางโพงพาง,Bang Phongphang,10120
101301,1013,10,จักรวรรดิ,Chakkrawat,10100
101302,1013,10,สัมพันธวงศ์,Samphanthawong,10100
101303,1013,10,ตลาดน้อย,Talat Noi,10100
101401,1014,10,สามเสนใน,Sam Sen Nai,10400
101406,1014,10,พญาไท,Phaya Thai,10400
101501,1015,10,วัดกัลยาณ์,Wat Kanlaya,10600
101502,1015,10,หิรัญรูจี,Hiran Ruchi,10600
101503,1015,10,บางยี่เรือ,Bang Yi Ruea,10600
101504,1015,10,บุคคโล,Bukkhalo,10600
101505,1015,10,ตลาดพลู,Talat Phlu,10600
101506,1015,10,ดาวคะนอง,Dao Khanong,10600
101507,1015,10,สำเหร่,Samre,10600
101601,1016,10,วัดอรุณ,Wat Arun,10600
101602,1016,10,วัดท่าพระ,Wat Tha Phra,10600
101701,1017,10,ห้วยขวาง,Huai Khwang,10310
101702,1017,10,บางกะปิ,Bang Kapi,10310
101704,1017,10,สามเสนนอก,Sam Sen Nok,10310
101801,1018,10,สมเด็จเจ้าพระยา,Somdet Chao Phraya,10600
101802,1018,10,คลองสาน,Khlong San,10600
101803,1018,10,บางลำภูล่าง,Bang Lamphu Lang,10600
101804,1018,10,คลองต้นไทร,Khlong Ton Sai,10600
101901,1019,10,คลองชักพระ,Khlong Chak Phra,10170
101902,1019,10,ตลิ่งชัน,Taling Chan,10170
101903,1019,10,ฉิมพลี,Chimphli,10170
101904,1019,10,บางพรม,Bang Phrom,10170
101905,1019,10,บางระมาด,Bang Ramat,10170
101907,1019,10,บางเชือกหนัง,Bang Chueak Nang,10170
102004,1020,10,ศิริราช,Sirirat,10700
102005,1020,10,บ้านช่างหล่อ,Ban Chang Lo,10700
102006,1020,10,บางขุนนนท์,Bang Khun Non,10700
102007,1020,10,บางขุนศรี,Bang Khun Si,10700
102009,1020,10,อรุณอมรินทร์,Arun Ammarin,10700
102105,1021,10,ท่าข้าม,Tha Kham,10150
102107,1021,10,แสมดำ,Samae Dam,10150
102201,1022,10,บางหว้า,Bang Wa,10160
102202,1022,10,บางด้วน,Bang Duan,10160
102206,1022,10,บางจาก,Bang Chak,10160
102207,1022,10,บางแวก,Bang Waek,10160
102208,1022,10,คลองขวาง,Khlong Khwang,10160
102209,1022,10,ปากคลองภาษีเจริญ,Pak Khlong Phasi Charoen,10160
102210,1022,10,คูหาสวรรค์,Khuha Sawan,10160
102302,1023,10,หนองแขม,Nong Khaem,10160
102303,1023,10,หนองค้างพลู,Nong Khang Phlu,10160
102401,1024,10,ราษฎร์บูรณะ,Rat Burana,10140
102402,1024,10,บางปะกอก,Bang Pa Kok,10140
102501,1025,10,บางพลัด,Bang Phlat,10700
102502,1025,10,บางอ้อ,Bang O,10700
102503,1025,10,บางบำหรุ,Bang Bamru,10700
102504,1025,10,บางยี่ขัน,Bang Yi Khan,10700
102601,1026,10,ดินแดง,Din Daeng,10400
102602,1026,10,รัชดาภิเษก,Ratchadaphisek,10400
102701,1027,10,คลองกุ่ม,Khlong Kum,10240
102704,1027,10,นวมินทร์,Nawamin,10240
102705,1027,10,นวลจันทร์,Nuan Chan,10240
102801,1028,10,ทุ่งวัดดอน,Thung Wat Don,10120
102802,1028,10,ยานนาวา,Yan Nawa,10120
102803,1028,10,ทุ่งมหาเมฆ,Thung Maha Mek,10120
102901,1029,10,บางซื่อ,Bang Sue,10800
102902,1029,10,วงศ์สว่าง,Wong Sawang,10800
103001,1030,10,ลาดยาว,Lat Yao,10900
103002,1030,10,เสนานิคม,Sena Nikhom,10900
103003,1030,10,จันทรเกษม,Chan Kasem,10900
103004,1030,10,จอมพล,Chom Phon,10900
103005,1030,10,จตุจักร,Chatuchak,10900
103101,1031,10,บางคอแหลม,Bang Kho Laem,10120
103102,1031,10,วัดพระยาไกร,Wat Phraya Krai,10120
103103,1031,10,บางโคล่,Bang Khlo,10120
103201,1032,10,ประเวศ,Prawet,10250
103202,1032,10,หนองบอน,Nong Bon,10250
103203,1032,10,ดอกไม้,Dok Mai,10250
103301,1033,10,คลองเตย,Khlong Toei,10110
103302,1033,10,คลองตัน,Khlong Tan,10110
103303,1033,10,พระโขนง,Phra Khanong,10110
103401,1034,10,สวนหลวง,Suan Luang,10250
103402,1034,10,อ่อนนุช,On Nut,10250
103403,1034,10,พัฒนาการ,Phatthanakan,10250
103501,1035,10,บางขุนเทียน,Bang Khun Thian,10150
103502,1035,10,บางค้อ,Bang Kho,10150
103503,1035,10,บางมด,Bang Mot,10150
103504,1035,10,จอมทอง,Chom Thong,10150
103602,1036,10,สีกัน,Si Kan,10210
103604,1036,10,ดอนเมือง,Don Mueang,10210
103605,1036,10,สนามบิน,Sanambin,10210
103701,1037,10,ทุ่งพญาไท,Thung Phaya Thai,10400
103702,1037,10,ถนนพญาไท,Thanon Phaya Thai,10400
103703,1037,10,ถนนเพชรบุรี,Thanon Phetchaburi,10400
103704,1037,10,มักกะสัน,Makkasan,10400
103801,1038,10,ลาดพร้าว,Lat Phrao,10230
103802,1038,10,จรเข้บัว,Chorakhe Bua,10230
103901,1039,10,คลองเตยเหนือ,Khlong Toei Nuea,10110
103902,1039,10,คลองตันเหนือ,Khlong Tan Nuea,10110
103903,1039,10,พระโขนงเหนือ,Phra Khanong Nuea,10110
104001,1040,10,บางแค,Bang Khae,10160
104002,1040,10,บางแคเหนือ,Bang Khae Nuea,10160
104003,1040,10,บางไผ่,Bang Phai,10160
104004,1040,10,หลักสอง,Lak Song,10160
104101,1041,10,ทุ่งสองห้อง,Thung Song Hong,10210
104102,1041,10,ตลาดบางเขน,Talat Bang Khen,10210
104201,1042,10,สายไหม,Sai Mai,10220
104202,1042,10,ออเงิน,O Ngoen,10220
104203,1042,10,คลองถนน,Khlong Thanon,10220
104301,1043,10,คันนายาว,Khan Na Yao,10230
104302,1043,10,รามอินทรา,Ram Inthra,10230
104401,1044,10,สะพานสูง,Saphan Sung,10240
104402,1044,10,ราษฎร์พัฒนา,Rat Phatthana,10240
104403,1044,10,ทับช้าง,Thap Chang,10250
104501,1045,10,วังทองหลาง,Wang Thonglang,10310
104502,1045,10,สะพานสอง,Saphan Song,10310
104503,1045,10,คลองเจ้าคุณสิงห์,Khlong Chaokhun Sing,10310
104504,1045,10,พลับพลา,Phlapphla,10310
104601,1046,10,สามวาตะวันตก,Sam Wa Tawan Tok,10510
104602,1046,10,สามวาตะวันออก,Sam Wa Tawan Ok,10510
104603,1046,10,บางชัน,Bang Chan,10510
104604,1046,10,ทรายกองดิน,Sai Kong Din,10510
104605,1046,10,ทรายกองดินใต้,Sai Kong Din Tai,10510
104702,1047,10,บางนาเหนือ,Bang Na Nuea,10260
104703,1047,10,บางนาใต้,Bang Na Tai,10260
104801,1048,10,ทวีวัฒนา,Thawi Watthana ,10170
104802,1048,10,ศาลาธรรมสพน์,Sala Thammasop,10170
104901,1049,10,บางมด,Bang Mot,10140
104902,1049,10,ทุ่งครุ,Thung Khru,10140
105002,1050,10,บางบอนเหนือ,Bang Bon Nuea,10150
105003,1050,10,บางบอนใต้,Bang Bon Tai,10150
105004,1050,10,คลองบางพราน,Khlong Bang Phran,10150
105005,1050,10,คลองบางบอน,Khlong Bang Bon,10150
110101,1101,11,ปากน้ำ,Pak Nam,10270
110102,1101,11,สำโรงเหนือ,Samrong Nuea,10270
110103,1101,11,บางเมือง,Bang Mueang,10270
110104,1101,11,ท้ายบ้าน,Thai Ban,10280
110108,1101,11,บางปูใหม่,Bang Pu Mai,10280
110110,1101,11,แพรกษา,Phraek Sa,10280
110111,1101,11,บางโปรง,Bang Prong,10270
110112,1101,11,บางปู,Bang Pu,10270
110113,1101,11,บางด้วน,Bang Duan,10270
110114,1101,11,บางเมืองใหม่,Bang Mueang Mai,10270
110115,1101,11,เทพารักษ์,Thepharak,10270
110116,1101,11,ท้ายบ้านใหม่,Thai Ban Mai,10280
110117,1101,11,แพรกษาใหม่,Phraek Sa Mai,10280
110201,1102,11,บางบ่อ,Bang Bo,10560
110202,1102,11,บ้านระกาศ,Ban Rakat,10560
110203,1102,11,บางพลีน้อย,Bang Phli Noi,10560
110204,1102,11,บางเพรียง,Bang Phriang,10560
110205,1102,11,คลองด่าน,Khlong Dan,10550
110206,1102,11,คลองสวน,Khlong Suan,10560
110207,1102,11,เปร็ง,Preng,10560
110208,1102,11,คลองนิยมยาตรา,Khlong Niyom Yattra,10560
110301,1103,11,บางพลีใหญ่,Bang Phli Yai,10540
110302,1103,11,บางแก้ว,Bang Kaeo,10540
110303,1103,11,บางปลา,Bang Pla,10540
110304,1103,11,บางโฉลง,Bang Chalong,10540
110308,1103,11,ราชาเทวะ,Racha Thewa,10540
110309,1103,11,หนองปรือ,Nong Prue,10540
110401,1104,11,ตลาด,Talat,10130
110402,1104,11,บางพึ่ง,Bang Phueng,10130
110403,1104,11,บางจาก,Bang Chak,10130
110404,1104,11,บางครุ,Bang Khru,10130
110405,1104,11,บางหญ้าแพรก,Bang Ya Phraek,10130
110406,1104,11,บางหัวเสือ,Bang Hua Suea,10130
110407,1104,11,สำโรงใต้,Samrong Tai,10130
110408,1104,11,บางยอ,Bang Yo,10130
110409,1104,11,บางกะเจ้า,Bang Kachao,10130
110410,1104,11,บางน้ำผึ้ง,Bang Nam Phueng,10130
110411,1104,11,บางกระสอบ,Bang Krasop,10130
110412,1104,11,บางกอบัว,Bang Ko Bua,10130
110413,1104,11,ทรงคนอง,Song Khanong,10130
110414,1104,11,สำโรง,Samrong,10130
110415,1104,11,สำโรงกลาง,Samrong Klang,10130
110501,1105,11,นาเกลือ,Na Kluea,10290
110502,1105,11,บ้านคลองสวน,Ban Khlong Suan,10290
110503,1105,11,แหลมฟ้าผ่า,Laem Fa Pha,10290
110504,1105,11,ปากคลองบางปลากด,Pak Khlong Bang Pla Kot,10290
110505,1105,11,ในคลองบางปลากด,Nai Khlong Bang Pla Kot,10290
110601,1106,11,บางเสาธง,Bang Sao Thong,10570
110602,1106,11,ศีรษะจรเข้น้อย,Sisa Chorakhe Noi,10570
110603,1106,11,ศีรษะจรเข้ใหญ่,Sisa Chorakhe Yai,10570
120101,1201,12,สวนใหญ่,Suan Yai,11000
120102,1201,12,ตลาดขวัญ,Talat Khwan,11000
120103,1201,12,บางเขน,Bang Khen,11000
120104,1201,12,บางกระสอ,Bang Kraso,11000
120105,1201,12,ท่าทราย,Tha Sai,11000
120106,1201,12,บางไผ่,Bang Phai,11000
120107,1201,12,บางศรีเมือง,Bang Si Mueang,11000
120108,1201,12,บางกร่าง,Bang Krang,11000
120109,1201,12,ไทรม้า,Sai Ma,11000
120110,1201,12,บางรักน้อย,Bang Rak Noi,11000
120201,1202,12,วัดชลอ,Wat Chalo,11130
120202,1202,12,บางกรวย,Bang Kruai,11130
120203,1202,12,บางสีทอง,Bang Si Thong,11130
120204,1202,12,บางขนุน,Bang Khanun,11130
120205,1202,12,บางขุนกอง,Bang Khun Kong,11130
120206,1202,12,บางคูเวียง,Bang Khu Wiang,11130
120207,1202,12,มหาสวัสดิ์,Mahasawat,11130
120208,1202,12,ปลายบาง,Plai Bang,11130
120209,1202,12,ศาลากลาง,Sala Klang,11130
120301,1203,12,บางม่วง,Bang Muang,11140
120302,1203,12,บางแม่นาง,Bang Mae Nang,11140
120303,1203,12,บางเลน,Bang Len,11140
120304,1203,12,เสาธงหิน,Sao Thong Hin,11140
120305,1203,12,บางใหญ่,Bang Yai,11140
120306,1203,12,บ้านใหม่,Ban Mai,11140
120401,1204,12,โสนลอย,Sano Loi,11110
120402,1204,12,บางบัวทอง,Bang Bua Thong,11110
120403,1204,12,บางรักใหญ่,Bang Rak Yai,11110
120404,1204,12,บางคูรัด,Bang Khu Rat,11110
120405,1204,12,ละหาร,Lahan,11110
120406,1204,12,ลำโพ,Lam Pho,11110
120407,1204,12,พิมลราช,Phimonrat,11110
120408,1204,12,บางรักพัฒนา,Bang Rak Phatthana,11110
120501,1205,12,ไทรน้อย,Sai Noi,11150
120502,1205,12,ราษฎร์นิยม,Rat Niyom,11150
120503,1205,12,หนองเพรางาย,Nong Phrao Ngai,11150
120504,1205,12,ไทรใหญ่,Sai Yai,11150
120505,1205,12,ขุนศรี,Khun Si,11150
120506,1205,12,คลองขวาง,Khlong Khwang,11150
120507,1205,12,ทวีวัฒนา,Thawi Watthana,11150
120601,1206,12,ปากเกร็ด,Pak Kret,11120
120602,1206,12,บางตลาด,Bang Talat,11120
120603,1206,12,บ้านใหม่,Ban Mai,11120
120604,1206,12,บางพูด,Bang Phut,11120
120605,1206,12,บางตะไนย์,Bang Tanai,11120
120606,1206,12,คลองพระอุดม,Khlong Phra Udom,11120
120607,1206,12,ท่าอิฐ,Tha It,11120
120608,1206,12,เกาะเกร็ด,Ko Kret,11120
120609,1206,12,อ้อมเกร็ด,Om Kret,11120
120610,1206,12,คลองข่อย,Khlong Khoi,11120
120611,1206,12,บางพลับ,Bang Phlap,11120
120612,1206,12,คลองเกลือ,Khlong Kluea,11120
130101,1301,13,บางปรอก,Bang Prok,12000
130102,1301,13,บ้านใหม่,Ban Mai,12000
130103,1301,13,บ้านกลาง,Ban Klang,12000
130104,1301,13,บ้านฉาง,Ban Chang,12000
130105,1301,13,บ้านกระแชง,Ban Krachaeng,12000
130106,1301,13,บางขะแยง,Bang Khayaeng,12000
130107,1301,13,บางคูวัด,Bang Khu Wat,12000
130108,1301,13,บางหลวง,Bang Luang,12000
130109,1301,13,บางเดื่อ,Bang Duea,12000
130110,1301,13,บางพูด,Bang Phut,12000
130111,1301,13,บางพูน,Bang Phun,12000
130112,1301,13,บางกะดี,Bang Kadi,12000
130113,1301,13,สวนพริกไทย,Suan Phrik Thai,12000
130114,1301,13,หลักหก,Lak Hok,12000
130201,1302,13,คลองหนึ่ง,Khlong Nueng,12120
130202,1302,13,คลองสอง,Khlong Song,12120
130203,1302,13,คลองสาม,Khlong Sam,12120
130204,1302,13,คลองสี่,Khlong Si,12120
130205,1302,13,คลองห้า,Khlong Ha,12120
130206,1302,13,คลองหก,Khlong Hok,12120
130207,1302,13,คลองเจ็ด,Khlong Chet,12120
130301,1303,13,ประชาธิปัตย์,Pracha Thipat,12130
130302,1303,13,บึงยี่โถ,Bueng Yitho,12130
130303,1303,13,รังสิต,Rangsit,12110
130304,1303,13,ลำผักกูด,Lam Phak Kut,12110
130305,1303,13,บึงสนั่น,Bueng Sanan,12110
130306,1303,13,บึงน้ำรักษ์,Bueng Nam Rak,12110
130401,1304,13,บึงบา,Bueng Ba,12170
130402,1304,13,บึงบอน,Bueng Bon,12170
130403,1304,13,บึงกาสาม,Bueng Ka Sam,12170
130404,1304,13,บึงชำอ้อ,Bueng Cham O,12170
130405,1304,13,หนองสามวัง,Nong Sam Wang,12170
130406,1304,13,ศาลาครุ,Sala Khru,12170
130407,1304,13,นพรัตน์,Noppharat,12170
130501,1305,13,ระแหง,Rahaeng,12140
130502,1305,13,ลาดหลุมแก้ว,Lat Lum Kaeo,12140
130503,1305,13,คูบางหลวง,Khu Bang Luang,12140
130504,1305,13,คูขวาง,Khu Khwang,12140
130505,1305,13,คลองพระอุดม,Khlong Phra Udom,12140
130506,1305,13,บ่อเงิน,Bo Ngoen,12140
130507,1305,13,หน้าไม้,Na Mai,12140
130601,1306,13,คูคต,Khu Khot,12130
130602,1306,13,ลาดสวาย,Lat Sawai,12150
130603,1306,13,บึงคำพร้อย,Bueng Kham Phoi,12150
130604,1306,13,ลำลูกกา,Lam Luk Ka,12150
130605,1306,13,บึงทองหลาง,Bueng Thong Lang,12150
130606,1306,13,ลำไทร,Lam Sai,12150
130607,1306,13,บึงคอไห,Bueng Kho Hai,12150
130608,1306,13,พืชอุดม,Phuet Udom,12150
130701,1307,13,บางเตย,Bang Toei,12160
130702,1307,13,คลองควาย,Khlong Khwai,12160
130703,1307,13,สามโคก,Sam Khok,12160
130704,1307,13,กระแชง,Krachaeng,12160
130705,1307,13,บางโพธิ์เหนือ,Bang Pho Nuea,12160
130706,1307,13,เชียงรากใหญ่,Chiang Rak Yai,12160
130707,1307,13,บ้านปทุม,Ban Pathum,12160
130708,1307,13,บ้านงิ้ว,Ban Ngio,12160
130709,1307,13,เชียงรากน้อย,Chiang Rak Noi,12160
130710,1307,13,บางกระบือ,Bang Krabue,12160
130711,1307,13,ท้ายเกาะ,Thai Ko,12160
140101,1401,14,ประตูชัย,Pratu Chai,13000
140102,1401,14,กะมัง,Kamang,13000
140103,1401,14,หอรัตนไชย,Ho Rattana Chai,13000
140104,1401,14,หัวรอ,Hua Ro,13000
140105,1401,14,ท่าวาสุกรี,Tha Wasukri,13000
140106,1401,14,ไผ่ลิง,Phai Ling,13000
140107,1401,14,ปากกราน,Pak Kran,13000
140108,1401,14,ภูเขาทอง,Phu Khao Thong,13000
140109,1401,14,สำเภาล่ม,Samphao Lom,13000
140110,1401,14,สวนพริก,Suan Phrik,13000
140111,1401,14,คลองตะเคียน,Khlong Takhian,13000
140112,1401,14,วัดตูม,Wat Tum,13000
140113,1401,14,หันตรา,Han Tra,13000
140114,1401,14,ลุมพลี,Lumphli,13000
140115,1401,14,บ้านใหม่,Ban Mai,13000
140116,1401,14,บ้านเกาะ,Ban Ko,13000
140117,1401,14,คลองสวนพลู,Khlong Suan Phu,13000
140118,1401,14,คลองสระบัว,Khlong Sa Bua,13000
140119,1401,14,เกาะเรียน,Ko Rian,13000
140120,1401,14,บ้านป้อม,Ban Pom,13000
140121,1401,14,บ้านรุน,Ban Run,13000
140201,1402,14,ท่าเรือ,Tha Ruea,13130
140202,1402,14,จำปา,Champa,13130
140203,1402,14,ท่าหลวง,Tha Luang,13130
140204,1402,14,บ้านร่อม,Ban Rom,13130
140205,1402,14,ศาลาลอย,Sala Loi,13130
140206,1402,14,วังแดง,Wang Daeng,13130
140207,1402,14,โพธิ์เอน,Pho En,13130
140208,1402,14,ปากท่า,Pak Tha,13130
140209,1402,14,หนองขนาก,Nong Khanak,13130
140210,1402,14,ท่าเจ้าสนุก,Tha Chao Sanuk,13130
140301,1403,14,นครหลวง,Nakhon Luang,13260
140302,1403,14,ท่าช้าง,Tha Chang,13260
140303,1403,14,บ่อโพง,Bo Phong,13260
140304,1403,14,บ้านชุ้ง,Ban Chung,13260
140305,1403,14,ปากจั่น,Pak Chan,13260
140306,1403,14,บางระกำ,Bang Rakam,13260
140307,1403,14,บางพระครู,Bang Phrakhru,13260
140308,1403,14,แม่ลา,Mae La,13260
140309,1403,14,หนองปลิง,Nong Pling,13260
140310,1403,14,คลองสะแก,Khlong Sakae,13260
140311,1403,14,สามไถ,Sam Thai,13260
140312,1403,14,พระนอน,Phra Non,13260
140401,1404,14,บางไทร,Bang Sai,13190
140402,1404,14,บางพลี,Bang Phli,13190
140403,1404,14,สนามชัย,Sanam Chai,13190
140404,1404,14,บ้านแป้ง,Ban Paeng,13190
140405,1404,14,หน้าไม้,Na Mai,13190
140406,1404,14,บางยี่โท,Bang Yitho,13190
140407,1404,14,แคออก,Khae Ok,13190
140408,1404,14,แคตก,Khae Tok,13190
140409,1404,14,ช่างเหล็ก,Chang Lek,13190
140410,1404,14,กระแชง,Krachaeng,13190
140411,1404,14,บ้านกลึง,Ban Klueng,13190
140412,1404,14,ช้างน้อย,Chang Noi,13190
140413,1404,14,ห่อหมก,Ho Mok,13190
140414,1404,14,ไผ่พระ,Phai Phra,13190
140415,1404,14,กกแก้วบูรพา,Kok Kaeo Burapha,13190
140416,1404,14,ไม้ตรา,Mai Tra,13190
140417,1404,14,บ้านม้า,Ban Ma,13190
140418,1404,14,บ้านเกาะ,Ban Ko,13190
140419,1404,14,ราชคราม,Ratchakhram,13290
140420,1404,14,ช้างใหญ่,Chang Yai,13290
140421,1404,14,โพแตง,Po Tang,13290
140422,1404,14,เชียงรากน้อย,Chiang Rak Noi,13290
140423,1404,14,โคกช้าง,Khok Chang,13190
140501,1405,14,บางบาล,Bang Ban,13250
140502,1405,14,วัดยม,Wat Yom,13250
140503,1405,14,ไทรน้อย,Sai Noi,13250
140504,1405,14,สะพานไทย,Saphan Thai,13250
140505,1405,14,มหาพราหมณ์,Mahaphram,13250
140506,1405,14,กบเจา,Kop Chao,13250
140507,1405,14,บ้านคลัง,Ban Khlang,13250
140508,1405,14,พระขาว,Phra Khao,13250
140509,1405,14,น้ำเต้า,Namtao,13250
140510,1405,14,ทางช้าง,Thang Chang,13250
140511,1405,14,วัดตะกู,Wat Taku,13250
140512,1405,14,บางหลวง,Bang Luang,13250
140513,1405,14,บางหลวงโดด,Bang Luang Dot,13250
140514,1405,14,บางหัก,Bang Hak,13250
140515,1405,14,บางชะนี,Bang Chani,13250
140516,1405,14,บ้านกุ่ม,Ban Kum,13250
140601,1406,14,บ้านเลน,Ban Len,13160
140602,1406,14,เชียงรากน้อย,Chiang Rak Noi,13180
140603,1406,14,บ้านโพ,Ban Pho,13160
140604,1406,14,บ้านกรด,Ban Krot,13160
140605,1406,14,บางกระสั้น,Bang Krasan,13160
140606,1406,14,คลองจิก,Khlong Chik,13160
140607,1406,14,บ้านหว้า,Ban Wa,13160
140608,1406,14,วัดยม,Wat Yom,13160
140609,1406,14,บางประแดง,Bang Pradaeng,13160
140610,1406,14,สามเรือน,Sam Ruean,13160
140611,1406,14,เกาะเกิด,Ko Koet,13160
140612,1406,14,บ้านพลับ,Ban Phlap,13160
140613,1406,14,บ้านแป้ง,Ban Paeng,13160
140614,1406,14,คุ้งลาน,Khung Lan,13160
140615,1406,14,ตลิ่งชัน,Taling Chan,13160
140616,1406,14,บ้านสร้าง,Ban Sang,13170
140617,1406,14,ตลาดเกรียบ,Talat Kriap,13160
140618,1406,14,ขนอนหลวง,Khanon Luang,13160
140701,1407,14,บางปะหัน,Bang Pahan,13220
140702,1407,14,ขยาย,Khayai,13220
140703,1407,14,บางเดื่อ,Bang Duea,13220
140704,1407,14,เสาธง,Sao Thong,13220
140705,1407,14,ทางกลาง,Thang Klang,13220
140706,1407,14,บางเพลิง,Bang Phloeng,13220
140707,1407,14,หันสัง,Han Sang,13220
140708,1407,14,บางนางร้า,Bang Nang Ra,13220
140709,1407,14,ตานิม,Tanim,13220
140710,1407,14,ทับน้ำ,Thap Nam,13220
140711,1407,14,บ้านม้า,Ban Ma,13220
140712,1407,14,ขวัญเมือง,Khwan Mueang,13220
140713,1407,14,บ้านลี่,Ban Li,13220
140714,1407,14,โพธิ์สามต้น,Pho Sam Ton,13220
140715,1407,14,พุทเลา,Phut Lao,13220
140716,1407,14,ตาลเอน,Tan En,13220
140717,1407,14,บ้านขล้อ,Ban Khlo,13220
140801,1408,14,ผักไห่,Phak Hai,13120
140802,1408,14,อมฤต,Ammarit,13120
140803,1408,14,บ้านแค,Ban Khae,13120
140804,1408,14,ลาดน้ำเค็ม,Lat Nam Khem,13120
140805,1408,14,ตาลาน,Ta Lan,13120
140806,1408,14,ท่าดินแดง,Tha Din Daeng,13120
140807,1408,14,ดอนลาน,Don Lan,13280
140808,1408,14,นาคู,Na Khu,13280
140809,1408,14,กุฎี,Ku Di,13120
140810,1408,14,ลำตะเคียน,Lam Takhian,13280
140811,1408,14,โคกช้าง,Khok Chang,13120
140812,1408,14,จักราช,Chakkarat,13280
140813,1408,14,หนองน้ำใหญ่,Nong Nam Yai,13280
140814,1408,14,ลาดชิด,Lat Chit,13120
140815,1408,14,หน้าโคก,Na Khok,13120
140816,1408,14,บ้านใหญ่,Ban Yai,13120
140901,1409,14,ภาชี,Phachi,13140
140902,1409,14,โคกม่วง,Khok Muang,13140
140903,1409,14,ระโสม,Rasom,13140
140904,1409,14,หนองน้ำใส,Nong Nam Sai,13140
140905,1409,14,ดอนหญ้านาง,Don Ya Nang,13140
140906,1409,14,ไผ่ล้อม,Phai Lom,13140
140907,1409,14,กระจิว,Krachio,13140
140908,1409,14,พระแก้ว,Phra Kaeo,13140
141001,1410,14,ลาดบัวหลวง,Lat Bua Luang,13230
141002,1410,14,หลักชัย,Lak Chai,13230
141003,1410,14,สามเมือง,Sam Mueang,13230
141004,1410,14,พระยาบันลือ,Phraya Banlue,13230
141005,1410,14,สิงหนาท,Singhanat,13230
141006,1410,14,คู้สลอด,Khu Salot,13230
141007,1410,14,คลองพระยาบันลือ,Khlong Phraya Banlue,13230
141101,1411,14,ลำตาเสา,Lam Ta Sao,13170
141102,1411,14,บ่อตาโล่,Bo Ta Lo,13170
141103,1411,14,วังน้อย,Wang Noi,13170
141104,1411,14,ลำไทร,Lam Sai,13170
141105,1411,14,สนับทึบ,Sanap Thuep,13170
141106,1411,14,พยอม,Phayom,13170
141107,1411,14,หันตะเภา,Han Taphao,13170
141108,1411,14,วังจุฬา,Wang Chula,13170
141109,1411,14,ข้าวงาม,Khao Ngam,13170
141110,1411,14,ชะแมบ,Chamaep,13170
141201,1412,14,เสนา,Sena,13110
141202,1412,14,บ้านแพน,Ban Phaen,13110
141203,1412,14,เจ้าเจ็ด,Chao Chet,13110
141204,1412,14,สามกอ,Sam Ko,13110
141205,1412,14,บางนมโค,Bang Nom Kho,13110
141206,1412,14,หัวเวียง,Hua Wiang,13110
141207,1412,14,มารวิชัย,Man Wichai,13110
141208,1412,14,บ้านโพธิ์,Ban Pho,13110
141209,1412,14,รางจรเข้,Rang Chorakhe,13110
141210,1412,14,บ้านกระทุ่ม,Ban Krathum,13110
141211,1412,14,บ้านแถว,Ban Thaeo,13110
141212,1412,14,ชายนา,Chai Na,13110
141213,1412,14,สามตุ่ม,Sam Tum,13110
141214,1412,14,ลาดงา,Lat Nga,13110
141215,1412,14,ดอนทอง,Don Thong,13110
141216,1412,14,บ้านหลวง,Ban Luang,13110
141217,1412,14,เจ้าเสด็จ,Chao Sadet,13110
141301,1413,14,บางซ้าย,Bang Sai,13270
141302,1413,14,แก้วฟ้า,Kaeo Fa,13270
141303,1413,14,เต่าเล่า,Tao Lao,13270
141304,1413,14,ปลายกลัด,Plai Klat,13270
141305,1413,14,เทพมงคล,Thep Mongkhon,13270
141306,1413,14,วังพัฒนา,Wang Phatthana,13270
141401,1414,14,คานหาม,Khan Ham,13210
141402,1414,14,บ้านช้าง,Ban Chang,13210
141403,1414,14,สามบัณฑิต,Sam Bandit,13210
141404,1414,14,บ้านหีบ,Ban Hip,13210
141405,1414,14,หนองไม้ซุง,Nong Mai Sung,13210
141406,1414,14,อุทัย,Uthai,13210
141407,1414,14,เสนา,Sena,13210
141408,1414,14,หนองน้ำส้ม,Nong Nam Som,13210
141409,1414,14,โพสาวหาญ,Pho Sao Han,13210
141410,1414,14,ธนู,Thanu,13210
141411,1414,14,ข้าวเม่า,Khao Mao,13210
141501,1415,14,หัวไผ่,Hua Phai,13150
141502,1415,14,กะทุ่ม,Kathum,13150
141503,1415,14,มหาราช,Maharat,13150
141504,1415,14,น้ำเต้า,Namtao,13150
141505,1415,14,บางนา,Bang Na,13150
141506,1415,14,โรงช้าง,Rong Chang,13150
141507,1415,14,เจ้าปลุก,Chao Pluk,13150
141508,1415,14,พิตเพียน,Phit Phian,13150
141509,1415,14,บ้านนา,Ban Na,13150
141510,1415,14,บ้านขวาง,Ban Khwang,13150
141511,1415,14,ท่าตอ,Tha To,13150
141512,1415,14,บ้านใหม่,Ban Mai,13150
141601,1416,14,บ้านแพรก,Ban Phraek,13240
141602,1416,14,บ้านใหม่,Ban Mai,13240
141603,1416,14,สำพะเนียง,Sam Phaniang,13240
141604,1416,14,คลองน้อย,Khlong Noi,13240
141605,1416,14,สองห้อง,Song Hong,13240
150101,1501,15,ตลาดหลวง,Talat Luang,14000
150102,1501,15,บางแก้ว,Bang Kaeo,14000
150103,1501,15,ศาลาแดง,Sala Daeng,14000
150104,1501,15,ป่างิ้ว,Pa Ngio,14000
150105,1501,15,บ้านแห,Ban Hae,14000
150106,1501,15,ตลาดกรวด,Talat Kruat,14000
150107,1501,15,มหาดไทย,Mahatthai,14000
150108,1501,15,บ้านอิฐ,Ban It,14000
150109,1501,15,หัวไผ่,Hua Phai,14000
150110,1501,15,จำปาหล่อ,Champa Lo,14000
150111,1501,15,โพสะ,Pho Sa,14000
150112,1501,15,บ้านรี,Ban Ri,14000
150113,1501,15,คลองวัว,Khlong Wua,14000
150114,1501,15,ย่านซื่อ,Yan Sue,14000
150201,1502,15,จรเข้ร้อง,Chorakhe Rong,14140
150202,1502,15,ไชยภูมิ,Chaiyaphum,14140
150203,1502,15,ชัยฤทธิ์,Chaiyarit,14140
150204,1502,15,เทวราช,Thewarat,14140
150205,1502,15,ราชสถิตย์,Ratsathit,14140
150206,1502,15,ไชโย,Chaiyo,14140
150207,1502,15,หลักฟ้า,Lak Fa,14140
150208,1502,15,ชะไว,Chawai,14140
150209,1502,15,ตรีณรงค์,Tri Narong,14140
150301,1503,15,บางปลากด,Bang Pla Kot,14130
150302,1503,15,ป่าโมก,Pa Mok,14130
150303,1503,15,สายทอง,Sai Thong,14130
150304,1503,15,โรงช้าง,Rong Chang,14130
150305,1503,15,บางเสด็จ,Bang Sadet,14130
150306,1503,15,นรสิงห์,Norasing,14130
150307,1503,15,เอกราช,Ekkarat,14130
150308,1503,15,โผงเผง,Phong Pheng,14130
150401,1504,15,อ่างแก้ว,Ang Kaeo,14120
150402,1504,15,อินทประมูล,Inthapramun,14120
150403,1504,15,บางพลับ,Bang Phlap,14120
150404,1504,15,หนองแม่ไก่,Nong Mae Kai,14120
150405,1504,15,รำมะสัก,Ram Masak,14120
150406,1504,15,บางระกำ,Bang Rakam,14120
150407,1504,15,โพธิ์รังนก,Pho Rang Nok,14120
150408,1504,15,องครักษ์,Ongkharak,14120
150409,1504,15,โคกพุทรา,Khok Phutsa,14120
150410,1504,15,ยางช้าย,Yang Chai,14120
150411,1504,15,บ่อแร่,Bo Rae,14120
150412,1504,15,ทางพระ,Thang Phra,14120
150413,1504,15,สามง่าม,Sam Ngam,14120
150414,1504,15,บางเจ้าฉ่า,Bang Chao Cha,14120
150415,1504,15,คำหยาด,Kham Yat,14120
150501,1505,15,แสวงหา,Sawaeng Ha,14150
150502,1505,15,ศรีพราน,Si Phran,14150
150503,1505,15,บ้านพราน,Ban Phran,14150
150504,1505,15,วังน้ำเย็น,Wang Nam Yen,14150
150505,1505,15,สีบัวทอง,Si Bua Thong,14150
150506,1505,15,ห้วยไผ่,Huai Phai,14150
150507,1505,15,จำลอง,Chamlong,14150
150601,1506,15,ไผ่จำศิล,Phai Chamsin,14110
150602,1506,15,ศาลเจ้าโรงทอง,San Chao Rong Thong,14110
150603,1506,15,ไผ่ดำพัฒนา,Phai Dam Patthana,14110
150604,1506,15,สาวร้องไห้,Sao Rong Hai,14110
150605,1506,15,ท่าช้าง,Tha Chang,14110
150606,1506,15,ยี่ล้น,Yi Lon,14110
150607,1506,15,บางจัก,Bang Chak,14110
150608,1506,15,ห้วยคันแหลน,Huai Khan Laen,14110
150609,1506,15,คลองขนาก,Khlong Khanak,14110
150610,1506,15,ไผ่วง,Phai Wong,14110
150611,1506,15,สี่ร้อย,Si Roi,14110
150612,1506,15,ม่วงเตี้ย,Muang Tia,14110
150613,1506,15,หัวตะพาน,Hua Taphan,14110
150614,1506,15,หลักแก้ว,Lak Kaeo,14110
150615,1506,15,ตลาดใหม่,Talat Mai,14110
150701,1507,15,สามโก้,Sam Ko,14160
150702,1507,15,ราษฎรพัฒนา,Ratsadon Phatthana,14160
150703,1507,15,อบทม,Optom,14160
150704,1507,15,โพธิ์ม่วงพันธ์,Pho Muang Phan,14160
150705,1507,15,มงคลธรรมนิมิต,Mongkhontham Nimit,14160
160101,1601,16,ทะเลชุบศร,Thale Chup Son,15000
160102,1601,16,ท่าหิน,Tha Hin,15000
160103,1601,16,กกโก,Kok Ko,15000
160104,1601,16,โก่งธนู,Kong Thanu,13240
160105,1601,16,เขาพระงาม,Khao Phra Ngam,15000
160106,1601,16,เขาสามยอด,Khao Sam Yot,15000
160107,1601,16,โคกกะเทียม,Khok Kathiam,15000
160108,1601,16,โคกลำพาน,Khok Lamphan,15000
160109,1601,16,โคกตูม,Khok Tum,15210
160110,1601,16,งิ้วราย,Ngio Rai,15000
160111,1601,16,ดอนโพธิ์,Don Pho,15000
160112,1601,16,ตะลุง,Talung,15000
160114,1601,16,ท่าแค,Tha Khae,15000
160115,1601,16,ท่าศาลา,Tha Sala,15000
160116,1601,16,นิคมสร้างตนเอง,Nikhom Sang Ton-Eng,15000
160117,1601,16,บางขันหมาก,Bang Khan Mak,15000
160118,1601,16,บ้านข่อย,Ban Khoi,15000
160119,1601,16,ท้ายตลาด,Thai Talat,15000
160120,1601,16,ป่าตาล,Pa Tan,15000
160121,1601,16,พรหมมาสตร์,Phrommat,15000
160122,1601,16,โพธิ์เก้าต้น,Pho Kao Ton,15000
160123,1601,16,โพธิ์ตรุ,Pho Tru,15000
160124,1601,16,สี่คลอง,Si Khlong,15000
160125,1601,16,ถนนใหญ่,Thanon Yai,15000
160201,1602,16,พัฒนานิคม,Phatthana Nikhom,15140
160202,1602,16,ช่องสาริกา,Chong Sarika,15220
160203,1602,16,มะนาวหวาน,Manao Wan,15140
160204,1602,16,ดีลัง,Di Lang,15220
160205,1602,16,โคกสลุง,Khok Salung,15140
160206,1602,16,ชอนน้อย,Chon Noi,15140
160207,1602,16,หนองบัว,Nong Bua,15140
160208,1602,16,ห้วยขุนราม,Huai Khun Ram,18220
160209,1602,16,น้ำสุด,Nam Sut,15140
160301,1603,16,โคกสำโรง,Khok Samrong,15120
160302,1603,16,เกาะแก้ว,Ko Kaeo,15120
160303,1603,16,ถลุงเหล็ก,Thalung Lek,15120
160304,1603,16,หลุมข้าว,Lum Khao,15120
160305,1603,16,ห้วยโป่ง,Huai Pong,15120
160306,1603,16,คลองเกตุ,Khlong Ket,15120
160307,1603,16,สะแกราบ,Sakae Rap,15120
160308,1603,16,เพนียด,Phaniat,15120
160309,1603,16,วังเพลิง,Wang Phloeng,15120
160310,1603,16,ดงมะรุม,Dong Marum,15120
160318,1603,16,วังขอนขว้าง,Wang Khon Khwang,15120
160320,1603,16,วังจั่น,Wang Chan,15120
160322,1603,16,หนองแขม,Nong Khaem,15120
160401,1604,16,ลำนารายณ์,Lam Narai,15130
160402,1604,16,ชัยนารายณ์,Chai Narai,15130
160403,1604,16,ศิลาทิพย์,Sila Thip,15130
160404,1604,16,ห้วยหิน,Huai Hin,15130
160405,1604,16,ม่วงค่อม,Muang Khom,15230
160406,1604,16,บัวชุม,Bua Chum,15130
160407,1604,16,ท่าดินดำ,Tha Din Dam,15130
160408,1604,16,มะกอกหวาน,Makok Wan,15230
160409,1604,16,ซับตะเคียน,Sap Takhian,15130
160410,1604,16,นาโสม,Na Som,15190
160411,1604,16,หนองยายโต๊ะ,Nong Yai To,15130
160412,1604,16,เกาะรัง,Ko Rang,15130
160414,1604,16,ท่ามะนาว,Tha Manao,15130
160417,1604,16,นิคมลำนารายณ์,Nikhom Lam Narai,15130
160418,1604,16,ชัยบาดาล,Chai Badan,15230
160419,1604,16,บ้านใหม่สามัคคี,Ban Mai Samakkhi,15130
160422,1604,16,เขาแหลม,Khao Laem,15130
160501,1605,16,ท่าวุ้ง,Tha Wung,15150
160502,1605,16,บางคู้,Bang Khu,15150
160503,1605,16,โพตลาดแก้ว,Pho Talat Kaeo,15150
160504,1605,16,บางลี่,Bang Li,15150
160505,1605,16,บางงา,Bang Nga,15150
160506,1605,16,โคกสลุด,Khok Salut,15150
160507,1605,16,เขาสมอคอน,Khao Samo Khon,15180
160508,1605,16,หัวสำโรง,Hua Samrong,15150
160509,1605,16,ลาดสาลี่,Lat Sali,15150
160510,1605,16,บ้านเบิก,Ban Boek,15150
160511,1605,16,มุจลินท์,Mutchalin,15150
160601,1606,16,ไผ่ใหญ่,Phai Yai,15110
160602,1606,16,บ้านทราย,Ban Sai,15110
160603,1606,16,บ้านกล้วย,Ban Kluai,15110
160604,1606,16,ดงพลับ,Dong Phlap,15110
160605,1606,16,บ้านชี,Ban Chi,15180
160606,1606,16,พุคา,Phu Kha,15110
160607,1606,16,หินปัก,Hin Pak,15110
160608,1606,16,บางพึ่ง,Bang Phueng,15110
160609,1606,16,หนองทรายขาว,Nong Sai Khao,15110
160610,1606,16,บางกะพี้,Bang Kaphi,15110
160611,1606,16,หนองเต่า,Nong Tao,15110
160612,1606,16,โพนทอง,Phon Thong,15110
160613,1606,16,บางขาม,Bang Kham,15180
160614,1606,16,ดอนดึง,Don Dueng,15110
160615,1606,16,ชอนม่วง,Chon Muang,15110
160616,1606,16,หนองกระเบียน,Nong Krabian,15110
160617,1606,16,สายห้วยแก้ว,Sai Huai Kaeo,15110
160618,1606,16,มหาสอน,Mahason,15110
160619,1606,16,บ้านหมี่,Ban Mi,15110
160620,1606,16,เชียงงา,Chiang Nga,15110
160621,1606,16,หนองเมือง,Nong Mueang,15110
160622,1606,16,สนามแจง,Sanam Chaeng,15110
160701,1607,16,ท่าหลวง,Tha Luang,15230
160702,1607,16,แก่งผักกูด,Kaeng Phak Kut,15230
160703,1607,16,ซับจำปา,Sap Champa,15230
160704,1607,16,หนองผักแว่น,Nong Phak Waen,15230
160705,1607,16,ทะเลวังวัด,Thale Wang Wat,15230
160706,1607,16,หัวลำ,Hua Lam,15230
160801,1608,16,สระโบสถ์,Sa Bot,15240
160802,1608,16,มหาโพธิ,Mahapho,15240
160803,1608,16,ทุ่งท่าช้าง,Thung Tha Chang,15240
160804,1608,16,ห้วยใหญ่,Huai Yai,15240
160805,1608,16,นิยมชัย,Niyom Chai,15240
160901,1609,16,โคกเจริญ,Khok Charoen,15250
160902,1609,16,ยางราก,Yang Rak,15250
160903,1609,16,หนองมะค่า,Nong Makha,15250
160904,1609,16,วังทอง,Wang Thong,15250
160905,1609,16,โคกแสมสาร,Khok Samae San,15250
161001,1610,16,ลำสนธิ,Lam Sonthi,15190
161002,1610,16,ซับสมบูรณ์,Sap Sombun,15190
161003,1610,16,หนองรี,Nong Ri,15190
161004,1610,16,กุดตาเพชร,Kut Ta Phet,15190
161005,1610,16,เขารวก,Khao Ruak,15190
161006,1610,16,เขาน้อย,Khao Noi,15130
161101,1611,16,หนองม่วง,Nong Muang,15170
161102,1611,16,บ่อทอง,Bo Thong,15170
161103,1611,16,ดงดินแดง,Dong Din Daeng,15170
161104,1611,16,ชอนสมบูรณ์,Chon Sombun,15170
161105,1611,16,ยางโทน,Yang Thon,15170
161106,1611,16,ชอนสารเดช,Chon Saradet,15170
170101,1701,17,บางพุทรา,Bang Phutsa,16000
170102,1701,17,บางมัญ,Bang Man,16000
170103,1701,17,โพกรวม,Phok Ruam,16000
170104,1701,17,ม่วงหมู่,Muang Mu,16000
170105,1701,17,หัวไผ่,Hua Phai,16000
170106,1701,17,ต้นโพธิ์,Ton Pho,16000
170107,1701,17,จักรสีห์,Chaksi,16000
170108,1701,17,บางกระบือ,Bang Krabue,16000
170201,1702,17,สิงห์,Sing,16130
170202,1702,17,ไม้ดัด,Mai Dat,16130
170203,1702,17,เชิงกลัด,Choeng Klat,16130
170204,1702,17,โพชนไก่,Pho Chon Kai,16130
170205,1702,17,แม่ลา,Mae La,16130
170206,1702,17,บ้านจ่า,Ban Cha,16130
170207,1702,17,พักทัน,Phak Than,16130
170208,1702,17,สระแจง,Sa Chaeng,16130
170301,1703,17,โพทะเล,Pho Thale,16150
170302,1703,17,บางระจัน,Bang Rachan,16150
170303,1703,17,โพสังโฆ,Pho Sangkho,16150
170304,1703,17,ท่าข้าม,Tha Kham,16150
170305,1703,17,คอทราย,Kho Sai,16150
170306,1703,17,หนองกระทุ่ม,Nong Krathum,16150
170401,1704,17,พระงาม,Phra Ngam,16120
170402,1704,17,พรหมบุรี,Phrom Buri,16160
170403,1704,17,บางน้ำเชี่ยว,Bang Nam Chiao,16120
170404,1704,17,บ้านหม้อ,Ban Mo,16120
170405,1704,17,บ้านแป้ง,Ban Paeng,16120
170406,1704,17,หัวป่า,Hua Pa,16120
170407,1704,17,โรงช้าง,Rong Chang,16120
170501,1705,17,ถอนสมอ,Thon Samo,16140
170502,1705,17,โพประจักษ์,Pho Prachak,16140
170503,1705,17,วิหารขาว,Wihan Khao,16140
170504,1705,17,พิกุลทอง,Phikun Thong,16140
170601,1706,17,อินทร์บุรี,In Buri,16110
170602,1706,17,ประศุก,Prasuk,16110
170603,1706,17,ทับยา,Thap Ya,16110
170604,1706,17,งิ้วราย,Ngio Rai,16110
170605,1706,17,ชีน้ำร้าย,Chi Nam Rai,16110
170606,1706,17,ท่างาม,Tha Ngam,16110
170607,1706,17,น้ำตาล,Namtan,16110
170608,1706,17,ทองเอน,Thong En,16110
170609,1706,17,ห้วยชัน,Huai Chan,16110
170610,1706,17,โพธิ์ชัย,Pho Chai,16110
180101,1801,18,ในเมือง,Nai Mueang,17000
180102,1801,18,บ้านกล้วย,Ban Kluai,17000
180103,1801,18,ท่าชัย,Tha Chai,17000
180104,1801,18,ชัยนาท,Chai Nat,17000
180105,1801,18,เขาท่าพระ,Khao Tha Phra,17000
180106,1801,18,หาดท่าเสา,Hat Tha Sao,17000
180107,1801,18,ธรรมามูล,Thammamun,17000
180108,1801,18,เสือโฮก,Suea Hok,17000
180109,1801,18,นางลือ,Nang Lue,17000
180201,1802,18,คุ้งสำเภา,Khung Samphao,17110
180202,1802,18,วัดโคก,Wat Khok,17110
180203,1802,18,ศิลาดาน,Sila Dan,17110
180204,1802,18,ท่าฉนวน,Tha Chanuan,17110
180205,1802,18,หางน้ำสาคร,Hang Nam Sakhon,17170
180206,1802,18,ไร่พัฒนา,Rai Phatthana,17170
180207,1802,18,อู่ตะเภา,U Taphao,17170
180301,1803,18,วัดสิงห์,Wat Sing,17120
180302,1803,18,มะขามเฒ่า,Makham Thao,17120
180303,1803,18,หนองน้อย,Nong Noi,17120
180304,1803,18,หนองบัว,Nong Bua,17120
180306,1803,18,หนองขุ่น,Nong Khun,17120
180307,1803,18,บ่อแร่,Bo Rae,17120
180311,1803,18,วังหมัน,Wang Man,17120
180401,1804,18,สรรพยา,Sapphaya,17150
180402,1804,18,ตลุก,Taluk,17150
180403,1804,18,เขาแก้ว,Khao Kaeo,17150
180404,1804,18,โพนางดำตก,Pho Nang Dam Tok,17150
180405,1804,18,โพนางดำออก,Pho Nang Dam Ok,17150
180406,1804,18,บางหลวง,Bang Luang,17150
180407,1804,18,หาดอาษา,Hat A Sa,17150
180501,1805,18,แพรกศรีราชา,Phraek Si Racha,17140
180502,1805,18,เที่ยงแท้,Thiang Thae,17140
180503,1805,18,ห้วยกรด,Huai Krot,17140
180504,1805,18,โพงาม,Pho Ngam,17140
180505,1805,18,บางขุด,Bang Khut,17140
180506,1805,18,ดงคอน,Dong Khon,17140
180507,1805,18,ดอนกำ,Don Kam,17140
180508,1805,18,ห้วยกรดพัฒนา,Huai Krot Phatthana,17140
180601,1806,18,หันคา,Han Kha,17130
180602,1806,18,บ้านเชี่ยน,Ban Chian,17130
180605,1806,18,ไพรนกยูง,Phrai Nok Yung,17130
180606,1806,18,หนองแซง,Nong Saeng,17160
180607,1806,18,ห้วยงู,Huai Ngu,17160
180608,1806,18,วังไก่เถื่อน,Wang Kai Thuean,17130
180609,1806,18,เด่นใหญ่,Den Yai,17130
180611,1806,18,สามง่ามท่าโบสถ์,Sam Ngam Tha Bot,17160
180701,1807,18,หนองมะโมง,Nong Mamong,17120
180702,1807,18,วังตะเคียน,Wang Takhian,17120
180703,1807,18,สะพานหิน,Saphan Hin,17120
180704,1807,18,กุดจอก,Kut Chok,17120
180801,1808,18,เนินขาม,Noen Kham,17130
180802,1808,18,กะบกเตี้ย,Kabok Tia,17130
180803,1808,18,สุขเดือนห้า,Suk Duean Ha,17130
190101,1901,19,ปากเพรียว,Pak Phriao,18000
190105,1901,19,ดาวเรือง,Dao Rueang,18000
190106,1901,19,นาโฉง,Na Chong,18000
190107,1901,19,โคกสว่าง,Khok Sawang,18000
190108,1901,19,หนองโน,Nong No,18000
190109,1901,19,หนองยาว,Nong Yao,18000
190110,1901,19,ปากข้าวสาร,Pak Khao San,18000
190111,1901,19,หนองปลาไหล,Nong Pla Lai,18000
190112,1901,19,กุดนกเปล้า,Kut Nok Plao,18000
190113,1901,19,ตลิ่งชัน,Taling Chan,18000
190114,1901,19,ตะกุด,Takut,18000
190201,1902,19,แก่งคอย,Kaeng Khoi,18110
190202,1902,19,ทับกวาง,Thap Kwang,18260
190203,1902,19,ตาลเดี่ยว,Tan Diao,18110
190204,1902,19,ห้วยแห้ง,Huai Haeng,18110
190205,1902,19,ท่าคล้อ,Tha Khlo,18110
190206,1902,19,หินซ้อน,Hin Son,18110
190207,1902,19,บ้านธาตุ,Ban That,18110
190208,1902,19,บ้านป่า,Ban Pa,18110
190209,1902,19,ท่าตูม,Tha Tum,18110
190210,1902,19,ชะอม,Cha-Om,18110
190211,1902,19,สองคอน,Song Khon,18110
190212,1902,19,เตาปูน,Tao Pun,18110
190213,1902,19,ชำผักแพว,Cham Phak Phaeo,18110
190215,1902,19,ท่ามะปราง,Tha Maprang,18110
190301,1903,19,หนองแค,Nong Khae,18140
190302,1903,19,กุ่มหัก,Kum Hak,18140
190303,1903,19,คชสิทธิ์,Khotchasit,18250
190304,1903,19,โคกตูม,Khok Tum,18250
190305,1903,19,โคกแย้,Khok Yae,18230
190306,1903,19,บัวลอย,Bua Loi,18230
190307,1903,19,ไผ่ต่ำ,Phai Tam,18140
190308,1903,19,โพนทอง,Phon Thong,18250
190309,1903,19,ห้วยขมิ้น,Huai Khamin,18230
190310,1903,19,ห้วยทราย,Huai Sai,18230
190311,1903,19,หนองไข่น้ำ,Nong Khai Nam,18140
190312,1903,19,หนองแขม,Nong Khaem,18140
190313,1903,19,หนองจิก,Nong Chik,18230
190314,1903,19,หนองจรเข้,Nong Chorakhe,18140
190315,1903,19,หนองนาก,Nong Nak,18230
190316,1903,19,หนองปลาหมอ,Nong Pla Mo,18140
190317,1903,19,หนองปลิง,Nong Pling,18140
190318,1903,19,หนองโรง,Nong Rong,18140
190401,1904,19,หนองหมู,Nong Mu,18150
190402,1904,19,บ้านลำ,Ban Lam,18150
190403,1904,19,คลองเรือ,Khlong Ruea,18150
190404,1904,19,วิหารแดง,Wihan Daeng,18150
190405,1904,19,หนองสรวง,Nong Suang,18150
190406,1904,19,เจริญธรรม,Charoen Tham,18150
190501,1905,19,หนองแซง,Nong Saeng,18170
190502,1905,19,หนองควายโซ,Nong Khwai So,18170
190503,1905,19,หนองหัวโพ,Nong Hua Pho,18170
190504,1905,19,หนองสีดา,Nong Sida,18170
190505,1905,19,หนองกบ,Nong Kop,18170
190506,1905,19,ไก่เส่า,Kai Sao,18170
190507,1905,19,โคกสะอาด,Khok Sa-At,18170
190508,1905,19,ม่วงหวาน,Muang Wan,18170
190509,1905,19,เขาดิน,Khao Din,18170
190601,1906,19,บ้านหมอ,Ban Mo,18130
190602,1906,19,บางโขมด,Bang Khamot,18130
190603,1906,19,สร่างโศก,Sang Sok,18130
190604,1906,19,ตลาดน้อย,Talat Noi,18130
190605,1906,19,หรเทพ,Horathep,18130
190606,1906,19,โคกใหญ่,Khok Yai,18130
190607,1906,19,ไผ่ขวาง,Phai Khwang,18130
190608,1906,19,บ้านครัว,Ban Khrua,18270
190609,1906,19,หนองบัว,Nong Bua,18130
190701,1907,19,ดอนพุด,Don Phut,18210
190702,1907,19,ไผ่หลิ่ว,Phai Lio,18210
190703,1907,19,บ้านหลวง,Ban Luang,18210
190704,1907,19,ดงตะงาว,Dong Ta-Ngao,18210
190801,1908,19,หนองโดน,Nong Don,18190
190802,1908,19,บ้านกลับ,Ban Klap,18190
190803,1908,19,ดอนทอง,Don Thong,18190
190804,1908,19,บ้านโปร่ง,Ban Prong,18190
190901,1909,19,พระพุทธบาท,Phraphutthabat,18120
190902,1909,19,ขุนโขลน,Khun Khlon,18120
190903,1909,19,ธารเกษม,Than Kasem,18120
190904,1909,19,นายาว,Na Yao,18120
190905,1909,19,พุคำจาน,Phu Kham Chan,18120
190906,1909,19,เขาวง,Khao Wong,18120
190907,1909,19,ห้วยป่าหวาย,Huai Pa Wai,18120
190908,1909,19,พุกร่าง,Phu Krang,18120
190909,1909,19,หนองแก,Nong Kae,18120
191001,1910,19,เสาไห้,Sao Hai,18160
191002,1910,19,บ้านยาง,Ban Yang,18160
191003,1910,19,หัวปลวก,Hua Pluak,18160
191004,1910,19,งิ้วงาม,Ngio Ngam,18160
191005,1910,19,ศาลารีไทย,Sala Ri Thai,18160
191006,1910,19,ต้นตาล,Ton Tan,18160
191007,1910,19,ท่าช้าง,Tha Chang,18160
191008,1910,19,พระยาทด,Phraya Thot,18160
191009,1910,19,ม่วงงาม,Muang Ngam,18160
191010,1910,19,เริงราง,Roeng Rang,18160
191011,1910,19,เมืองเก่า,Mueang Kao,18160
191012,1910,19,สวนดอกไม้,Suan Dokmai,18160
191101,1911,19,มวกเหล็ก,Muak Lek,18180
191102,1911,19,มิตรภาพ,Mittraphap,18180
191104,1911,19,หนองย่างเสือ,Nong Yang Suea,18180
191105,1911,19,ลำสมพุง,Lam Somphung,18180
191107,1911,19,ลำพญากลาง,Lam Phaya Klang,18180
191109,1911,19,ซับสนุ่น,Sap Sanun,18220
191201,1912,19,แสลงพัน,Salaeng Phan,18220
191202,1912,19,คำพราน,Kham Phran,18220
191203,1912,19,วังม่วง,Wang Muang,18220
191301,1913,19,เขาดินพัฒนา,Khao Din Phatthana,18000
191302,1913,19,บ้านแก้ง,Ban Kaeng,18000
191303,1913,19,ผึ้งรวง,Phueng Ruang,18000
191304,1913,19,พุแค,Phu Khae,18240
191305,1913,19,ห้วยบง,Huai Bong,18000
191306,1913,19,หน้าพระลาน,Na Phralan,18240
200101,2001,20,บางปลาสร้อย,Bang Pla Soi,20000
200102,2001,20,มะขามหย่ง,Makham Yong,20000
200103,2001,20,บ้านโขด,Ban Khot,20000
200104,2001,20,แสนสุข,Saen Suk,20000
200105,2001,20,บ้านสวน,Ban Suan,20000
200106,2001,20,หนองรี,Nong Ri,20000
200107,2001,20,นาป่า,Na Pa,20000
200108,2001,20,หนองข้างคอก,Nong Khang Khok,20000
200109,2001,20,ดอนหัวฬ่อ,Don Hua Lo,20000
200110,2001,20,หนองไม้แดง,Nong Mai Daeng,20000
200111,2001,20,บางทราย,Bang Sai,20000
200112,2001,20,คลองตำหรุ,Khlong Tamru,20000
200113,2001,20,เหมือง,Mueang,20130
200114,2001,20,บ้านปึก,Ban Puek,20130
200115,2001,20,ห้วยกะปิ,Huai Kapi,20000
200116,2001,20,เสม็ด,Samet,20000
200117,2001,20,อ่างศิลา,Ang Sila,20000
200118,2001,20,สำนักบก,Samnak Bok,20000
200201,2002,20,บ้านบึง,Ban Bueng,20170
200202,2002,20,คลองกิ่ว,Khlong Kio,20220
200203,2002,20,มาบไผ่,Map Phai,20170
200204,2002,20,หนองซ้ำซาก,Nong Samsak,20170
200205,2002,20,หนองบอนแดง,Nong Bon Daeng,20170
200206,2002,20,หนองชาก,Nong Chak,20170
200207,2002,20,หนองอิรุณ,Nong I Run,20220
200208,2002,20,หนองไผ่แก้ว,Nong Phai Kaeo,20220
200301,2003,20,หนองใหญ่,Nong Yai,20190
200302,2003,20,คลองพลู,Khlong Phlu,20190
200303,2003,20,หนองเสือช้าง,Nong Suea Chang,20190
200304,2003,20,ห้างสูง,Hang Sung,20190
200305,2003,20,เขาซก,Khao Sok,20190
200401,2004,20,บางละมุง,Bang Lamung,20150
200402,2004,20,หนองปรือ,Nong Prue,20150
200403,2004,20,หนองปลาไหล,Nong Pla Lai,20150
200404,2004,20,โป่ง,Pong,20150
200405,2004,20,เขาไม้แก้ว,Khao Mai Kaeo,20150
200406,2004,20,ห้วยใหญ่,Huai Yai,20150
200407,2004,20,ตะเคียนเตี้ย,Takhian Tia,20150
200408,2004,20,นาเกลือ,Na Kluea,20150
200501,2005,20,พานทอง,Phan Thong,20160
200502,2005,20,หนองตำลึง,Nong Tamlueng,20160
200503,2005,20,มาบโป่ง,Map Pong,20160
200504,2005,20,หนองกะขะ,Nong Kakha,20160
200505,2005,20,หนองหงษ์,Nong Hong,20160
200506,2005,20,โคกขี้หนอน,Khok Khi Non,20160
200507,2005,20,บ้านเก่า,Ban Kao,20160
200508,2005,20,หน้าประดู่,Na Pradu,20160
200509,2005,20,บางนาง,Bang Nang,20160
200510,2005,20,เกาะลอย,Ko Loi,20160
200511,2005,20,บางหัก,Bang Hak,20160
200601,2006,20,พนัสนิคม,Phanat Nikhom,20140
200602,2006,20,หน้าพระธาตุ,Na Phrathat,20140
200603,2006,20,วัดหลวง,Wat Luang,20140
200604,2006,20,บ้านเซิด,Ban Soet,20140
200605,2006,20,นาเริก,Na Roek,20140
200606,2006,20,หมอนนาง,Mon Nang,20140
200607,2006,20,สระสี่เหลี่ยม,Sa Si Liam,20140
200608,2006,20,วัดโบสถ์,Wat Bot,20140
200609,2006,20,กุฎโง้ง,Kut Ngong,20140
200610,2006,20,หัวถนน,Hua Thanon,20140
200611,2006,20,ท่าข้าม,Tha Kham,20140
200613,2006,20,หนองปรือ,Nong Prue,20140
200614,2006,20,หนองขยาด,Nong Khayat,20140
200615,2006,20,ทุ่งขวาง,Thung Khwang,20140
200616,2006,20,หนองเหียง,Nong Hiang,20140
200617,2006,20,นาวังหิน,Na Wang Hin,20140
200618,2006,20,บ้านช้าง,Ban Chang,20140
200620,2006,20,โคกเพลาะ,Khok Phlo,20140
200621,2006,20,ไร่หลักทอง,Rai Lak Thong,20140
200622,2006,20,นามะตูม,Na Matum,20140
200701,2007,20,ศรีราชา,Si Racha,20110
200702,2007,20,สุรศักดิ์,Surasak,20110
200703,2007,20,ทุ่งสุขลา,Thung Sukhla,20230
200704,2007,20,บึง,Bueng,20230
200705,2007,20,หนองขาม,Nong Kham,20110
200706,2007,20,เขาคันทรง,Khao Khan Song,20110
200707,2007,20,บางพระ,Bang Phra,20110
200708,2007,20,บ่อวิน,Bo Win,20230
200801,2008,20,ท่าเทววงษ์,Tha Thewawong,20120
200901,2009,20,สัตหีบ,Sattahip,20180
200902,2009,20,นาจอมเทียน,Na Chom Thian,20250
200903,2009,20,พลูตาหลวง,Phlu Ta Luang,20180
200904,2009,20,บางเสร่,Bang Sare,20250
200905,2009,20,แสมสาร,Samae San,20180
201001,2010,20,บ่อทอง,Bo Thong,20270
201002,2010,20,วัดสุวรรณ,Wat Suwan,20270
201003,2010,20,บ่อกวางทอง,Bo Kwang Thong,20270
201004,2010,20,ธาตุทอง,That Thong,20270
201005,2010,20,เกษตรสุวรรณ,Kaset Suwan,20270
201006,2010,20,พลวงทอง,Phluang Thong,20270
201101,2011,20,เกาะจันทร์,Ko Chan,20240
201102,2011,20,ท่าบุญมี,Tha Bunmi,20240
210101,2101,21,ท่าประดู่,Tha Pradu,21000
210102,2101,21,เชิงเนิน,Choeng Noen,21000
210103,2101,21,ตะพง,Taphong,21000
210104,2101,21,ปากน้ำ,Pak Nam,21000
210105,2101,21,เพ,Phe,21160
210106,2101,21,แกลง,Klaeng,21160
210107,2101,21,บ้านแลง,Ban Laeng,21000
210108,2101,21,นาตาขวัญ,Na Ta Khwan,21000
210109,2101,21,เนินพระ,Noen Phra,21000
210110,2101,21,กะเฉด,Kachet,21100
210111,2101,21,ทับมา,Thap Ma,21000
210112,2101,21,น้ำคอก,Nam Khok,21000
210113,2101,21,ห้วยโป่ง,Huai Pong,21150
210114,2101,21,มาบตาพุด,Maptaphut,21150
210115,2101,21,สำนักทอง,Samnak Thong,21100
210201,2102,21,สำนักท้อน,Samnak Thon,21130
210202,2102,21,พลา,Phla,21130
210203,2102,21,บ้านฉาง,Ban Chang,21130
210301,2103,21,ทางเกวียน,Thang Kwian,21110
210302,2103,21,วังหว้า,Wang Wa,21110
210303,2103,21,ชากโดน,Chak Don,21110
210304,2103,21,เนินฆ้อ,Noen Kho,21110
210305,2103,21,กร่ำ,Kram,21190
210306,2103,21,ชากพง,Chak Phong,21190
210307,2103,21,กระแสบน,Krasae Bon,21110
210308,2103,21,บ้านนา,Ban Na,21110
210309,2103,21,ทุ่งควายกิน,Thung Khwai Kin,21110
210310,2103,21,กองดิน,Kong Din,22160
210311,2103,21,คลองปูน,Khlong Pun,21170
210312,2103,21,พังราด,Phang Rat,21110
210313,2103,21,ปากน้ำกระแส,Pak Nam Krasae,21170
210317,2103,21,ห้วยยาง,Huai Yang,21110
210318,2103,21,สองสลึง,Song Salueng,21110
210401,2104,21,วังจันทร์,Wang Chan,21210
210402,2104,21,ชุมแสง,Chum Saeng,21210
210403,2104,21,ป่ายุบใน,Pa Yup Nai,21210
210404,2104,21,พลงตาเอี่ยม,Phong Ta Iam,21210
210501,2105,21,บ้านค่าย,Ban Khai,21120
210502,2105,21,หนองละลอก,Nong Lalok,21120
210503,2105,21,หนองตะพาน,Nong Taphan,21120
210504,2105,21,ตาขัน,Ta Khan,21120
210505,2105,21,บางบุตร,Bang But,21120
210506,2105,21,หนองบัว,Nong Bua,21120
210507,2105,21,ชากบก,Chak Bok,21120
210601,2106,21,ปลวกแดง,Pluak Daeng,21140
210602,2106,21,ตาสิทธิ์,Ta Sit,21140
210603,2106,21,ละหาร,Lahan,21140
210604,2106,21,แม่น้ำคู้,Maenam Khu,21140
210605,2106,21,มาบยางพร,Map Yang Phon,21140
210606,2106,21,หนองไร่,Nong Rai,21140
210701,2107,21,น้ำเป็น,Nam Pen,21110
210702,2107,21,ห้วยทับมอญ,Huai Thap Mon,21110
210703,2107,21,ชำฆ้อ,Cham Noi,21110
210704,2107,21,เขาน้อย,Khao Noi,21110
210801,2108,21,นิคมพัฒนา,Nikhom Phatthana,21180
210802,2108,21,มาบข่า,Map Kha,21180
210803,2108,21,พนานิคม,Phana Nikhom,21180
210804,2108,21,มะขามคู่,Makham Khu,21180
220101,2201,22,ตลาด,Talat,22000
220102,2201,22,วัดใหม่,Wat Mai,22000
220103,2201,22,คลองนารายณ์,Khlong Narai,22000
220104,2201,22,เกาะขวาง,Ko Khwang,22000
220105,2201,22,คมบาง,Kom Bang,22000
220106,2201,22,ท่าช้าง,Tha Chang,22000
220107,2201,22,จันทนิมิต,Chanthanimit,22000
220108,2201,22,บางกะจะ,Bang Kacha,22000
220109,2201,22,แสลง,Salaeng,22000
220110,2201,22,หนองบัว,Nong Bua,22000
220111,2201,22,พลับพลา,Phlapphla,22000
220201,2202,22,ขลุง,Khlung,22110
220202,2202,22,บ่อ,Bo,22110
220203,2202,22,เกวียนหัก,Kwian Hak,22110
220204,2202,22,ตะปอน,Tapon,22110
220205,2202,22,บางชัน,Bang Chan,22110
220206,2202,22,วันยาว,Wan Yao,22110
220207,2202,22,ซึ้ง,Sueng,22110
220208,2202,22,มาบไพ,Map Phai,22110
220209,2202,22,วังสรรพรส,Wang Sappharot,22110
220210,2202,22,ตรอกนอง,Trok Nong,22110
220211,2202,22,ตกพรม,Tok Phrom,22110
220212,2202,22,บ่อเวฬุ,Bo Weru,22150
220301,2203,22,ท่าใหม่,Tha Mai,22120
220302,2203,22,ยายร้า,Yai Ra,22120
220303,2203,22,สีพยา,Si Phaya,22120
220304,2203,22,บ่อพุ,Bo Phu,22120
220305,2203,22,พลอยแหวน,Phloi Waen,22120
220306,2203,22,เขาวัว,Khao Wua,22120
220307,2203,22,เขาบายศรี,Khao Baisi,22120
220308,2203,22,สองพี่น้อง,Song Phi Nong,22120
220309,2203,22,ทุ่งเบญจา,Thung Bencha,22170
220311,2203,22,รำพัน,Ramphan,22170
220312,2203,22,โขมง,Khamong,22170
220313,2203,22,ตะกาดเง้า,Takat Ngao,22120
220314,2203,22,คลองขุด,Khlong Khut,22120
220324,2203,22,เขาแก้ว,Khao Kaeo,22170
220401,2204,22,ทับไทร,Thap Sai,22140
220402,2204,22,โป่งน้ำร้อน,Pong Nam Ron,22140
220404,2204,22,หนองตาคง,Nong Ta Khong,22140
220409,2204,22,เทพนิมิต,Thep Nimit,22140
220410,2204,22,คลองใหญ่,Khlong Yai,22140
220501,2205,22,มะขาม,Makham,22150
220502,2205,22,ท่าหลวง,Tha Luang,22150
220503,2205,22,ปัถวี,Patthawi,22150
220504,2205,22,วังแซ้ม,Wang Saem,22150
220506,2205,22,ฉมัน,Cha Man,22150
220508,2205,22,อ่างคีรี,Ang Khiri,22150
220601,2206,22,ปากน้ำแหลมสิงห์,Pak Nam Laem Sing,22130
220602,2206,22,เกาะเปริด,Ko Proet,22130
220603,2206,22,หนองชิ่ม,Nong Chim,22130
220604,2206,22,พลิ้ว,Phlio,22190
220605,2206,22,คลองน้ำเค็ม,Khlong Nam Khem,22190
220606,2206,22,บางสระเก้า,Bang Sa Kao,22190
220607,2206,22,บางกะไชย,Bang Kachai,22120
220701,2207,22,ปะตง,Patong,22180
220702,2207,22,ทุ่งขนาน,Thung Khanan,22180
220703,2207,22,ทับช้าง,Thap Chang,22180
220704,2207,22,ทรายขาว,Sai Khao,22180
220705,2207,22,สะตอน,Saton,22180
220801,2208,22,แก่งหางแมว,Kaeng Hang Maeo,22160
220802,2208,22,ขุนซ่อง,Khun Song,22160
220803,2208,22,สามพี่น้อง,Sam Phi Nong,22160
220804,2208,22,พวา,Phawa,22160
220805,2208,22,เขาวงกต,Khao Wongkot,22160
220901,2209,22,นายายอาม,Na Yai Am,22160
220902,2209,22,วังโตนด,Wang Tanot,22170
220903,2209,22,กระแจะ,Krachae,22170
220904,2209,22,สนามไชย,Sanam Chai,22170
220905,2209,22,ช้างข้าม,Chang Kham,22160
220906,2209,22,วังใหม่,Wang Mai,22170
221001,2210,22,ชากไทย,Chak Thai,22210
221002,2210,22,พลวง,Phluang,22210
221003,2210,22,ตะเคียนทอง,Takhian Thong,22210
221004,2210,22,คลองพลู,Khlong Phlu,22210
221005,2210,22,จันทเขลม,Chanthakhlem,22210
230101,2301,23,บางพระ,Bang Phra,23000
230102,2301,23,หนองเสม็ด,Nong Samet,23000
230103,2301,23,หนองโสน,Nong Sano,23000
230104,2301,23,หนองคันทรง,Nong Khan Song,23000
230105,2301,23,ห้วงน้ำขาว,Huang Nam Khao,23000
230106,2301,23,อ่าวใหญ่,Ao Yai,23000
230107,2301,23,วังกระแจะ,Wang Krachae,23000
230108,2301,23,ห้วยแร้ง,Huai Raeng,23000
230109,2301,23,เนินทราย,Noen Sai,23000
230110,2301,23,ท่าพริก,Tha Phrik,23000
230111,2301,23,ท่ากุ่ม,Tha Kum,23000
230112,2301,23,ตะกาง,Takang,23000
230113,2301,23,ชำราก,Cham Rak,23000
230114,2301,23,แหลมกลัด,Laem Klat,23000
230201,2302,23,คลองใหญ่,Khlong Yai,23110
230202,2302,23,ไม้รูด,Mai Rut,23110
230203,2302,23,หาดเล็ก,Hat Lek,23110
230301,2303,23,เขาสมิง,Khao Saming,23130
230302,2303,23,แสนตุ้ง,Saen Tung,23150
230303,2303,23,วังตะเคียน,Wang Takhian,23130
230304,2303,23,ท่าโสม,Tha Som,23150
230305,2303,23,สะตอ,Sato,23150
230306,2303,23,ประณีต,Pranit,23150
230307,2303,23,เทพนิมิต,Thep Nimit,23150
230308,2303,23,ทุ่งนนทรี,Thung Nonsi,23130
230401,2304,23,บ่อพลอย,Bo Phloi,23140
230402,2304,23,ช้างทูน,Chang Thun,23140
230403,2304,23,ด่านชุมพล,Dan Chumphon,23140
230404,2304,23,หนองบอน,Nong Bon,23140
230405,2304,23,นนทรีย์,Nonsi,23140
230501,2305,23,แหลมงอบ,Laem Ngop,23120
230502,2305,23,น้ำเชี่ยว,Nam Chiao,23120
230503,2305,23,บางปิด,Bang Pit,23120
230507,2305,23,คลองใหญ่,Khlong Yai,23120
230601,2306,23,เกาะหมาก,Ko Mak,23000
230602,2306,23,เกาะกูด,Ko Kut,23000
230701,2307,23,เกาะช้าง,Ko Chang,23170
230702,2307,23,เกาะช้างใต้,Ko Chang Tai,23170
240101,2401,24,หน้าเมือง,Na Mueang,24000
240102,2401,24,ท่าไข่,Tha Khai,24000
240103,2401,24,บ้านใหม่,Ban Mai,24000
240104,2401,24,คลองนา,Khlong Na,24000
240105,2401,24,บางตีนเป็ด,Bang Tin Pet,24000
240106,2401,24,บางไผ่,Bang Phai,24000
240107,2401,24,คลองจุกกระเฌอ,Khlong Chuk Khachoe,24000
240108,2401,24,บางแก้ว,Bang Kaeo,24000
240109,2401,24,บางขวัญ,Bang Khwan,24000
240110,2401,24,คลองนครเนื่องเขต,Khlong Nakhon Nueang Khet,24000
240111,2401,24,วังตะเคียน,Wang Takhian,24000
240112,2401,24,โสธร,Sothon,24000
240113,2401,24,บางพระ,Bang Phra,24000
240114,2401,24,บางกะไห,Bang Kahai,24000
240115,2401,24,หนามแดง,Nam Daeng,24000
240116,2401,24,คลองเปรง,Khlong Preng,24000
240117,2401,24,คลองอุดมชลจร,Khlong Udom Chonlachon,24000
240118,2401,24,คลองหลวงแพ่ง,Khlong Luang Phaeng,24000
240119,2401,24,บางเตย,Bang Toei,24000
240201,2402,24,บางคล้า,Bang Khla,24110
240204,2402,24,บางสวน,Bang Suan,24110
240208,2402,24,บางกระเจ็ด,Bang Krachet,24110
240209,2402,24,ปากน้ำ,Pak Nam,24110
240210,2402,24,ท่าทองหลาง,Tha Thong Lang,24110
240211,2402,24,สาวชะโงก,Sao Cha-Ngo,24110
240212,2402,24,เสม็ดเหนือ,Samet Nuea,24110
240213,2402,24,เสม็ดใต้,Samet Tai,24110
240214,2402,24,หัวไทร,Hua Sai,24110
240301,2403,24,บางน้ำเปรี้ยว,Bang Nam Priao,24150
240302,2403,24,บางขนาก,Bang Khanak,24150
240303,2403,24,สิงโตทอง,Singto Thong,24150
240304,2403,24,หมอนทอง,Mon Thong,24150
240305,2403,24,บึงน้ำรักษ์,Bueng Nam Rak,24170
240306,2403,24,ดอนเกาะกา,Don Ko Ka,24170
240307,2403,24,โยธะกา,Yothaka,24150
240308,2403,24,ดอนฉิมพลี,Don Chimphli,24170
240309,2403,24,ศาลาแดง,Sala Daeng,24000
240310,2403,24,โพรงอากาศ,Phrong Akat,24150
240401,2404,24,บางปะกง,Bang Pakong,24130
240402,2404,24,ท่าสะอ้าน,Tha Sa-An,24130
240403,2404,24,บางวัว,Bang Wua,24180
240404,2404,24,บางสมัคร,Bang Samak,24180
240405,2404,24,บางผึ้ง,Bang Phueng,24130
240406,2404,24,บางเกลือ,Bang Kluea,24180
240407,2404,24,สองคลอง,Song Khlong,24130
240408,2404,24,หนองจอก,Nong Chok,24130
240409,2404,24,พิมพา,Phimpha,24130
240410,2404,24,ท่าข้าม,Tha Kham,24130
240411,2404,24,หอมศีล,Hom Sin,24180
240412,2404,24,เขาดิน,Khao Din,24130
240501,2405,24,บ้านโพธิ์,Ban Pho,24140
240502,2405,24,เกาะไร่,Ko Rai,24140
240503,2405,24,คลองขุด,Khlong Khut,24140
240504,2405,24,คลองบ้านโพธิ์,Khlong Ban Pho,24140
240505,2405,24,คลองประเวศ,Khlong Prawet,24140
240506,2405,24,ดอนทราย,Don Sai,24140
240507,2405,24,เทพราช,Theppharat,24140
240508,2405,24,ท่าพลับ,Tha Phlap,24140
240509,2405,24,หนองตีนนก,Nong Tin Nok,24140
240510,2405,24,หนองบัว,Nong Bua,24140
240511,2405,24,บางซ่อน,Bang Son,24140
240512,2405,24,บางกรูด,Bang Krut,24140
240513,2405,24,แหลมประดู่,Laem Pradu,24140
240514,2405,24,ลาดขวาง,Lat Khwang,24140
240515,2405,24,สนามจันทร์,Sanam Chan,24140
240516,2405,24,แสนภูดาษ,Saen Phu Dat,24140
240517,2405,24,สิบเอ็ดศอก,Sip Et Sok,24140
240601,2406,24,เกาะขนุน,Ko Khanun,24120
240602,2406,24,บ้านซ่อง,Ban Song,24120
240603,2406,24,พนมสารคาม,Phanom Sarakham,24120
240604,2406,24,เมืองเก่า,Mueang Kao,24120
240605,2406,24,หนองยาว,Nong Yao,24120
240606,2406,24,ท่าถ่าน,Tha Than,24120
240607,2406,24,หนองแหน,Nong Nae,24120
240608,2406,24,เขาหินซ้อน,Khao Hin Son,24120
240701,2407,24,บางคา,Bang Kha,24120
240702,2407,24,เมืองใหม่,Mueang Mai,24120
240703,2407,24,ดงน้อย,Dong Noi,24120
240801,2408,24,คู้ยายหมี,Khu Yai Mi,24160
240802,2408,24,ท่ากระดาน,Tha Kradan,24160
240803,2408,24,ทุ่งพระยา,Thung Phraya,24160
240805,2408,24,ลาดกระทิง,Lat Krathing,24160
240901,2409,24,แปลงยาว,Plaeng Yao,24190
240902,2409,24,วังเย็น,Wang Yen,24190
240903,2409,24,หัวสำโรง,Hua Samrong,24190
240904,2409,24,หนองไม้แก่น,Nong Mai Kaen,24190
241001,2410,24,ท่าตะเกียบ,Tha Takiap,24160
241002,2410,24,คลองตะเกรา,Khlong Takrao,24160
241101,2411,24,ก้อนแก้ว,Kon Kaeo,24000
241102,2411,24,คลองเขื่อน,Khlong Khuean,24000
241103,2411,24,บางเล่า,Bang Lao,24000
241104,2411,24,บางโรง,Bang Rong,24000
241105,2411,24,บางตลาด,Bang Talat,24110
250101,2501,25,หน้าเมือง,Na Mueang,25000
250102,2501,25,รอบเมือง,Rop Mueang,25000
250103,2501,25,วัดโบสถ์,Wat Bot,25000
250104,2501,25,บางเดชะ,Bang Decha,25000
250105,2501,25,ท่างาม,Tha Ngam,25000
250106,2501,25,บางบริบูรณ์,Bang Boribun,25000
250107,2501,25,ดงพระราม,Dong Phraram,25000
250108,2501,25,บ้านพระ,Ban Phra,25230
250109,2501,25,โคกไม้ลาย,Khok Mai Lai,25230
250110,2501,25,ไม้เค็ด,Mai Khet,25230
250111,2501,25,ดงขี้เหล็ก,Dong Khi Lek,25000
250112,2501,25,เนินหอม,Noen Hom,25230
250113,2501,25,โนนห้อม,Non Hom,25000
250201,2502,25,กบินทร์,Kabin,25110
250202,2502,25,เมืองเก่า,Mueang Kao,25240
250203,2502,25,วังดาล,Wang Dan,25110
250204,2502,25,นนทรี,Nonsi,25110
250205,2502,25,ย่านรี,Yan Ri,25110
250206,2502,25,วังตะเคียน,Wang Takhian,25110
250207,2502,25,หาดนางแก้ว,Hat Nang Kaeo,25110
250208,2502,25,ลาดตะเคียน,Lat Takhian,25110
250209,2502,25,บ้านนา,Ban Na,25110
250210,2502,25,บ่อทอง,Bo Thong,25110
250211,2502,25,หนองกี่,Nong Ki,25110
250212,2502,25,นาแขม,Na Khaem,25110
250213,2502,25,เขาไม้แก้ว,Khao Mai Kaeo,25110
250214,2502,25,วังท่าช้าง,Wang Tha Chang,25110
250301,2503,25,นาดี,Na Di,25220
250302,2503,25,สำพันตา,Sam Phan Ta,25220
250303,2503,25,สะพานหิน,Saphan Hin,25220
250304,2503,25,ทุ่งโพธิ์,Thung Pho,25220
250305,2503,25,แก่งดินสอ,Kaeng Dinso,25220
250306,2503,25,บุพราหมณ์,Bu Phram,25220
250601,2506,25,บ้านสร้าง,Ban Sang,25150
250602,2506,25,บางกระเบา,Bang Krabao,25150
250603,2506,25,บางเตย,Bang Toei,25150
250604,2506,25,บางยาง,Bang Yang,25150
250605,2506,25,บางแตน,Bang Taen,25150
250606,2506,25,บางพลวง,Bang Phluang,25150
250607,2506,25,บางปลาร้า,Bang Pla Ra,25150
250608,2506,25,บางขาม,Bang Kham,25150
250609,2506,25,กระทุ่มแพ้ว,Krathum Phaeo,25150
250701,2507,25,ประจันตคาม,Prachantakham,25130
250702,2507,25,เกาะลอย,Ko Loi,25130
250703,2507,25,บ้านหอย,Ban Hoi,25130
250704,2507,25,หนองแสง,Nong Saeng,25130
250705,2507,25,ดงบัง,Dong Bang,25130
250706,2507,25,คำโตนด,Kham Tanot,25130
250707,2507,25,บุฝ้าย,Bu Fai,25130
250708,2507,25,หนองแก้ว,Nong Kaeo,25130
250709,2507,25,โพธิ์งาม,Pho Ngam,25130
250801,2508,25,ศรีมหาโพธิ,Si Mahapho,25140
250802,2508,25,สัมพันธ์,Samphan,25140
250803,2508,25,บ้านทาม,Ban Tham,25140
250804,2508,25,ท่าตูม,Tha Tum,25140
250805,2508,25,บางกุ้ง,Bang Kung,25140
250806,2508,25,ดงกระทงยาม,Dong Krathong Yam,25140
250807,2508,25,หนองโพรง,Nong Phrong,25140
250808,2508,25,หัวหว้า,Hua Wa,25140
250809,2508,25,หาดยาง,Hat Yang,25140
250810,2508,25,กรอกสมบูรณ์,Krok Sombun,25140
250901,2509,25,โคกปีบ,Khok Pip,25190
250902,2509,25,โคกไทย,Khok Thai,25190
250903,2509,25,คู้ลำพัน,Khu Lamphan,25190
250904,2509,25,ไผ่ชะเลือด,Phai Chalueat,25190
260101,2601,26,นครนายก,Nakhon Nayok,26000
260102,2601,26,ท่าช้าง,Tha Chang,26000
260103,2601,26,บ้านใหญ่,Ban Yai,26000
260104,2601,26,วังกระโจม,Wang Krachom,26000
260105,2601,26,ท่าทราย,Tha Sai,26000
260106,2601,26,ดอนยอ,Don Yo,26000
260107,2601,26,ศรีจุฬา,Si Chula,26000
260108,2601,26,ดงละคร,Dong Lakhon,26000
260109,2601,26,ศรีนาวา,Si Nawa,26000
260110,2601,26,สาริกา,Sarika,26000
260111,2601,26,หินตั้ง,Hin Tang,26000
260112,2601,26,เขาพระ,Khao Phra,26000
260113,2601,26,พรหมณี,Phrommani,26000
260201,2602,26,เกาะหวาย,Ko Wai,26130
260202,2602,26,เกาะโพธิ์,Ko Pho,26130
260203,2602,26,ปากพลี,Pak Phli,26130
260204,2602,26,โคกกรวด,Khok Kruat,26130
260205,2602,26,ท่าเรือ,Tha Ruea,26130
260206,2602,26,หนองแสง,Nong Saeng,26130
260207,2602,26,นาหินลาด,Na Hin Lat,26130
260301,2603,26,บ้านนา,Ban Na,26110
260302,2603,26,บ้านพร้าว,Ban Phrao,26110
260303,2603,26,บ้านพริก,Ban Phrik,26110
260304,2603,26,อาษา,A Sa,26110
260305,2603,26,ทองหลาง,Thong Lang,26110
260306,2603,26,บางอ้อ,Bang O,26110
260307,2603,26,พิกุลออก,Phikun Ok,26110
260308,2603,26,ป่าขะ,Pa Kha,26110
260309,2603,26,เขาเพิ่ม,Khao Phoem,26110
260310,2603,26,ศรีกะอาง,Si Ka-Ang,26110
260401,2604,26,พระอาจารย์,Phra Achan,26120
260402,2604,26,บึงศาล,Bueng San,26120
260403,2604,26,ศีรษะกระบือ,Sisa Krabue,26120
260404,2604,26,โพธิ์แทน,Pho Thaen,26120
260405,2604,26,บางสมบูรณ์,Bang Sombun,26120
260406,2604,26,ทรายมูล,Sai Mun,26120
260407,2604,26,บางปลากด,Bang Pla Kot,26120
260408,2604,26,บางลูกเสือ,Bang Luk Suea,26120
260409,2604,26,องครักษ์,Ongkharak,26120
260410,2604,26,ชุมพล,Chum Phon,26120
260411,2604,26,คลองใหญ่,Khlong Yai,26120
270101,2701,27,สระแก้ว,Sa Kaeo,27000
270102,2701,27,บ้านแก้ง,Ban Kaeng,27000
270103,2701,27,ศาลาลำดวน,Sala Lamduan,27000
270104,2701,27,โคกปี่ฆ้อง,Khok Pi Khong,27000
270105,2701,27,ท่าแยก,Tha Yaek,27000
270106,2701,27,ท่าเกษม,Tha Kasem,27000
270108,2701,27,สระขวัญ,Sa Khwan,27000
270111,2701,27,หนองบอน,Nong Bon,27000
270201,2702,27,คลองหาด,Khlong Hat,27260
270202,2702,27,ไทยอุดม,Thai Udom,27260
270203,2702,27,ซับมะกรูด,Sap Makrut,27260
270204,2702,27,ไทรเดี่ยว,Sai Diao,27260
270205,2702,27,คลองไก่เถื่อน,Khlong Kai Thuean,27260
270206,2702,27,เบญจขร,Benchakhon,27260
270207,2702,27,ไทรทอง,Sai Thong,27260
270301,2703,27,ตาพระยา,Ta Phraya,27180
270302,2703,27,ทัพเสด็จ,Thap Sadet,27180
270306,2703,27,ทัพราช,Thappharat,27180
270307,2703,27,ทัพไทย,Thap Thai,27180
270309,2703,27,โคคลาน,Khot Lan,27180
270401,2704,27,วังน้ำเย็น,Wang Nam Yen,27210
270403,2704,27,ตาหลังใน,Ta Lang Nai,27210
270405,2704,27,คลองหินปูน,Khlong Hin Pun,27210
270406,2704,27,ทุ่งมหาเจริญ,Thung Mahacharoen,27210
270501,2705,27,วัฒนานคร,Watthana Nakhon,27160
270502,2705,27,ท่าเกวียน,Tha Kwian,27160
270503,2705,27,ผักขะ,Phak Kha,27160
270504,2705,27,โนนหมากเค็ง,Non Mak Kheng,27160
270505,2705,27,หนองน้ำใส,Nong Nam Sai,27160
270506,2705,27,ช่องกุ่ม,Chong Kum,27160
270507,2705,27,หนองแวง,Nong Waeng,27160
270508,2705,27,แซร์ออ,Sae-O,27160
270509,2705,27,หนองหมากฝ้าย,Nong Mak Fai,27160
270510,2705,27,หนองตะเคียนบอน,Nong Takhian Bon,27160
270511,2705,27,ห้วยโจด,Huai Chot,27160
270601,2706,27,อรัญประเทศ,Aranya Prathet,27120
270602,2706,27,เมืองไผ่,Mueang Phai,27120
270603,2706,27,หันทราย,Han Sai,27120
270604,2706,27,คลองน้ำใส,Khlong Nam Sai,27120
270605,2706,27,ท่าข้าม,Tha Kham,27120
270606,2706,27,ป่าไร่,Pa Rai,27120
270607,2706,27,ทับพริก,Thap Phrik,27120
270608,2706,27,บ้านใหม่หนองไทร,Ban Mai Nong Sai,27120
270609,2706,27,ผ่านศึก,Phan Suek,27120
270610,2706,27,หนองสังข์,Nong Sang,27120
270611,2706,27,คลองทับจันทร์,Khlong Thap Chan,27120
270612,2706,27,ฟากห้วย,Fak Huai,27120
270613,2706,27,บ้านด่าน,Ban Dan,27120
270701,2707,27,เขาฉกรรจ์,Khao Chakan,27000
270702,2707,27,หนองหว้า,Nong Wa,27000
270703,2707,27,พระเพลิง,Phra Phloeng,27000
270704,2707,27,เขาสามสิบ,Khao Sam Sip,27000
270801,2708,27,โคกสูง,Khok Sung,27120
270802,2708,27,หนองม่วง,Nong Muang,27180
270803,2708,27,หนองแวง,Nong Waeng,27180
270804,2708,27,โนนหมากมุ่น,Non Mak Mun,27120
270901,2709,27,วังสมบูรณ์,Wang Sombun,27250
270902,2709,27,วังใหม่,Wang Mai,27250
270903,2709,27,วังทอง,Wang Thong,27250
300101,3001,30,ในเมือง,Nai Mueang,30000
300102,3001,30,โพธิ์กลาง,Pho Klang,30000
300103,3001,30,หนองจะบก,Nong Chabok,30000
300104,3001,30,โคกสูง,Khok Sung,30310
300105,3001,30,มะเริง,Maroeng,30000
300106,3001,30,หนองระเวียง,Nong Rawiang,30000
300107,3001,30,ปรุใหญ่,Pru Yai,30000
300108,3001,30,หมื่นไวย,Muen Wai,30000
300109,3001,30,พลกรัง,Phon Krang,30000
300110,3001,30,หนองไผ่ล้อม,Nong Phai Lom,30000
300111,3001,30,หัวทะเล,Hua Thale,30000
300112,3001,30,บ้านเกาะ,Ban Ko,30000
300113,3001,30,บ้านใหม่,Ban Mai,30000
300114,3001,30,พุดซา,Phut Sa,30000
300115,3001,30,บ้านโพธิ์,Ban Pho,30310
300116,3001,30,จอหอ,Cho Ho,30310
300117,3001,30,โคกกรวด,Khok Kruat,30280
300118,3001,30,ไชยมงคล,Chai Mongkhon,30000
300119,3001,30,หนองบัวศาลา,Nong Bua Sala,30000
300120,3001,30,สุรนารี,Suranari,30000
300121,3001,30,สีมุม,Si Mum,30000
300122,3001,30,ตลาด,Talat,30310
300123,3001,30,พะเนา,Phanao,30000
300124,3001,30,หนองกระทุ่ม,Nong Krathum,30000
300125,3001,30,หนองไข่น้ำ,Nong Khai Nam,30310
300201,3002,30,แชะ,Chae,30250
300202,3002,30,เฉลียง,Chaliang,30250
300203,3002,30,ครบุรี,Khon Buri,30250
300204,3002,30,โคกกระชาย,Khok Krachai,30250
300205,3002,30,จระเข้หิน,Chorakhe Hin,30250
300206,3002,30,มาบตะโกเอน,Map Tako En,30250
300207,3002,30,อรพิมพ์,Oraphim,30250
300208,3002,30,บ้านใหม่,Ban Mai,30250
300209,3002,30,ลำเพียก,Lamphiak,30250
300210,3002,30,ครบุรีใต้,Khon Buri Tai,30250
300211,3002,30,ตะแบกบาน,Tabaek Ban,30250
300212,3002,30,สระว่านพระยา,Sa Wan Phraya,30250
300301,3003,30,เสิงสาง,Soeng Sang,30330
300302,3003,30,สระตะเคียน,Sa Takhian,30330
300303,3003,30,โนนสมบูรณ์,Non Sombun,30330
300304,3003,30,กุดโบสถ์,Kut Bot,30330
300305,3003,30,สุขไพบูลย์,Suk Phaibun,30330
300306,3003,30,บ้านราษฎร์,Ban Rat,30330
300401,3004,30,เมืองคง,Mueang Khong,30260
300402,3004,30,คูขาด,Khu Khat,30260
300403,3004,30,เทพาลัย,Thephalai,30260
300404,3004,30,ตาจั่น,Ta Chan,30260
300405,3004,30,บ้านปรางค์,Ban Prang,30260
300406,3004,30,หนองมะนาว,Nong Manao,30260
300407,3004,30,หนองบัว,Nong Bua,30260
300408,3004,30,โนนเต็ง,Non Teng,30260
300409,3004,30,ดอนใหญ่,Don Yai,30260
300410,3004,30,ขามสมบูรณ์,Kham Sombun,30260
300501,3005,30,บ้านเหลื่อม,Ban Lueam,30350
300502,3005,30,วังโพธิ์,Wang Pho,30350
300503,3005,30,โคกกระเบื้อง,Khok Krabueang,30350
300504,3005,30,ช่อระกา,Cho Raka,30350
300601,3006,30,จักราช,Chakkarat,30230
300603,3006,30,ทองหลาง,Thong Lang,30230
300604,3006,30,สีสุก,Si Suk,30230
300605,3006,30,หนองขาม,Nong Kham,30230
300607,3006,30,หนองพลวง,Nong Phluang,30230
300610,3006,30,ศรีละกอ,Si Lako,30230
300611,3006,30,คลองเมือง,Khlong Mueang,30230
300613,3006,30,หินโคน,Hin Khon,30230
300701,3007,30,กระโทก,Krathok,30190
300702,3007,30,พลับพลา,Phlapphla,30190
300703,3007,30,ท่าอ่าง,Tha Ang,30190
300704,3007,30,ทุ่งอรุณ,Thung Arun,30190
300705,3007,30,ท่าลาดขาว,Tha Lat Khao,30190
300706,3007,30,ท่าจะหลุง,Tha Chalung,30190
300707,3007,30,ท่าเยี่ยม,Tha Yiam,30190
300708,3007,30,โชคชัย,Chok Chai,30190
300709,3007,30,ละลมใหม่พัฒนา,Lalom Mai Phatthana,30190
300710,3007,30,ด่านเกวียน,Dan Kwian,30190
300801,3008,30,กุดพิมาน,Kut Phiman,30210
300802,3008,30,ด่านขุนทด,Dan Khun Thot,30210
300803,3008,30,ด่านนอก,Dan Nok,30210
300804,3008,30,ด่านใน,Dan Nai,30210
300805,3008,30,ตะเคียน,Takhian,30210
300806,3008,30,บ้านเก่า,Ban Kao,30210
300807,3008,30,บ้านแปรง,Ban Praeng,36220
300808,3008,30,พันชนะ,Phan Chana,30210
300809,3008,30,สระจรเข้,Sa Chorakhe,30210
300810,3008,30,หนองกราด,Nong Krat,30210
300811,3008,30,หนองบัวตะเกียด,Nong Bua Takiat,30210
300812,3008,30,หนองบัวละคร,Nong Bua Lakhon,30210
300813,3008,30,หินดาด,Hin Dat,30210
300815,3008,30,ห้วยบง,Huai Bong,30210
300817,3008,30,โนนเมืองพัฒนา,Non Mueang Phatthana,30210
300818,3008,30,หนองไทร,Nong Sai,36220
300901,3009,30,โนนไทย,Non Thai,30220
300902,3009,30,ด่านจาก,Dan Chak,30220
300903,3009,30,กำปัง,Kampang,30220
300904,3009,30,สำโรง,Samrong,30220
300905,3009,30,ค้างพลู,Khang Phlu,30220
300906,3009,30,บ้านวัง,Ban Wang,30220
300907,3009,30,บัลลังก์,Banlang,30220
300908,3009,30,สายออ,Sai-O,30220
300909,3009,30,ถนนโพธิ์,Thanon Pho,30220
300914,3009,30,มะค่า,Makha,30220
301001,3010,30,โนนสูง,Non Sung,30160
301002,3010,30,ใหม่,Mai,30160
301003,3010,30,โตนด,Tanot,30160
301004,3010,30,บิง,Bing,30160
301005,3010,30,ดอนชมพู,Don Chomphu,30160
301006,3010,30,ธารปราสาท,Than Prasat,30240
301007,3010,30,หลุมข้าว,Lum Khao,30160
301008,3010,30,มะค่า,Makha,30160
301009,3010,30,พลสงคราม,Phon Songkhram,30160
301010,3010,30,จันอัด,Chan-At,30160
301011,3010,30,ขามเฒ่า,Kham Thao,30160
301012,3010,30,ด่านคล้า,Dan Khla,30160
301013,3010,30,ลำคอหงษ์,Lam Kho Hong,30160
301014,3010,30,เมืองปราสาท,Mueang Prasat,30160
301015,3010,30,ดอนหวาย,Don Wai,30160
301016,3010,30,ลำมูล,Lammun,30160
301101,3011,30,ขามสะแกแสง,Kham Sakae Saeng,30290
301102,3011,30,โนนเมือง,Non Mueang,30290
301103,3011,30,เมืองนาท,Mueang Nat,30290
301104,3011,30,ชีวึก,Chiwuek,30290
301105,3011,30,พะงาด,Phangat,30290
301106,3011,30,หนองหัวฟาน,Nong Hua Fan,30290
301107,3011,30,เมืองเกษตร,Mueang Kaset,30290
301201,3012,30,บัวใหญ่,Bua Yai,30120
301203,3012,30,ห้วยยาง,Huai Yang,30120
301204,3012,30,เสมาใหญ่,Sema Yai,30120
301206,3012,30,ดอนตะหนิน,Don Tanin,30120
301207,3012,30,หนองบัวสะอาด,Nong Bua Sa-At,30120
301208,3012,30,โนนทองหลาง,Non Thong Lang,30120
301214,3012,30,กุดจอก,Kut Chok,30120
301215,3012,30,ด่านช้าง,Dan Chang,30120
301220,3012,30,ขุนทอง,Khun Thong,30120
301224,3012,30,หนองแจ้งใหญ่,Nong Chaeng Yai,30120
301301,3013,30,ประทาย,Prathai,30180
301303,3013,30,กระทุ่มราย,Krathum Rai,30180
301304,3013,30,วังไม้แดง,Wang Mai Daeng,30180
301306,3013,30,ตลาดไทร,Talat Sai,30180
301307,3013,30,หนองพลวง,Nong Phluang,30180
301308,3013,30,หนองค่าย,Nong Khai,30180
301309,3013,30,หันห้วยทราย,Han Huai Sai,30180
301310,3013,30,ดอนมัน,Don Man,30180
301313,3013,30,นางรำ,Nang Ram,30180
301314,3013,30,โนนเพ็ด,Non Phet,30180
301315,3013,30,ทุ่งสว่าง,Thung Sawang,30180
301317,3013,30,โคกกลาง,Khok Klang,30180
301318,3013,30,เมืองโดน,Mueang Don,30180
301401,3014,30,เมืองปัก,Mueang Pak,30150
301402,3014,30,ตะคุ,Takhu,30150
301403,3014,30,โคกไทย,Khok Thai,30150
301404,3014,30,สำโรง,Samrong,30150
301405,3014,30,ตะขบ,Takhop,30150
301406,3014,30,นกออก,Nok Ok,30150
301407,3014,30,ดอน,Don,30150
301409,3014,30,ตูม,Tum,30150
301410,3014,30,งิ้ว,Ngio,30150
301411,3014,30,สะแกราช,Sakae Rat,30150
301412,3014,30,ลำนางแก้ว,Lam Nang Kaeo,30150
301416,3014,30,ภูหลวง,Phu Luang,30150
301417,3014,30,ธงชัยเหนือ,Thong Chai Nuea,30150
301418,3014,30,สุขเกษม,Suk Kasem,30150
301419,3014,30,เกษมทรัพย์,Kasem Sap,30150
301420,3014,30,บ่อปลาทอง,Bo Pla Thong,30150
301501,3015,30,ในเมือง,Nai Mueang,30110
301502,3015,30,สัมฤทธิ์,Samrit,30110
301503,3015,30,โบสถ์,Bot,30110
301504,3015,30,กระเบื้องใหญ่,Krabueang Yai,30110
301505,3015,30,ท่าหลวง,Tha Luang,30110
301506,3015,30,รังกาใหญ่,Rang Ka Yai,30110
301507,3015,30,ชีวาน,Chiwan,30110
301508,3015,30,นิคมสร้างตนเอง,Nikhom Sang Ton-Eng,30110
301509,3015,30,กระชอน,Krachon,30110
301510,3015,30,ดงใหญ่,Dong Yai,30110
301511,3015,30,ธารละหลอด,Than Lalot,30110
301512,3015,30,หนองระเวียง,Nong Rawiang,30110
301601,3016,30,ห้วยแถลง,Huai Thalaeng,30240
301602,3016,30,ทับสวาย,Thap Sawai,30240
301603,3016,30,เมืองพลับพลา,Mueang Phlapphla,30240
301604,3016,30,หลุ่งตะเคียน,Lung Takhian,30240
301605,3016,30,หินดาด,Hin Dat,30240
301606,3016,30,งิ้ว,Ngio,30240
301607,3016,30,กงรถ,Kong Rot,30240
301608,3016,30,หลุ่งประดู่,Lung Pradu,30240
301609,3016,30,ตะโก,Tako,30240
301610,3016,30,ห้วยแคน,Huai Khaen,30240
301701,3017,30,ชุมพวง,Chum Phuang,30270
301702,3017,30,ประสุข,Prasuk,30270
301703,3017,30,ท่าลาด,Tha Lat,30270
301704,3017,30,สาหร่าย,Sarai,30270
301705,3017,30,ตลาดไทร,Talat Sai,30270
301710,3017,30,โนนรัง,Non Rang,30270
301714,3017,30,หนองหลัก,Nong Lak,30270
301716,3017,30,โนนตูม,Non Tum,30270
301717,3017,30,โนนยอ,Non Yo,30270
301801,3018,30,สูงเนิน,Sung Noen,30170
301802,3018,30,เสมา,Sema,30170
301803,3018,30,โคราช,Khorat,30170
301804,3018,30,บุ่งขี้เหล็ก,Bung Khi Lek,30170
301805,3018,30,โนนค่า,Non Kha,30170
301806,3018,30,โค้งยาง,Khong Yang,30170
301807,3018,30,มะเกลือเก่า,Makluea Kao,30170
301808,3018,30,มะเกลือใหม่,Makluea Mai,30170
301809,3018,30,นากลาง,Na Klang,30380
301810,3018,30,หนองตะไก้,Nong Takai,30380
301811,3018,30,กุดจิก,Kut Chik,30380
301901,3019,30,ขามทะเลสอ,Kham Thale So,30280
301902,3019,30,โป่งแดง,Pong Daeng,30280
301903,3019,30,พันดุง,Phan Dung,30280
301904,3019,30,หนองสรวง,Nong Suang,30280
301905,3019,30,บึงอ้อ,Bueng O,30280
302001,3020,30,สีคิ้ว,Sikhio,30140
302002,3020,30,บ้านหัน,Ban Han,30140
302003,3020,30,กฤษณา,Kritsana,30140
302004,3020,30,ลาดบัวขาว,Lat Bua Khao,30340
302005,3020,30,หนองหญ้าขาว,Nong Ya Khao,30140
302006,3020,30,กุดน้อย,Kut Noi,30140
302007,3020,30,หนองน้ำใส,Nong Nam Sai,30140
302008,3020,30,วังโรงใหญ่,Wang Rong Yai,30140
302009,3020,30,มิตรภาพ,Mittraphap,30140
302010,3020,30,คลองไผ่,Khlong Phai,30340
302011,3020,30,ดอนเมือง,Don Mueang,30140
302012,3020,30,หนองบัวน้อย,Nong Bua Noi,30140
302101,3021,30,ปากช่อง,Pak Chong,30130
302102,3021,30,กลางดง,Klang Dong,30320
302103,3021,30,จันทึก,Chan Thuek,30130
302104,3021,30,วังกะทะ,Wang Katha,30130
302105,3021,30,หมูสี,Mu Si,30130
302106,3021,30,หนองสาหร่าย,Nong Sarai,30130
302107,3021,30,ขนงพระ,Khanong Phra,30130
302108,3021,30,โป่งตาลอง,Pong Ta Long,30130
302109,3021,30,คลองม่วง,Khlong Muang,30130
302110,3021,30,หนองน้ำแดง,Nong Nam Daeng,30130
302111,3021,30,วังไทร,Wang Sai,30130
302112,3021,30,พญาเย็น,Phaya Yen,30320
302201,3022,30,หนองบุนนาก,Nong Bunnak,30410
302202,3022,30,สารภี,Saraphi,30410
302203,3022,30,ไทยเจริญ,Thai Charoen,30410
302204,3022,30,หนองหัวแรต,Nong Hua Raet,30410
302205,3022,30,แหลมทอง,Laem Thong,30410
302206,3022,30,หนองตะไก้,Nong Takai,30410
302207,3022,30,ลุงเขว้า,Lung Khwao,30410
302208,3022,30,หนองไม้ไผ่,Nong Mai Phai,30410
302209,3022,30,บ้านใหม่,Ban Mai,30410
302301,3023,30,แก้งสนามนาง,Kaeng Sanam Nang,30440
302302,3023,30,โนนสำราญ,Non Samran,30440
302303,3023,30,บึงพะไล,Bueng Phalai,30440
302304,3023,30,สีสุก,Si Suk,30440
302305,3023,30,บึงสำโรง,Bueng Samrong,30440
302401,3024,30,โนนแดง,Non Daeng,30360
302402,3024,30,โนนตาเถร,Non Ta Then,30360
302403,3024,30,สำพะเนียง,Sam Phaniang,30360
302404,3024,30,วังหิน,Wang Hin,30360
302405,3024,30,ดอนยาวใหญ่,Don Yao Yai,30360
302501,3025,30,วังน้ำเขียว,Wang Nam Khiao,30370
302502,3025,30,วังหมี,Wang Mi,30370
302503,3025,30,ระเริง,Raroeng,30150
302504,3025,30,อุดมทรัพย์,Udom Sap,30370
302505,3025,30,ไทยสามัคคี,Thai Samakkhi,30370
302601,3026,30,สำนักตะคร้อ,Samnak Takhro,30210
302602,3026,30,หนองแวง,Nong Waeng,30210
302603,3026,30,บึงปรือ,Bueng Prue,30210
302604,3026,30,วังยายทอง,Wang Yai Thong,30210
302701,3027,30,เมืองยาง,Mueang Yang,30270
302702,3027,30,กระเบื้องนอก,Krabueang Nok,30270
302703,3027,30,ละหานปลาค้าว,Lahan Pla Khao,30270
302704,3027,30,โนนอุดม,Non Udom,30270
302801,3028,30,สระพระ,Sa Phra,30220
302802,3028,30,มาบกราด,Map Krat,30220
302803,3028,30,พังเทียม,Phang Thiam,30220
302804,3028,30,ทัพรั้ง,Thap Rang,30220
302805,3028,30,หนองหอย,Nong Hoi,30220
302901,3029,30,ขุย,Khui,30270
302902,3029,30,บ้านยาง,Ban Yang,30270
302903,3029,30,ช่องแมว,Chong Maeo,30270
302904,3029,30,ไพล,Phrai,30270
303001,3030,30,เมืองพะไล,Mueang Phalai,30120
303002,3030,30,โนนจาน,Non Chan,30120
303003,3030,30,บัวลาย,Bua Lai,30120
303004,3030,30,หนองหว้า,Nong Wa,30120
303101,3031,30,สีดา,Sida,30430
303102,3031,30,โพนทอง,Phon Thong,30430
303103,3031,30,โนนประดู่,Non Pradu,30430
303104,3031,30,สามเมือง,Sam Mueang,30430
303105,3031,30,หนองตาดใหญ่,Nong Tat Yai,30430
303201,3032,30,ช้างทอง,Chang Thong,30230
303202,3032,30,ท่าช้าง,Tha Chang,30230
303203,3032,30,พระพุทธ,Phraphut,30230
303204,3032,30,หนองงูเหลือม,Nong Ngu Lueam,30000
303205,3032,30,หนองยาง,Nong Yang,30230
310101,3101,31,ในเมือง,Nai Mueang,31000
310102,3101,31,อิสาณ,I San,31000
310103,3101,31,เสม็ด,Samet,31000
310104,3101,31,บ้านบัว,Ban Bua,31000
310105,3101,31,สะแกโพรง,Sakae Phrong,31000
310106,3101,31,สวายจีก,Sawai Chik,31000
310108,3101,31,บ้านยาง,Ban Yang,31000
310112,3101,31,พระครู,Phrakhru,31000
310113,3101,31,ถลุงเหล็ก,Thalung Lek,31000
310114,3101,31,หนองตาด,Nong Tat,31000
310117,3101,31,ลุมปุ๊ก,Lumpuk,31000
310118,3101,31,สองห้อง,Song Hong,31000
310119,3101,31,บัวทอง,Bua Thong,31000
310120,3101,31,ชุมเห็ด,Chum Het,31000
310122,3101,31,หลักเขต,Lak Khet,31000
310125,3101,31,สะแกซำ,Sakae Sam,31000
310126,3101,31,กลันทา,Kalantha,31000
310127,3101,31,กระสัง,Krasang,31000
310128,3101,31,เมืองฝาง,Mueang Fang,31000
310201,3102,31,คูเมือง,Khu Mueang,31190
310202,3102,31,ปะเคียบ,Pakhiap,31190
310203,3102,31,บ้านแพ,Ban Phae,31190
310204,3102,31,พรสำราญ,Phon Samran,31190
310205,3102,31,หินเหล็กไฟ,Hin Lek Fai,31190
310206,3102,31,ตูมใหญ่,Tum Yai,31190
310207,3102,31,หนองขมาร,Nong Khaman,31190
310301,3103,31,กระสัง,Krasang,31160
310302,3103,31,ลำดวน,Lamduan,31160
310303,3103,31,สองชั้น,Song Chan,31160
310304,3103,31,สูงเนิน,Sung Noen,31160
310305,3103,31,หนองเต็ง,Nong Teng,31160
310306,3103,31,เมืองไผ่,Mueang Phai,31160
310307,3103,31,ชุมแสง,Chum Saeng,31160
310308,3103,31,บ้านปรือ,Ban Prue,31160
310309,3103,31,ห้วยสำราญ,Huai Samran,31160
310310,3103,31,กันทรารมย์,Kanthararom,31160
310311,3103,31,ศรีภูมิ,Si Phum,31160
310401,3104,31,นางรอง,Nang Rong,31110
310403,3104,31,สะเดา,Sadao,31110
310405,3104,31,ชุมแสง,Chum Saeng,31110
310406,3104,31,หนองโบสถ์,Nong Bot,31110
310408,3104,31,หนองกง,Nong Kong,31110
310413,3104,31,ถนนหัก,Thanon Hak,31110
310414,3104,31,หนองไทร,Nong Sai,31110
310415,3104,31,ก้านเหลือง,Kan Lueang,31110
310416,3104,31,บ้านสิงห์,Ban Sing,31110
310417,3104,31,ลำไทรโยง,Lam Sai Yong,31110
310418,3104,31,ทรัพย์พระยา,Sap Phraya,31110
310424,3104,31,หนองยายพิมพ์,Nong Yai Phim,31110
310425,3104,31,หัวถนน,Hua Thanon,31110
310426,3104,31,ทุ่งแสงทอง,Thung Saeng Thong,31110
310427,3104,31,หนองโสน,Nong Sano,31110
310501,3105,31,หนองกี่,Nong Ki,31210
310502,3105,31,เย้ยปราสาท,Yoei Prasat,31210
310503,3105,31,เมืองไผ่,Mueang Phai,31210
310504,3105,31,ดอนอะราง,Don Arang,31210
310505,3105,31,โคกสว่าง,Khok Sawang,31210
310506,3105,31,ทุ่งกระตาดพัฒนา,Thung Kratat Phatthana,31210
310507,3105,31,ทุ่งกระเต็น,Thung Kraten,31210
310508,3105,31,ท่าโพธิ์ชัย,Tha Pho Chai,31210
310509,3105,31,โคกสูง,Khok Sung,31210
310510,3105,31,บุกระสัง,Bu Krasang,31210
310601,3106,31,ละหานทราย,Lahan Sai,31170
310603,3106,31,ตาจง,Ta Chong,31170
310604,3106,31,สำโรงใหม่,Samrong Mai,31170
310607,3106,31,หนองแวง,Nong Waeng,31170
310610,3106,31,หนองตะครอง,Nong Takhrong,31170
310611,3106,31,โคกว่าน,Khok Wan,31170
310701,3107,31,ประโคนชัย,Prakhon Chai,31140
310702,3107,31,แสลงโทน,Salaeng Thon,31140
310703,3107,31,บ้านไทร,Ban Sai,31140
310705,3107,31,ละเวี้ย,Lawia,31140
310706,3107,31,จรเข้มาก,Chorakhe Mak,31140
310707,3107,31,ปังกู,Pang Ku,31140
310708,3107,31,โคกย่าง,Khok Yang,31140
310710,3107,31,โคกม้า,Khok Ma,31140
310713,3107,31,ไพศาล,Phaisan,31140
310714,3107,31,ตะโกตาพิ,Tako Taphi,31140
310715,3107,31,เขาคอก,Khao Khok,31140
310716,3107,31,หนองบอน,Nong Bon,31140
310718,3107,31,โคกมะขาม,Khok Makham,31140
310719,3107,31,โคกตูม,Khok Tum,31140
310720,3107,31,ประทัดบุ,Prathat Bu,31140
310721,3107,31,สี่เหลี่ยม,Si Liam,31140
310801,3108,31,บ้านกรวด,Ban Kruat,31180
310802,3108,31,โนนเจริญ,Non Charoen,31180
310803,3108,31,หนองไม้งาม,Nong Mai Ngam,31180
310804,3108,31,ปราสาท,Prasat,31180
310805,3108,31,สายตะกู,Sai Taku,31180
310806,3108,31,หินลาด,Hin Lat,31180
310807,3108,31,บึงเจริญ,Bueng Charoen,31180
310808,3108,31,จันทบเพชร,Chanthabophet,31180
310809,3108,31,เขาดินเหนือ,Khao Din Nuea,31180
310901,3109,31,พุทไธสง,Phutthaisong,31120
310902,3109,31,มะเฟือง,Mafueang,31120
310903,3109,31,บ้านจาน,Ban Chan,31120
310906,3109,31,บ้านเป้า,Ban Pao,31120
310907,3109,31,บ้านแวง,Ban Waeng,31120
310909,3109,31,บ้านยาง,Ban Yang,31120
310910,3109,31,หายโศก,Hai Sok,31120
311001,3110,31,ลำปลายมาศ,Lam Plai Mat,31130
311002,3110,31,หนองคู,Nong Khu,31130
311003,3110,31,แสลงพัน,Salaeng Phan,31130
311004,3110,31,ทะเมนชัย,Thamenchai,31130
311005,3110,31,ตลาดโพธิ์,Talat Pho,31130
311006,3110,31,หนองกะทิง,Nong Kathing,31130
311007,3110,31,โคกกลาง,Khok Klang,31130
311008,3110,31,โคกสะอาด,Khok Sa-At,31130
311009,3110,31,เมืองแฝก,Mueang Faek,31130
311010,3110,31,บ้านยาง,Ban Yang,31130
311011,3110,31,ผไทรินทร์,Phathai Rin,31130
311012,3110,31,โคกล่าม,Khok Lam,31130
311013,3110,31,หินโคน,Hin Khon,31130
311014,3110,31,หนองบัวโคก,Nong Bua Khok,31130
311015,3110,31,บุโพธิ์,Bu Pho,31130
311016,3110,31,หนองโดน,Nong Don,31130
311101,3111,31,สตึก,Satuek,31150
311102,3111,31,นิคม,Nikhom,31150
311103,3111,31,ทุ่งวัง,Thung Wang,31150
311104,3111,31,เมืองแก,Mueang Kae,31150
311105,3111,31,หนองใหญ่,Nong Yai,31150
311106,3111,31,ร่อนทอง,Ron Thong,31150
311109,3111,31,ดอนมนต์,Don Mon,31150
311110,3111,31,ชุมแสง,Chum Saeng,31150
311111,3111,31,ท่าม่วง,Tha Muang,31150
311112,3111,31,สะแก,Sakae,31150
311114,3111,31,สนามชัย,Sanam Chai,31150
311115,3111,31,กระสัง,Krasang,31150
311201,3112,31,ปะคำ,Pakham,31220
311202,3112,31,ไทยเจริญ,Thai Charoen,31220
311203,3112,31,หนองบัว,Nong Bua,31220
311204,3112,31,โคกมะม่วง,Khok Mamuang,31220
311205,3112,31,หูทำนบ,Hu Thamnop,31220
311301,3113,31,นาโพธิ์,Na Pho,31230
311302,3113,31,บ้านคู,Ban Khu,31230
311303,3113,31,บ้านดู่,Ban Du,31230
311304,3113,31,ดอนกอก,Don Kok,31230
311305,3113,31,ศรีสว่าง,Si Sawang,31230
311401,3114,31,สระแก้ว,Sa Kaeo,31240
311402,3114,31,ห้วยหิน,Huai Hin,31240
311403,3114,31,ไทยสามัคคี,Thai Samakkhi,31240
311404,3114,31,หนองชัยศรี,Nong Chai Si,31240
311405,3114,31,เสาเดียว,Sao Diao,31240
311406,3114,31,เมืองฝ้าย,Mueang Fai,31240
311407,3114,31,สระทอง,Sa Thong,31240
311501,3115,31,จันดุม,Chan Dum,31250
311502,3115,31,โคกขมิ้น,Khok Khamin,31250
311503,3115,31,ป่าชัน,Pa Chan,31250
311504,3115,31,สะเดา,Sadao,31250
311505,3115,31,สำโรง,Samrong,31250
311601,3116,31,ห้วยราช,Huai Rat,31000
311602,3116,31,สามแวง,Sam Waeng,31000
311603,3116,31,ตาเสา,Ta Sao,31000
311604,3116,31,บ้านตะโก,Ban Tako,31000
311605,3116,31,สนวน,Sanuan,31000
311606,3116,31,โคกเหล็ก,Khok Lek,31000
311607,3116,31,เมืองโพธิ์,Mueang Pho,31000
311608,3116,31,ห้วยราชา,Huai Racha,31000
311701,3117,31,โนนสุวรรณ,Non Suwan,31110
311702,3117,31,ทุ่งจังหัน,Thung Changhan,31110
311703,3117,31,โกรกแก้ว,Krok Kaeo,31110
311704,3117,31,ดงอีจาน,Dong I Chan,31110
311801,3118,31,ชำนิ,Chamni,31110
311802,3118,31,หนองปล่อง,Nong Plong,31110
311803,3118,31,เมืองยาง,Mueang Yang,31110
311804,3118,31,ช่อผกา,Cho Phaka,31110
311805,3118,31,ละลวด,Laluat,31110
311806,3118,31,โคกสนวน,Khok Sanuan,31110
311901,3119,31,หนองแวง,Nong Waeng,31120
311902,3119,31,ทองหลาง,Thong Lang,31120
311903,3119,31,แดงใหญ่,Daeng Yai,31120
311904,3119,31,กู่สวนแตง,Ku Suan Taeng,31120
311905,3119,31,หนองเยือง,Nong Yueang,31120
312001,3120,31,โนนดินแดง,Non Din Daeng,31260
312002,3120,31,ส้มป่อย,Som Poi,31260
312003,3120,31,ลำนางรอง,Lam Nang Rong,31260
312101,3121,31,บ้านด่าน,Ban Dan,31000
312102,3121,31,ปราสาท,Prasat,31000
312103,3121,31,วังเหนือ,Wang Nuea,31000
312104,3121,31,โนนขวาง,Non Khwang,31000
312201,3122,31,แคนดง,Khaen Dong,31150
312202,3122,31,ดงพลอง,Dong Phlong,31150
312203,3122,31,สระบัว,Sa Bua,31150
312204,3122,31,หัวฝาย,Hua Fai,31150
312301,3123,31,เจริญสุข,Charoen Suk,31110
312302,3123,31,ตาเป๊ก,Ta Pek,31110
312303,3123,31,อีสานเขต,Isan Khet,31110
312304,3123,31,ถาวร,Thawon,31170
312305,3123,31,ยายแย้มวัฒนา,Yai Yaem Watthana,31170
320101,3201,32,ในเมือง,Nai Mueang,32000
320102,3201,32,ตั้งใจ,Tang Chai,32000
320103,3201,32,เพี้ยราม,Phia Ram,32000
320104,3201,32,นาดี,Na Di,32000
320105,3201,32,ท่าสว่าง,Tha Sawang,32000
320106,3201,32,สลักได,Salak Dai,32000
320107,3201,32,ตาอ็อง,Ta-Ong,32000
320109,3201,32,สำโรง,Samrong,32000
320110,3201,32,แกใหญ่,Kae Yai,32000
320111,3201,32,นอกเมือง,Nok Mueang,32000
320112,3201,32,คอโค,Kho Kho,32000
320113,3201,32,สวาย,Sawat,32000
320114,3201,32,เฉนียง,Chaniang,32000
320116,3201,32,เทนมีย์,Then Mi,32000
320118,3201,32,นาบัว,Na Bua,32000
320119,3201,32,เมืองที,Mueang Thi,32000
320120,3201,32,ราม,Ram,32000
320121,3201,32,บุฤาษี,Bu Ruesi,32000
320122,3201,32,ตระแสง,Trasaeng,32000
320125,3201,32,แสลงพันธ์,Salaeng Phan,32000
320126,3201,32,กาเกาะ,Ka Ko,32000
320201,3202,32,ชุมพลบุรี,Chumphon Buri,32190
320202,3202,32,นาหนองไผ่,Na Nong Phai,32190
320203,3202,32,ไพรขลา,Phrai Khla,32190
320204,3202,32,ศรีณรงค์,Si Narong,32190
320205,3202,32,ยะวึก,Yawuek,32190
320206,3202,32,เมืองบัว,Mueang Bua,32190
320207,3202,32,สระขุด,Sa Khut,32190
320208,3202,32,กระเบื้อง,Krabueang,32190
320209,3202,32,หนองเรือ,Nong Ruea,32190
320301,3203,32,ท่าตูม,Tha Tum,32120
320302,3203,32,กระโพ,Krapho,32120
320303,3203,32,พรมเทพ,Phrom Thep,32120
320304,3203,32,โพนครก,Phon Khrok,32120
320305,3203,32,เมืองแก,Mueang Kae,32120
320306,3203,32,บะ,Ba,32120
320307,3203,32,หนองบัว,Nong Bua,32120
320308,3203,32,บัวโคก,Bua Khok,32120
320309,3203,32,หนองเมธี,Nong Methi,32120
320310,3203,32,ทุ่งกุลา,Thung Kula,32120
320401,3204,32,จอมพระ,Chom Phra,32180
320402,3204,32,เมืองลีง,Mueang Lueng,32180
320403,3204,32,กระหาด,Krahat,32180
320404,3204,32,บุแกรง,Bu Kraeng,32180
320405,3204,32,หนองสนิท,Nong Sanit,32180
320406,3204,32,บ้านผือ,Ban Phue,32180
320407,3204,32,ลุ่มระวี,Lum Rawi,32180
320408,3204,32,ชุมแสง,Chum Saeng,32180
320409,3204,32,เป็นสุข,Pen Suk,32180
320501,3205,32,กังแอน,Kang Aen,32140
320502,3205,32,ทมอ,Thamo,32140
320503,3205,32,ไพล,Phrai,32140
320504,3205,32,ปรือ,Prue,32140
320505,3205,32,ทุ่งมน,Thung Mon,32140
320506,3205,32,ตาเบา,Ta Bao,32140
320507,3205,32,หนองใหญ่,Nong Yai,32140
320508,3205,32,โคกยาง,Khok Yang,32140
320509,3205,32,โคกสะอาด,Khok Sa-At,32140
320510,3205,32,บ้านไทร,Ban Sai,32140
320511,3205,32,โชคนาสาม,Chok Na Sam,32140
320512,3205,32,เชื้อเพลิง,Chue Phloeng,32140
320513,3205,32,ปราสาททนง,Prasat Thanong,32140
320514,3205,32,ตานี,Tani,32140
320515,3205,32,บ้านพลวง,Ban Phluang,32140
320516,3205,32,กันตวจระมวล,Kanta Wacharamuan,32140
320517,3205,32,สมุด,Samut,32140
320518,3205,32,ประทัดบุ,Prathat Bu,32140
320601,3206,32,กาบเชิง,Kap Choeng,32210
320604,3206,32,คูตัน,Khu Tan,32210
320605,3206,32,ด่าน,Dan,32210
320606,3206,32,แนงมุด,Naeng Mut,32210
320607,3206,32,โคกตะเคียน,Khok Takhian,32210
320610,3206,32,ตะเคียน,Takhian,32210
320701,3207,32,รัตนบุรี,Rattana Buri,32130
320702,3207,32,ธาตุ,That,32130
320703,3207,32,แก,Kae,32130
320704,3207,32,ดอนแรด,Don Raet,32130
320705,3207,32,หนองบัวทอง,Nong Bua Thong,32130
320706,3207,32,หนองบัวบาน,Nong Bua Ban,32130
320709,3207,32,ไผ่,Phai,32130
320711,3207,32,เบิด,Boet,32130
320713,3207,32,น้ำเขียว,Nam Khiao,32130
320714,3207,32,กุดขาคีม,Kut Kha Khim,32130
320715,3207,32,ยางสว่าง,Yang Sawang,32130
320716,3207,32,ทับใหญ่,Thap Yai,32130
320801,3208,32,สนม,Sanom,32160
320802,3208,32,โพนโก,Phon Ko,32160
320803,3208,32,หนองระฆัง,Nong Rakhang,32160
320804,3208,32,นานวน,Na Nuan,32160
320805,3208,32,แคน,Khaen,32160
320806,3208,32,หัวงัว,Hua Ngua,32160
320807,3208,32,หนองอียอ,Nong I Yo,32160
320901,3209,32,ระแงง,Ra-Ngaeng,32110
320902,3209,32,ตรึม,Truem,32110
320903,3209,32,จารพัต,Charaphat,32110
320904,3209,32,ยาง,Yang,32110
320905,3209,32,แตล,Tlae,32110
320906,3209,32,หนองบัว,Nong Bua,32110
320907,3209,32,คาละแมะ,Khalamae,32110
320908,3209,32,หนองเหล็ก,Nong Lek,32110
320909,3209,32,หนองขวาว,Nong Khwao,32110
320910,3209,32,ช่างปี่,Chang Pi,32110
320911,3209,32,กุดหวาย,Kut Wai,32110
320912,3209,32,ขวาวใหญ่,Khwao Yai,32110
320913,3209,32,นารุ่ง,Na Rung,32110
320914,3209,32,ตรมไพร,Trom Phrai,32110
320915,3209,32,ผักไหม,Phak Mai,32110
321001,3210,32,สังขะ,Sangkha,32150
321002,3210,32,ขอนแตก,Khon Taek,32150
321006,3210,32,ดม,Dom,32150
321007,3210,32,พระแก้ว,Phra Kaeo,32150
321008,3210,32,บ้านจารย์,Ban Chan,32150
321009,3210,32,กระเทียม,Krathiam,32150
321010,3210,32,สะกาด,Sakat,32150
321011,3210,32,ตาตุม,Tatum,32150
321012,3210,32,ทับทัน,Thapthan,32150
321013,3210,32,ตาคง,Ta Khong,32150
321015,3210,32,บ้านชบ,Ban Chop,32150
321017,3210,32,เทพรักษา,Thep Raksa,32150
321101,3211,32,ลำดวน,Lamduan,32220
321102,3211,32,โชคเหนือ,Chok Nuea,32220
321103,3211,32,อู่โลก,U Lok,32220
321104,3211,32,ตรำดม,Tramdom,32220
321105,3211,32,ตระเปียงเตีย,Trapiang Tia,32220
321201,3212,32,สำโรงทาบ,Samrong Thap,32170
321202,3212,32,หนองไผ่ล้อม,Nong Phai Lom,32170
321203,3212,32,กระออม,Kra-Om,32170
321204,3212,32,หนองฮะ,Nong Ha,32170
321205,3212,32,ศรีสุข,Si Suk,32170
321206,3212,32,เกาะแก้ว,Ko Kaeo,32170
321207,3212,32,หมื่นศรี,Muen Si,32170
321208,3212,32,เสม็จ,Samet,32170
321209,3212,32,สะโน,Sano,32170
321210,3212,32,ประดู่,Pradu,32170
321301,3213,32,บัวเชด,Bua Chet,32230
321302,3213,32,สะเดา,Sadao,32230
321303,3213,32,จรัส,Charat,32230
321304,3213,32,ตาวัง,Ta Wang,32230
321305,3213,32,อาโพน,A Phon,32230
321306,3213,32,สำเภาลูน,Samphao Lun,32230
321401,3214,32,บักได,Bak Dai,32140
321402,3214,32,โคกกลาง,Khok Klang,32140
321403,3214,32,จีกแดก,Chik Daek,32140
321404,3214,32,ตาเมียง,Ta Miang,32140
321501,3215,32,ณรงค์,Narong,32150
321502,3215,32,แจนแวน,Chaen Waen,32150
321503,3215,32,ตรวจ,Truat,32150
321504,3215,32,หนองแวง,Nong Waeng,32150
321505,3215,32,ศรีสุข,Si Suk,32150
321601,3216,32,เขวาสินรินทร์,Khewa Sinarin,32000
321602,3216,32,บึง,Bueng,32000
321603,3216,32,ตากูก,Ta Kuk,32000
321604,3216,32,ปราสาททอง,Prasat Thong,32000
321605,3216,32,บ้านแร่,Ban Rae,32000
321701,3217,32,หนองหลวง,Nong Luang,32130
321702,3217,32,คำผง,Kham Phong,32130
321703,3217,32,โนน,Non,32130
321704,3217,32,ระเวียง,Rawiang,32130
321705,3217,32,หนองเทพ,Nong Thep,32130
330101,3301,33,เมืองเหนือ,Mueang Nuea,33000
330102,3301,33,เมืองใต้,Mueang Tai,33000
330103,3301,33,คูซอด,Khu Sot,33000
330104,3301,33,ซำ,Sam,33000
330105,3301,33,จาน,Chan,33000
330106,3301,33,ตะดอบ,Tadop,33000
330107,3301,33,หนองครก,Nong Khrok,33000
330111,3301,33,โพนข่า,Phon Kha,33000
330112,3301,33,โพนค้อ,Phon Kho,33000
330115,3301,33,โพนเขวา,Phon Khwao,33000
330116,3301,33,หญ้าปล้อง,Ya Plong,33000
330118,3301,33,ทุ่ม,Thum,33000
330119,3301,33,หนองไฮ,Nong Hai,33000
330121,3301,33,หนองแก้ว,Nong Kaeo,33000
330122,3301,33,น้ำคำ,Nam Kham,33000
330123,3301,33,โพธิ์,Pho,33000
330124,3301,33,หมากเขียบ,Mak Khiap,33000
330127,3301,33,หนองไผ่,Nong Phai,33000
330201,3302,33,ยางชุมน้อย,Yang Chum Noi,33190
330202,3302,33,ลิ้นฟ้า,Lin Fa,33190
330203,3302,33,คอนกาม,Khon Kam,33190
330204,3302,33,โนนคูณ,Non Khun,33190
330205,3302,33,กุดเมืองฮาม,Kut Mueang Ham,33190
330206,3302,33,บึงบอน,Bueng Bon,33190
330207,3302,33,ยางชุมใหญ่,Yang Chum Yai,33190
330301,3303,33,ดูน,Dun,33130
330302,3303,33,โนนสัง,Non Sang,33130
330303,3303,33,หนองหัวช้าง,Nong Hua Chang,33130
330304,3303,33,ยาง,Yang,33130
330305,3303,33,หนองแวง,Nong Waeng,33130
330306,3303,33,หนองแก้ว,Nong Kaeo,33130
330307,3303,33,ทาม,Tham,33130
330308,3303,33,ละทาย,Lathai,33130
330309,3303,33,เมืองน้อย,Mueang Noi,33130
330310,3303,33,อีปาด,I Pat,33130
330311,3303,33,บัวน้อย,Bua Noi,33130
330312,3303,33,หนองบัว,Nong Bua,33130
330313,3303,33,ดู่,Du,33130
330314,3303,33,ผักแพว,Phak Phaeo,33130
330315,3303,33,จาน,Chan,33130
330320,3303,33,คำเนียม,Kham Niam,33130
330401,3304,33,บึงมะลู,Bueng Malu,33110
330402,3304,33,กุดเสลา,Kut Salao,33110
330403,3304,33,เมือง,Mueang,33110
330405,3304,33,สังเม็ก,Sang Mek,33110
330406,3304,33,น้ำอ้อม,Nam Om,33110
330407,3304,33,ละลาย,Lalai,33110
330408,3304,33,รุง,Rung,33110
330409,3304,33,ตระกาจ,Trakat,33110
330411,3304,33,จานใหญ่,Chan Yai,33110
330412,3304,33,ภูเงิน,Phu Ngoen,33110
330413,3304,33,ชำ,Cham,33110
330414,3304,33,กระแชง,Krachaeng,33110
330415,3304,33,โนนสำราญ,Non Samran,33110
330416,3304,33,หนองหญ้าลาด,Nong Ya Lat,33110
330419,3304,33,เสาธงชัย,Sao Thong Chai,33110
330420,3304,33,ขนุน,Khanun,33110
330421,3304,33,สวนกล้วย,Suan Kluai,33110
330423,3304,33,เวียงเหนือ,Wiang Nuea,33110
330424,3304,33,ทุ่งใหญ่,Thung Yai,33110
330425,3304,33,ภูผาหมอก,Phu Pha Mok,33110
330501,3305,33,กันทรารมย์,Kanthararom,33140
330502,3305,33,จะกง,Cha Kong,33140
330503,3305,33,ใจดี,Chai Di,33140
330504,3305,33,ดองกำเม็ด,Dong Kammet,33140
330505,3305,33,โสน,Sano,33140
330506,3305,33,ปรือใหญ่,Prue Yai,33140
330507,3305,33,สะเดาใหญ่,Sadao Yai,33140
330508,3305,33,ตาอุด,Ta Ut,33140
330509,3305,33,ห้วยเหนือ,Huai Nuea,33140
330510,3305,33,ห้วยใต้,Huai Tai,33140
330511,3305,33,หัวเสือ,Hua Suea,33140
330513,3305,33,ตะเคียน,Takhian,33140
330515,3305,33,นิคมพัฒนา,Nikhom Phatthana,33140
330517,3305,33,โคกเพชร,Khok Phet,33140
330518,3305,33,ปราสาท,Prasat,33140
330521,3305,33,สำโรงตาเจ็น,Samrong Ta Chen,33140
330522,3305,33,ห้วยสำราญ,Huai Samran,33140
330524,3305,33,กฤษณา,Kritsana,33140
330525,3305,33,ลมศักดิ์,Lom Sak,33140
330526,3305,33,หนองฉลอง,Nong Chalong,33140
330527,3305,33,ศรีตระกูล,Si Trakun,33140
330528,3305,33,ศรีสะอาด,Si Sa-At,33140
330601,3306,33,ไพรบึง,Phrai Bueng,33180
330602,3306,33,ดินแดง,Din Daeng,33180
330603,3306,33,ปราสาทเยอ,Prasat Yoe,33180
330604,3306,33,สำโรงพลัน,Samrong Phlan,33180
330605,3306,33,สุขสวัสดิ์,Suk Sawat,33180
330606,3306,33,โนนปูน,Non Pun,33180
330701,3307,33,พิมาย,Phimai,33170
330702,3307,33,กู่,Ku,33170
330703,3307,33,หนองเชียงทูน,Nong Chiang Thun,33170
330704,3307,33,ตูม,Tum,33170
330705,3307,33,สมอ,Samo,33170
330706,3307,33,โพธิ์ศรี,Pho Si,33170
330707,3307,33,สำโรงปราสาท,Samrong Prasat,33170
330708,3307,33,ดู่,Du,33170
330709,3307,33,สวาย,Sawat,33170
330710,3307,33,พิมายเหนือ,Phimai Nuea,33170
330801,3308,33,สิ,Si,33150
330802,3308,33,บักดอง,Bak Dong,33150
330803,3308,33,พราน,Phran,33150
330804,3308,33,โพธิ์วงศ์,Pho Wong,33150
330805,3308,33,ไพร,Phrai,33150
330806,3308,33,กระหวัน,Krawan,33150
330807,3308,33,ขุนหาญ,Khun Han,33150
330808,3308,33,โนนสูง,Non Sung,33150
330809,3308,33,กันทรอม,Kan Throm,33150
330810,3308,33,ภูฝ้าย,Phu Fai,33150
330811,3308,33,โพธิ์กระสังข์,Pho Krasang,33150
330812,3308,33,ห้วยจันทร์,Huai Chan,33150
330901,3309,33,เมืองคง,Mueang Khong,33160
330902,3309,33,เมืองแคน,Mueang Khaen,33160
330903,3309,33,หนองแค,Nong Khae,33160
330906,3309,33,จิกสังข์ทอง,Chik Sang Thong,33160
330907,3309,33,ด่าน,Dan,33160
330908,3309,33,ดู่,Du,33160
330909,3309,33,หนองอึ่ง,Nong Ueng,33160
330910,3309,33,บัวหุ่ง,Bua Hung,33160
330911,3309,33,ไผ่,Phai,33160
330912,3309,33,ส้มป่อย,Som Poi,33160
330913,3309,33,หนองหมี,Nong Mi,33160
330914,3309,33,หว้านคำ,Wan Kham,33160
330915,3309,33,สร้างปี่,Sang Pi,33160
331001,3310,33,กำแพง,Kamphaeng,33120
331002,3310,33,อี่หล่ำ,I Lam,33120
331003,3310,33,ก้านเหลือง,Kan Lueang,33120
331004,3310,33,ทุ่งไชย,Thung Chai,33120
331005,3310,33,สำโรง,Samrong,33120
331006,3310,33,แขม,Khaem,33120
331007,3310,33,หนองไฮ,Nong Hai,33120
331008,3310,33,ขะยูง,Khayung,33120
331010,3310,33,ตาเกษ,Ta Kat,33120
331011,3310,33,หัวช้าง,Hua Chang,33120
331012,3310,33,รังแร้ง,Rang Raeng,33120
331014,3310,33,แต้,Tae,33120
331015,3310,33,แข้,Khae,33120
331016,3310,33,โพธิ์ชัย,Pho Chai,33120
331017,3310,33,ปะอาว,Pa-Ao,33120
331018,3310,33,หนองห้าง,Nong Hang,33120
331022,3310,33,สระกำแพงใหญ่,Sa Kamphaeng Yai,33120
331024,3310,33,โคกหล่าม,Khok Lam,33120
331025,3310,33,โคกจาน,Khok Chan,33120
331101,3311,33,เป๊าะ,Po,33220
331102,3311,33,บึงบูรพ์,Bueng Bun,33220
331201,3312,33,ห้วยทับทัน,Huai Thapthan,33210
331202,3312,33,เมืองหลวง,Mueang Luang,33210
331203,3312,33,กล้วยกว้าง,Kluai Kwang,33210
331204,3312,33,ผักไหม,Phak Mai,33210
331205,3312,33,จานแสนไชย,Chan Saen Chai,33210
331206,3312,33,ปราสาท,Prasat,33210
331301,3313,33,โนนค้อ,Non Kho,33250
331302,3313,33,บก,Bok,33250
331303,3313,33,โพธิ์,Pho,33250
331304,3313,33,หนองกุง,Nong Kung,33250
331305,3313,33,เหล่ากวาง,Lao Kwang,33250
331401,3314,33,ศรีแก้ว,Si Kaeo,33240
331402,3314,33,พิงพวย,Phing Phuai,33240
331403,3314,33,สระเยาว์,Sa Yao,33240
331404,3314,33,ตูม,Tum,33240
331405,3314,33,เสื่องข้าว,Sueang Khao,33240
331406,3314,33,ศรีโนนงาม,Si Non Ngam,33240
331407,3314,33,สะพุง,Saphung,33240
331501,3315,33,น้ำเกลี้ยง,Nam Kliang,33130
331502,3315,33,ละเอาะ,La-O,33130
331503,3315,33,ตองปิด,Tong Pit,33130
331504,3315,33,เขิน,Khoen,33130
331505,3315,33,รุ่งระวี,Rung Rawi,33130
331506,3315,33,คูบ,Khup,33130
331601,3316,33,บุสูง,Bu Sung,33270
331602,3316,33,ธาตุ,That,33270
331603,3316,33,ดวนใหญ่,Duan Yai,33270
331604,3316,33,บ่อแก้ว,Bo Kaeo,33270
331605,3316,33,ศรีสำราญ,Si Samran,33270
331606,3316,33,ทุ่งสว่าง,Thung Sawang,33270
331607,3316,33,วังหิน,Wang Hin,33270
331608,3316,33,โพนยาง,Phon Yang,33270
331701,3317,33,โคกตาล,Khok Tan,33140
331702,3317,33,ห้วยตามอญ,Huai Ta Mon,33140
331703,3317,33,ห้วยตึ๊กชู,Huai Tuek Chu,33140
331704,3317,33,ละลม,Lalom,33140
331705,3317,33,ตะเคียนราม,Takhian Ram,33140
331706,3317,33,ดงรัก,Dong Rak,33140
331707,3317,33,ไพรพัฒนา,Phrai Phatthana,33140
331801,3318,33,เมืองจันทร์,Mueang Chan,33120
331802,3318,33,ตาโกน,Ta Kon,33120
331803,3318,33,หนองใหญ่,Nong Yai,33120
331901,3319,33,เสียว,Siao,33110
331902,3319,33,หนองหว้า,Nong Wa,33110
331903,3319,33,หนองงูเหลือม,Nong Ngu Lueam,33110
331904,3319,33,หนองฮาง,Nong Hang,33110
331905,3319,33,ท่าคล้อ,Tha Khlo,33110
332001,3320,33,พยุห์,Phayu,33230
332002,3320,33,พรหมสวัสดิ์,Phrom Sawat,33230
332003,3320,33,ตำแย,Tamyae,33230
332004,3320,33,โนนเพ็ก,Non Phek,33230
332005,3320,33,หนองค้า,Nong Kha,33230
332101,3321,33,โดด,Dot,33120
332102,3321,33,เสียว,Siao,33120
332103,3321,33,หนองม้า,Nong Ma,33120
332104,3321,33,ผือใหญ่,Phue Yai,33120
332105,3321,33,อีเซ,I Se,33120
332201,3322,33,กุง,Kung,33160
332202,3322,33,คลีกลิ้ง,Khli Kling,33160
332203,3322,33,หนองบัวดง,Nong Bua Dong,33160
332204,3322,33,โจดม่วง,Chot Muang,33160
340101,3401,34,ในเมือง,Nai Mueang,34000
340104,3401,34,หัวเรือ,Hua Ruea,34000
340105,3401,34,หนองขอน,Nong Khon,34000
340107,3401,34,ปทุม,Pathum,34000
340108,3401,34,ขามใหญ่,Kham Yai,34000
340109,3401,34,แจระแม,Chaeramae,34000
340111,3401,34,หนองบ่อ,Nong Bo,34000
340112,3401,34,ไร่น้อย,Rai Noi,34000
340113,3401,34,กระโสบ,Krasop,34000
340116,3401,34,กุดลาด,Kut Lat,34000
340119,3401,34,ขี้เหล็ก,Khi Lek,34000
340120,3401,34,ปะอาว,Pa-Ao,34000
340201,3402,34,นาคำ,Na Kham,34250
340202,3402,34,แก้งกอก,Kaeng Kok,34250
340203,3402,34,เอือดใหญ่,Ueat Yai,34250
340204,3402,34,วาริน,Warin,34250
340205,3402,34,ลาดควาย,Lat Khwai,34250
340206,3402,34,สงยาง,Song Yang,34250
340207,3402,34,ตะบ่าย,Tabai,34250
340208,3402,34,คำไหล,Kham Lai,34250
340209,3402,34,หนามแท่ง,Nam Thaeng,34250
340210,3402,34,นาเลิน,Na Loen,34250
340211,3402,34,ดอนใหญ่,Don Yai,34250
340301,3403,34,โขงเจียม,Khong Chiam,34220
340302,3403,34,ห้วยยาง,Huai Yang,34220
340303,3403,34,นาโพธิ์กลาง,Na Pho Klang,34220
340304,3403,34,หนองแสงใหญ่,Nong Saeng Yai,34220
340305,3403,34,ห้วยไผ่,Huai Phai,34220
340401,3404,34,เขื่องใน,Khueang Nai,34150
340402,3404,34,สร้างถ่อ,Sang Tho,34150
340403,3404,34,ค้อทอง,Kho Thong,34150
340404,3404,34,ก่อเอ้,Ko-E,34150
340405,3404,34,หัวดอน,Hua Don,34150
340406,3404,34,ชีทวน,Chi Tuan,34150
340407,3404,34,ท่าไห,Tha Hai,34150
340408,3404,34,นาคำใหญ่,Na Kham Yai,34150
340409,3404,34,แดงหม้อ,Daeng Mo,34150
340410,3404,34,ธาตุน้อย,That Noi,34150
340411,3404,34,บ้านไทย,Ban Thai,34320
340412,3404,34,บ้านกอก,Ban Kok,34320
340413,3404,34,กลางใหญ่,Klang Yai,34320
340414,3404,34,โนนรัง,Non Rang,34320
340415,3404,34,ยางขี้นก,Yang Khi Nok,34150
340416,3404,34,ศรีสุข,Si Suk,34150
340417,3404,34,สหธาตุ,Sahathat,34150
340418,3404,34,หนองเหล่า,Nong Lao,34150
340501,3405,34,เขมราฐ,Khemarat,34170
340503,3405,34,ขามป้อม,Kham Pom,34170
340504,3405,34,เจียด,Chiat,34170
340507,3405,34,หนองผือ,Nong Phue,34170
340508,3405,34,นาแวง,Na Waeng,34170
340510,3405,34,แก้งเหนือ,Kaeng Nuea,34170
340511,3405,34,หนองนกทา,Nong Nok Tha,34170
340512,3405,34,หนองสิม,Nong Sim,34170
340513,3405,34,หัวนา,Hua Na,34170
340701,3407,34,เมืองเดช,Mueang Det,34160
340702,3407,34,นาส่วง,Na Suang,34160
340704,3407,34,นาเจริญ,Na Charoen,34160
340706,3407,34,ทุ่งเทิง,Thung Thoeng,34160
340708,3407,34,สมสะอาด,Som Sa-At,34160
340709,3407,34,กุดประทาย,Kut Prathai,34160
340710,3407,34,ตบหู,Top Hu,34160
340711,3407,34,กลาง,Klang,34160
340712,3407,34,แก้ง,Kaeng,34160
340713,3407,34,ท่าโพธิ์ศรี,Tha Pho Si,34160
340715,3407,34,บัวงาม,Bua Ngam,34160
340716,3407,34,คำครั่ง,Kham Khrang,34160
340717,3407,34,นากระแซง,Na Krasaeng,34160
340720,3407,34,โพนงาม,Phon Ngam,34160
340721,3407,34,ป่าโมง,Pa Mong,34160
340723,3407,34,โนนสมบูรณ์,Non Sombun,34160
340801,3408,34,นาจะหลวย,Na Chaluai,34280
340802,3408,34,โนนสมบูรณ์,Non Sombun,34280
340803,3408,34,พรสวรรค์,Phon Sawan,34280
340804,3408,34,บ้านตูม,Ban Tum,34280
340805,3408,34,โสกแสง,Sok Saeng,34280
340806,3408,34,โนนสวรรค์,Non Sawan,34280
340901,3409,34,โซง,Song,34260
340903,3409,34,ยาง,Yang,34260
340904,3409,34,โดมประดิษฐ์,Dom Pradit,34260
340906,3409,34,บุเปือย,Bu Pueai,34260
340907,3409,34,สีวิเชียร,Si Wichian,34260
340909,3409,34,ยางใหญ่,Yang Yai,34260
340911,3409,34,เก่าขาม,Kao Kham,34260
341001,3410,34,โพนงาม,Phon Ngam,34230
341002,3410,34,ห้วยข่า,Huai Kha,34230
341003,3410,34,คอแลน,Kho Laen,34230
341004,3410,34,นาโพธิ์,Na Pho,34230
341005,3410,34,หนองสะโน,Nong Sano,34230
341006,3410,34,โนนค้อ,Non Kho,34230
341007,3410,34,บัวงาม,Bua Ngam,34230
341008,3410,34,บ้านแมด,Ban Maet,34230
341101,3411,34,ขุหลุ,Khulu,34130
341102,3411,34,กระเดียน,Kradian,34130
341103,3411,34,เกษม,Kasem,34130
341104,3411,34,กุศกร,Kusakon,34130
341105,3411,34,ขามเปี้ย,Kham Pia,34130
341106,3411,34,คอนสาย,Khon Sai,34130
341107,3411,34,โคกจาน,Khok Chan,34130
341108,3411,34,นาพิน,Na Phin,34130
341109,3411,34,นาสะไม,Na Samai,34130
341110,3411,34,โนนกุง,Non Kung,34130
341111,3411,34,ตระการ,Trakan,34130
341112,3411,34,ตากแดด,Tak Daet,34130
341113,3411,34,ไหล่ทุ่ง,Lai Thung,34130
341114,3411,34,เป้า,Pao,34130
341115,3411,34,เซเป็ด,Se Pet,34130
341116,3411,34,สะพือ,Saphue,34130
341117,3411,34,หนองเต่า,Nong Tao,34130
341118,3411,34,ถ้ำแข้,Tham Khae,34130
341119,3411,34,ท่าหลวง,Tha Luang,34130
341120,3411,34,ห้วยฝ้ายพัฒนา,Huai Fai Phatthana,34130
341121,3411,34,กุดยาลวน,Kut Ya Luan,34130
341122,3411,34,บ้านแดง,Ban Daeng,34130
341123,3411,34,คำเจริญ,Kham Charoen,34130
341201,3412,34,ข้าวปุ้น,Khao Pun,34270
341202,3412,34,โนนสวาง,Non Sawang,34270
341203,3412,34,แก่งเค็ง,Kaeng Kheng,34270
341204,3412,34,กาบิน,Kabin,34270
341205,3412,34,หนองทันน้ำ,Nong Than Nam,34270
341401,3414,34,ม่วงสามสิบ,Muang Sam Sip,34140
341402,3414,34,เหล่าบก,Lao Bok,34140
341403,3414,34,ดุมใหญ่,Dum Yai,34140
341404,3414,34,หนองช้างใหญ่,Nong Chang Yai,34140
341405,3414,34,หนองเมือง,Nong Mueang,34140
341406,3414,34,เตย,Toei,34140
341407,3414,34,ยางสักกระโพหลุ่ม,Yang Sak Krapho Lum,34140
341408,3414,34,หนองไข่นก,Nong Khai Nok,34140
341409,3414,34,หนองเหล่า,Nong Lao,34140
341410,3414,34,หนองฮาง,Nong Hang,34140
341411,3414,34,ยางโยภาพ,Yang Yo Phap,34140
341412,3414,34,ไผ่ใหญ่,Phai Yai,34140
341413,3414,34,นาเลิง,Na Loeng,34140
341414,3414,34,โพนแพง,Phon Phaeng,34140
341501,3415,34,วารินชำราบ,Warin Chamrap,34190
341502,3415,34,ธาตุ,That,34190
341504,3415,34,ท่าลาด,Tha Lat,34310
341505,3415,34,โนนโหนน,Non Non,34190
341507,3415,34,คูเมือง,Khu Mueang,34190
341508,3415,34,สระสมิง,Sa Saming,34190
341510,3415,34,คำน้ำแซบ,Kham Nam Sap,34190
341511,3415,34,บุ่งหวาย,Bung Wai,34310
341515,3415,34,คำขวาง,Kham Khwang,34190
341516,3415,34,โพธิ์ใหญ่,Pho Yai,34190
341518,3415,34,แสนสุข,Saen Suk,34190
341520,3415,34,หนองกินเพล,Nong Kin Phlen,34190
341521,3415,34,โนนผึ้ง,Non Phueng,34190
341522,3415,34,เมืองศรีไค,Mueang Si Khai,34190
341524,3415,34,ห้วยขะยุง,Huai Khayung,34310
341526,3415,34,บุ่งไหม,Bung Mai,34190
341901,3419,34,พิบูล,Phibun,34110
341902,3419,34,กุดชมภู,Kut Chomphu,34110
341904,3419,34,ดอนจิก,Don Chik,34110
341905,3419,34,ทรายมูล,Sai Mun,34110
341906,3419,34,นาโพธิ์,Na Pho,34110
341907,3419,34,โนนกลาง,Non Klang,34110
341909,3419,34,โพธิ์ไทร,Pho Sai,34110
341910,3419,34,โพธิ์ศรี,Pho Si,34110
341911,3419,34,ระเว,Rawe,34110
341912,3419,34,ไร่ใต้,Rai Tai,34110
341913,3419,34,หนองบัวฮี,Nong Bua Hi,34110
341914,3419,34,อ่างศิลา,Ang Sila,34110
341918,3419,34,โนนกาหลง,Non Kalong,34110
341919,3419,34,บ้านแขม,Ban Khaem,34110
342001,3420,34,ตาลสุม,Tan Sum,34330
342002,3420,34,สำโรง,Samrong,34330
342003,3420,34,จิกเทิง,Chik Thoeng,34330
342004,3420,34,หนองกุง,Nong Kung,34330
342005,3420,34,นาคาย,Na Khai,34330
342006,3420,34,คำหว้า,Kham Wa,34330
342101,3421,34,โพธิ์ไทร,Pho Sai,34340
342102,3421,34,ม่วงใหญ่,Muang Yai,34340
342103,3421,34,สำโรง,Samrong,34340
342104,3421,34,สองคอน,Song Khon,34340
342105,3421,34,สารภี,Saraphi,34340
342106,3421,34,เหล่างาม,Lao Ngam,34340
342201,3422,34,สำโรง,Samrong,34360
342202,3422,34,โคกก่อง,Khok Kong,34360
342203,3422,34,หนองไฮ,Nong Hai,34360
342204,3422,34,ค้อน้อย,Kho Noi,34360
342205,3422,34,โนนกาเล็น,Non Kalen,34360
342206,3422,34,โคกสว่าง,Khok Sawang,34360
342207,3422,34,โนนกลาง,Non Klang,34360
342208,3422,34,บอน,Bon,34360
342209,3422,34,ขามป้อม,Kham Pom,34360
342401,3424,34,ดอนมดแดง,Don Mot Daeng,34000
342402,3424,34,เหล่าแดง,Lao Daeng,34000
342403,3424,34,ท่าเมือง,Tha Mueang,34000
342404,3424,34,คำไฮใหญ่,Kham Hai Yai,34000
342501,3425,34,คันไร่,Khan Rai,34350
342502,3425,34,ช่องเม็ก,Chong Mek,34350
342503,3425,34,โนนก่อ,Non Ko,34350
342504,3425,34,นิคมสร้างตนเองลำโดมน้อย,Nikhom Lam Dom Noi,34350
342505,3425,34,ฝางคำ,Fang Kham,34350
342506,3425,34,คำเขื่อนแก้ว,Kham Khuean Kaeo,34350
342602,3426,34,หนองอ้ม,Nong Om,34160
342603,3426,34,นาเกษม,Na Kasem,34160
342604,3426,34,กุดเรือ,Kut Ruea,34160
342605,3426,34,โคกชำแระ,Khok Chamrae,34160
342606,3426,34,นาห่อม,Na Hom,34160
342901,3429,34,นาเยีย,Na Yia,34160
342902,3429,34,นาดี,Na Di,34160
342903,3429,34,นาเรือง,Na Rueang,34160
343001,3430,34,นาตาล,Na Tan,34170
343002,3430,34,พะลาน,Phalan,34170
343003,3430,34,กองโพน,Kong Phon,34170
343004,3430,34,พังเคน,Phang Khen,34170
343101,3431,34,เหล่าเสือโก้ก,Lao Suea Kok,34000
343102,3431,34,โพนเมือง,Phon Mueang,34000
343103,3431,34,แพงใหญ่,Phaeng Yai,34000
343104,3431,34,หนองบก,Nong Bok,34000
343201,3432,34,แก่งโดม,Kaeng Dom,34190
343202,3432,34,ท่าช้าง,Tha Chang,34190
343203,3432,34,บุ่งมะแลง,Bung Malaeng,34190
343204,3432,34,สว่าง,Sawang,34190
343301,3433,34,ตาเกา,Ta Kao,34260
343302,3433,34,ไพบูลย์,Phaibun,34260
343303,3433,34,ขี้เหล็ก,Khi Lek,34260
343304,3433,34,โคกสะอาด,Khok Sa-At,34260
350101,3501,35,ในเมือง,Nai Mueang,35000
350102,3501,35,น้ำคำใหญ่,Nam Kham Yai,35000
350103,3501,35,ตาดทอง,Tat Thong,35000
350104,3501,35,สำราญ,Samran,35000
350105,3501,35,ค้อเหนือ,Kho Nuea,35000
350106,3501,35,ดู่ทุ่ง,Du Thung,35000
350107,3501,35,เดิด,Doet,35000
350108,3501,35,ขั้นไดใหญ่,Khan Dai Yai,35000
350109,3501,35,ทุ่งแต้,Thung Tae,35000
350110,3501,35,สิงห์,Sing,35000
350111,3501,35,นาสะไมย์,Na Samai,35000
350112,3501,35,เขื่องคำ,Khueang Kham,35000
350113,3501,35,หนองหิน,Nong Hin,35000
350114,3501,35,หนองคู,Nong Khu,35000
350115,3501,35,ขุมเงิน,Khum Ngoen,35000
350116,3501,35,ทุ่งนางโอก,Thung Nang Ok,35000
350117,3501,35,หนองเรือ,Nong Ruea,35000
350118,3501,35,หนองเป็ด,Nong Pet,35000
350201,3502,35,ทรายมูล,Sai Mun,35170
350202,3502,35,ดู่ลาด,Du Lat,35170
350203,3502,35,ดงมะไฟ,Dong Mafai,35170
350204,3502,35,นาเวียง,Na Wiang,35170
350205,3502,35,ไผ่,Phai,35170
350301,3503,35,กุดชุม,Kut Chum,35140
350302,3503,35,โนนเปือย,Non Pueai,35140
350303,3503,35,กำแมด,Kammaet,35140
350304,3503,35,นาโส่,Na So,35140
350305,3503,35,ห้วยแก้ง,Huai Kaeng,35140
350306,3503,35,หนองหมี,Nong Mi,35140
350307,3503,35,โพนงาม,Phon Ngam,35140
350308,3503,35,คำน้ำสร้าง,Kham Nam Sang,35140
350309,3503,35,หนองแหน,Nong Nae,35140
350401,3504,35,ลุมพุก,Lumphuk,35110
350402,3504,35,ย่อ,Yo,35110
350403,3504,35,สงเปือย,Song Pueai,35110
350404,3504,35,โพนทัน,Phon Than,35110
350405,3504,35,ทุ่งมน,Thung Mon,35110
350406,3504,35,นาคำ,Na Kham,35180
350407,3504,35,ดงแคนใหญ่,Dong Khaen Yai,35180
350408,3504,35,กู่จาน,Ku Chan,35110
350409,3504,35,นาแก,Na Kae,35180
350410,3504,35,กุดกุง,Kut Kung,35110
350411,3504,35,เหล่าไฮ,Lao Hai,35110
350412,3504,35,แคนน้อย,Khaen Noi,35180
350413,3504,35,ดงเจริญ,Dong Charoen,35110
350501,3505,35,โพธิ์ไทร,Pho Sai,35150
350502,3505,35,กระจาย,Krachai,35150
350503,3505,35,โคกนาโก,Khok Na Ko,35150
350504,3505,35,เชียงเพ็ง,Chiang Pheng,35150
350505,3505,35,ศรีฐาน,Si Than,35150
350601,3506,35,ฟ้าหยาด,Fa Yat,35130
350602,3506,35,หัวเมือง,Hua Mueang,35130
350603,3506,35,คูเมือง,Khu Mueang,35130
350604,3506,35,ผือฮี,Phue Hi,35130
350605,3506,35,บากเรือ,Bak Ruea,35130
350606,3506,35,ม่วง,Muang,35130
350607,3506,35,โนนทราย,Non Sai,35130
350608,3506,35,บึงแก,Bueng Kae,35130
350609,3506,35,พระเสาร์,Phra Sao,35130
350610,3506,35,สงยาง,Song Yang,35130
350701,3507,35,ฟ้าห่วน,Fa Huan,35160
350702,3507,35,กุดน้ำใส,Kut Nam Sai,35160
350703,3507,35,น้ำอ้อม,Nam Om,35160
350704,3507,35,ค้อวัง,Kho Wang,35160
350802,3508,35,บุ่งค้า,Bung Kha,35120
350803,3508,35,สวาท,Sawat,35120
350805,3508,35,ห้องแซง,Hong Saeng,35120
350806,3508,35,สามัคคี,Samakkhi,35120
350807,3508,35,กุดเชียงหมี,Kut Chiang Mi,35120
350810,3508,35,สามแยก,Sam Yaek,35120
350811,3508,35,กุดแห่,Kut Hae,35120
350812,3508,35,โคกสำราญ,Khok Samran,35120
350813,3508,35,สร้างมิ่ง,Sang Ming,35120
350814,3508,35,ศรีแก้ว,Si Kaeo,35120
350901,3509,35,ไทยเจริญ,Thai Charoen,35120
350902,3509,35,น้ำคำ,Nam Kham,35120
350903,3509,35,ส้มผ่อ,Som Pho,35120
350904,3509,35,คำเตย,Kham Toei,35120
350905,3509,35,คำไผ่,Kham Phai,35120
360101,3601,36,ในเมือง,Nai Mueang,36000
360102,3601,36,รอบเมือง,Rop Mueang,36000
360103,3601,36,โพนทอง,Phon Thong,36000
360104,3601,36,นาฝาย,Na Fai,36000
360105,3601,36,บ้านค่าย,Ban Khai,36240
360106,3601,36,กุดตุ้ม,Kut Tum,36000
360107,3601,36,ชีลอง,Chilong,36000
360108,3601,36,บ้านเล่า,Ban Lao,36000
360109,3601,36,นาเสียว,Na Siao,36000
360110,3601,36,หนองนาแซง,Nong Na Saeng,36000
360111,3601,36,ลาดใหญ่,Lat Yai,36000
360112,3601,36,หนองไผ่,Nong Phai,36240
360113,3601,36,ท่าหินโงม,Tha Hin Ngom,36000
360114,3601,36,ห้วยต้อน,Huai Ton,36000
360115,3601,36,ห้วยบง,Huai Bong,36000
360116,3601,36,โนนสำราญ,Non Samran,36240
360117,3601,36,โคกสูง,Khok Sung,36000
360118,3601,36,บุ่งคล้า,Bung Khla,36000
360119,3601,36,ซับสีทอง,Sap Si Thong,36000
360201,3602,36,บ้านเขว้า,Ban Khwao,36170
360202,3602,36,ตลาดแร้ง,Talat Raeng,36170
360203,3602,36,ลุ่มลำชี,Lum Lam Chi,36170
360204,3602,36,ชีบน,Chi Bon,36170
360205,3602,36,ภูแลนคา,Phu Laen Kha,36170
360206,3602,36,โนนแดง,Non Daeng,36170
360301,3603,36,คอนสวรรค์,Khon Sawan,36140
360302,3603,36,ยางหวาย,Yang Wai,36140
360303,3603,36,ช่องสามหมอ,Chong Sam Mo,36140
360304,3603,36,โนนสะอาด,Non Sa-At,36140
360305,3603,36,ห้วยไร่,Huai Rai,36140
360306,3603,36,บ้านโสก,Ban Sok,36140
360307,3603,36,โคกมั่งงอย,Khok Mang Ngoi,36140
360308,3603,36,หนองขาม,Nong Kham,36140
360309,3603,36,ศรีสำราญ,Si Samran,36140
360401,3604,36,บ้านยาง,Ban Yang,36120
360402,3604,36,บ้านหัน,Ban Han,36120
360403,3604,36,บ้านเดื่อ,Ban Duea,36120
360404,3604,36,บ้านเป้า,Ban Pao,36120
360405,3604,36,กุดเลาะ,Kut Lo,36120
360406,3604,36,โนนกอก,Non Kok,36120
360407,3604,36,สระโพนทอง,Sa Phon Thong,36120
360408,3604,36,หนองข่า,Nong Kha,36120
360409,3604,36,หนองโพนงาม,Nong Phon Ngam,36120
360410,3604,36,บ้านบัว,Ban Bua,36120
360412,3604,36,โนนทอง,Non Thong,36120
360501,3605,36,หนองบัวแดง,Nong Bua Daeng,36210
360502,3605,36,กุดชุมแสง,Kut Chum Saeng,36210
360503,3605,36,ถ้ำวัวแดง,Tham Wua Daeng,36210
360504,3605,36,นางแดด,Nang Daet,36210
360507,3605,36,หนองแวง,Nong Waeng,36210
360508,3605,36,คูเมือง,Khu Mueang,36210
360509,3605,36,ท่าใหญ่,Tha Yai,36210
360511,3605,36,วังชมภู,Wang Chomphu,36210
360601,3606,36,บ้านกอก,Ban Kok,36130
360602,3606,36,หนองบัวบาน,Nong Bua Ban,36130
360603,3606,36,บ้านขาม,Ban Kham,36130
360605,3606,36,กุดน้ำใส,Kut Nam Sai,36130
360606,3606,36,หนองโดน,Nong Don,36130
360607,3606,36,ละหาน,Lahan,36130
360610,3606,36,หนองบัวใหญ่,Nong Bua Yai,36130
360611,3606,36,หนองบัวโคก,Nong Bua Khok,36220
360613,3606,36,ส้มป่อย,Som Poi,36130
360701,3607,36,บ้านชวน,Ban Chuan,36160
360702,3607,36,บ้านเพชร,Ban Phet,36160
360703,3607,36,บ้านตาล,Ban Tan,36220
360704,3607,36,หัวทะเล,Hua Thale,36220
360705,3607,36,โคกเริงรมย์,Khok Roeng Rom,36160
360706,3607,36,เกาะมะนาว,Ko Manao,36160
360707,3607,36,โคกเพชรพัฒนา,Khok Phet Phatthana,36160
360801,3608,36,หนองบัวระเหว,Nong Bua Rawe,36250
360802,3608,36,วังตะเฆ่,Wang Takhe,36250
360803,3608,36,ห้วยแย้,Huai Yae,36250
360804,3608,36,โคกสะอาด,Khok Sa-At,36250
360805,3608,36,โสกปลาดุก,Sok Pla Duk,36250
360901,3609,36,วะตะแบก,Wa Tabaek,36230
360902,3609,36,ห้วยยายจิ๋ว,Huai Yai Chio,36230
360903,3609,36,นายางกลัก,Na Yang Klak,36230
360904,3609,36,บ้านไร่,Ban Rai,36230
360905,3609,36,โป่งนก,Pong Nok,36230
361001,3610,36,ผักปัง,Phak Pang,36110
361002,3610,36,กวางโจน,Kwang Chon,36110
361003,3610,36,หนองคอนไทย,Nong Khon Thai,36110
361004,3610,36,บ้านแก้ง,Ban Kaeng,36110
361005,3610,36,กุดยม,Kut Yom,36110
361006,3610,36,บ้านเพชร,Ban Phet,36110
361007,3610,36,โคกสะอาด,Khok Sa-At,36110
361008,3610,36,หนองตูม,Nong Tum,36110
361009,3610,36,โอโล,O Lo,36110
361010,3610,36,ธาตุทอง,That Thong,36110
361011,3610,36,บ้านดอน,Ban Don,36110
361101,3611,36,บ้านแท่น,Ban Thaen,36190
361102,3611,36,สามสวน,Sam Suan,36190
361103,3611,36,สระพัง,Sa Phang,36190
361104,3611,36,บ้านเต่า,Ban Tao,36190
361105,3611,36,หนองคู,Nong Khu,36190
361201,3612,36,ช่องสามหมอ,Chong Sam Mo,36150
361202,3612,36,หนองขาม,Nong Kham,36150
361203,3612,36,นาหนองทุ่ม,Na Nong Thum,36150
361204,3612,36,บ้านแก้ง,Ban Kaeng,36150
361205,3612,36,หนองสังข์,Nong Sang,36150
361206,3612,36,หลุบคา,Lup Kha,36150
361207,3612,36,โคกกุง,Khok Kung,36150
361208,3612,36,เก่าย่าดี,Kao Ya Di,36150
361209,3612,36,ท่ามะไฟหวาน,Tha Mafai Wan,36150
361210,3612,36,หนองไผ่,Nong Phai,36150
361301,3613,36,คอนสาร,Khon San,36180
361302,3613,36,ทุ่งพระ,Thung Phra,36180
361303,3613,36,โนนคูณ,Non Khun,36180
361304,3613,36,ห้วยยาง,Huai Yang,36180
361305,3613,36,ทุ่งลุยลาย,Thung Lui Lai,36180
361306,3613,36,ดงบัง,Dong Bang,36180
361307,3613,36,ทุ่งนาเลา,Thung Na Lao,36180
361308,3613,36,ดงกลาง,Dong Klang,36180
361401,3614,36,บ้านเจียง,Ban Chiang,36260
361402,3614,36,เจาทอง,Chao Thong,36260
361403,3614,36,วังทอง,Wang Thong,36260
361404,3614,36,แหลมทอง,Laem Thong,36260
361501,3615,36,หนองฉิม,Nong Chim,36130
361502,3615,36,ตาเนิน,Ta Noen,36130
361503,3615,36,กะฮาด,Kahat,36130
361504,3615,36,รังงาม,Rang Ngam,36130
361601,3616,36,ซับใหญ่,Sap Yai,36130
361602,3616,36,ท่ากูบ,Tha Kup,36130
361603,3616,36,ตะโกทอง,Tako Thong,36130
370101,3701,37,บุ่ง,Bung,37000
370102,3701,37,ไก่คำ,Kai Kham,37000
370103,3701,37,นาจิก,Na Chik,37000
370104,3701,37,ปลาค้าว,Pla Khao,37000
370105,3701,37,เหล่าพรวน,Lao Phruan,37000
370106,3701,37,สร้างนกทา,Sang Nok Tha,37000
370107,3701,37,คึมใหญ่,Khuem Yai,37000
370108,3701,37,นาผือ,Na Phue,37000
370109,3701,37,น้ำปลีก,Nam Plik,37000
370110,3701,37,นาวัง,Na Wang,37000
370111,3701,37,นาหมอม้า,Na Mo Ma,37000
370112,3701,37,โนนโพธิ์,Non Pho,37000
370113,3701,37,โนนหนามแท่ง,Non Nam Thaeng,37000
370114,3701,37,ห้วยไร่,Huai Rai,37000
370115,3701,37,หนองมะแซว,Nong Masaeo,37000
370116,3701,37,กุดปลาดุก,Kut Pla Duk,37000
370117,3701,37,ดอนเมย,Don Moei,37000
370118,3701,37,นายม,Na Yom,37000
370119,3701,37,นาแต้,Na Tae,37000
370201,3702,37,ชานุมาน,Chanuman,37210
370202,3702,37,โคกสาร,Khok San,37210
370203,3702,37,คำเขื่อนแก้ว,Kham Khuean Kaeo,37210
370204,3702,37,โคกก่ง,Khok Kong,37210
370205,3702,37,ป่าก่อ,Pa Ko,37210
370301,3703,37,หนองข่า,Nong Kha,37110
370302,3703,37,คำโพน,Kham Phon,37110
370303,3703,37,นาหว้า,Na Wa,37110
370304,3703,37,ลือ,Lue,37110
370305,3703,37,ห้วย,Huai,37110
370306,3703,37,โนนงาม,Non Ngam,37110
370307,3703,37,นาป่าแซง,Na Pa Saeng,37110
370401,3704,37,พนา,Phana,37180
370402,3704,37,จานลาน,Chan Lan,37180
370403,3704,37,ไม้กลอน,Mai Klon,37180
370404,3704,37,พระเหลา,Phra Lao,37180
370501,3705,37,เสนางคนิคม,Senangkha Nikhom,37290
370502,3705,37,โพนทอง,Phon Thong,37290
370503,3705,37,ไร่สีสุก,Rai Si Suk,37290
370504,3705,37,นาเวียง,Na Wiang,37290
370505,3705,37,หนองไฮ,Nong Hai,37290
370506,3705,37,หนองสามสี,Nong Sam Si,37290
370601,3706,37,หัวตะพาน,Hua Taphan,37240
370602,3706,37,คำพระ,Kham Phra,37240
370603,3706,37,เค็งใหญ่,Kheng Yai,37240
370604,3706,37,หนองแก้ว,Nong Kaeo,37240
370605,3706,37,โพนเมืองน้อย,Phon Mueang Noi,37240
370606,3706,37,สร้างถ่อน้อย,Sang Tho Noi,37240
370607,3706,37,จิกดู่,Chik Du,37240
370608,3706,37,รัตนวารี,Rattana Wari,37240
370701,3707,37,อำนาจ,Amnat,37000
370702,3707,37,ดงมะยาง,Dong Mayang,37000
370703,3707,37,เปือย,Pueai,37000
370704,3707,37,ดงบัง,Dong Bang,37000
370705,3707,37,ไร่ขี,Rai Khi,37000
370706,3707,37,แมด,Maet,37000
370707,3707,37,โคกกลาง,Khok Klang,37000
380101,3801,38,บึงกาฬ,Seka,38000
380102,3801,38,โนนสมบูรณ์,Sang ,38000
380103,3801,38,โนนสว่าง,Tha Kok Daeng,38000
380104,3801,38,หอคำ,Ban Tong,38000
380105,3801,38,หนองเลิง,Pong Hai,38000
380106,3801,38,โคกก่อง,Nam Chan,38000
380107,3801,38,นาสวรรค์,Tha Sa-At,38000
380108,3801,38,ไคสี,Nong Thum,38000
380109,3801,38,ชัยพร,Sok Kam,38000
380110,3801,38,วิศิษฐ์,Wisit,38000
380111,3801,38,คำนาดี,Kham Na Di,38000
380112,3801,38,โป่งเปือย,Pong Pueai,38000
380201,3802,38,ศรีชมภู,Si Chomphu,38180
380202,3802,38,ดอนหญ้านาง,Don Ya Nang ,38180
380203,3802,38,พรเจริญ,Phon Charoen,38180
380204,3802,38,หนองหัวช้าง,Nong Hua Chang,38180
380205,3802,38,วังชมภู,Wang Chomphu,38180
380206,3802,38,ป่าแฝก,Pa Faek,38180
380207,3802,38,ศรีสำราญ,Si Samran,38180
380301,3803,38,โซ่,So,38170
380302,3803,38,หนองพันทา,Nong Phan Tha,38170
380303,3803,38,ศรีชมภู,Si Chomphu,38170
380304,3803,38,คำแก้ว,Kham Kaeo,38170
380305,3803,38,บัวตูม,Bua Tum,38170
380306,3803,38,ถ้ำเจริญ,Tham Charoen,38170
380307,3803,38,เหล่าทอง,Lao Thong,38170
380401,3804,38,เซกา,Pak Khat,38150
380402,3804,38,ซาง,Nong Yong,38150
380403,3804,38,ท่ากกแดง,Na Kang,38150
380404,3804,38,บ้านต้อง,Non Sila,38150
380405,3804,38,ป่งไฮ,Som Sanuk,38150
380406,3804,38,น้ำจั้น,Na Dong,38150
380407,3804,38,ท่าสะอาด,Tha Sa-At,38150
380408,3804,38,หนองทุ่ม,Nong Thum,38150
380409,3804,38,โสกก่าม,Sok Kam,38150
380501,3805,38,ปากคาด,Bueng Khong Long,38190
380502,3805,38,หนองยอง,Pho Mak Khaeng,38190
380503,3805,38,นากั้ง,Dong Bang,38190
380504,3805,38,โนนศิลา,Tha Dok Kham,38190
380505,3805,38,สมสนุก,Som Sanook,38190
380506,3805,38,นาดง,Na Dong,38190
380601,3806,38,บึงโขงหลง,Bueng Khong Long,38220
380602,3806,38,โพธิ์หมากแข้ง,Pho Mak Khaeng,38220
380603,3806,38,ดงบัง,Dong Bang,38220
380604,3806,38,ท่าดอกคำ,Tha Dok Kham,38220
380701,3807,38,ศรีวิไล,Si Wilai,38210
380702,3807,38,ชุมภูพร,Chumphu Phon,38210
380703,3807,38,นาแสง,Na Saeng,38210
380704,3807,38,นาสะแบง,Na Sabaeng,38210
380705,3807,38,นาสิงห์,Na Sing,38210
380801,3808,38,บุ่งคล้า,Bung Khla,38000
380802,3808,38,หนองเดิ่น,Nong Doen,38000
380803,3808,38,โคกกว้าง,Khok Kwang,38000
390101,3901,39,หนองบัว,Nong Bua,39000
390102,3901,39,หนองภัยศูนย์,Nong Phai Sun,39000
390103,3901,39,โพธิ์ชัย,Pho Chai,39000
390104,3901,39,หนองสวรรค์,Nong Sawan,39000
390105,3901,39,หัวนา,Hua Na,39000
390106,3901,39,บ้านขาม,Ban Kham,39000
390107,3901,39,นามะเฟือง,Na Mafueang,39000
390108,3901,39,บ้านพร้าว,Ban Phrao,39000
390109,3901,39,โนนขมิ้น,Non Khamin,39000
390110,3901,39,ลำภู,Lamphu,39000
390111,3901,39,กุดจิก,Kut Chik,39000
390112,3901,39,โนนทัน,Non Than,39000
390113,3901,39,นาคำไฮ,Na Kham Hai,39000
390114,3901,39,ป่าไม้งาม,Pa Mai Ngam,39000
390115,3901,39,หนองหว้า,Nong Wa,39000
390201,3902,39,นากลาง,Na Klang,39170
390202,3902,39,ด่านช้าง,Dan Chang,39170
390205,3902,39,กุดดินจี่,Kut Din Chi,39350
390206,3902,39,ฝั่งแดง,Fang Daeng,39170
390207,3902,39,เก่ากลอย,Kao Kloi,39350
390209,3902,39,โนนเมือง,Non Mueang,39170
390210,3902,39,อุทัยสวรรค์,Uthai Sawan,39170
390211,3902,39,ดงสวรรค์,Dong Sawan,39350
390213,3902,39,กุดแห่,Kut Hae,39170
390301,3903,39,โนนสัง,Non Sang,39140
390302,3903,39,บ้านถิ่น,Ban Thin,39140
390303,3903,39,หนองเรือ,Nong Ruea,39140
390304,3903,39,กุดดู่,Kut Du,39140
390305,3903,39,บ้านค้อ,Ban Kho,39140
390306,3903,39,โนนเมือง,Non Mueang,39140
390307,3903,39,โคกใหญ่,Khok Yai,39140
390308,3903,39,โคกม่วง,Khok Muang,39140
390309,3903,39,นิคมพัฒนา,Nikhom Phatthana,39140
390310,3903,39,ปางกู่,Pang Ku,39140
390401,3904,39,เมืองใหม่,Mueang Mai,39180
390402,3904,39,ศรีบุญเรือง,Si Bunrueang,39180
390403,3904,39,หนองบัวใต้,Nong Bua Tai,39180
390404,3904,39,กุดสะเทียน,Kut Sathian,39180
390405,3904,39,นากอก,Na Kok,39180
390406,3904,39,โนนสะอาด,Non Sa-At,39180
390407,3904,39,ยางหล่อ,Yang Lo,39180
390408,3904,39,โนนม่วง,Non Muang,39180
390409,3904,39,หนองกุงแก้ว,Nong Kung Kaeo,39180
390410,3904,39,หนองแก,Nong Kae,39180
390411,3904,39,ทรายทอง,Sai Thong,39180
390412,3904,39,หันนางาม,Han Na Ngam,39180
390501,3905,39,นาสี,Na Si,39270
390502,3905,39,บ้านโคก,Ban Khok,39270
390503,3905,39,นาดี,Na Di,39270
390504,3905,39,นาด่าน,Na Dan,39270
390505,3905,39,ดงมะไฟ,Dong Mafai,39270
390506,3905,39,สุวรรณคูหา,Suwanna Khuha,39270
390507,3905,39,บุญทัน,Bunthan,39270
390508,3905,39,กุดผึ้ง,Kut Phueng,39270
390601,3906,39,นาเหล่า,Na Lao,39170
390602,3906,39,นาแก,Na Kae,39170
390603,3906,39,วังทอง,Wang Thong,39170
390604,3906,39,วังปลาป้อม,Wang Pla Pom,39170
390605,3906,39,เทพคีรี,Thep Khiri,39170
400101,4001,40,ในเมือง,Nai Mueang,40000
400102,4001,40,สำราญ,Samran,40000
400103,4001,40,โคกสี,Khok Si,40000
400104,4001,40,ท่าพระ,Tha Phra,40260
400105,4001,40,บ้านทุ่ม,Ban Thum,40000
400106,4001,40,เมืองเก่า,Mueang Kao,40000
400107,4001,40,พระลับ,Phra Lap,40000
400108,4001,40,สาวะถี,Sawathi,40000
400109,4001,40,บ้านหว้า,Ban Wa,40000
400110,4001,40,บ้านค้อ,Ban Kho,40000
400111,4001,40,แดงใหญ่,Daeng Yai,40000
400112,4001,40,ดอนช้าง,Don Chang,40000
400113,4001,40,ดอนหัน,Don Han,40260
400114,4001,40,ศิลา,Sila,40000
400115,4001,40,บ้านเป็ด,Ban Pet,40000
400116,4001,40,หนองตูม,Nong Tum,40000
400117,4001,40,บึงเนียม,Bueng Niam,40000
400118,4001,40,โนนท่อน,Non Thon,40000
400201,4002,40,หนองบัว,Nong Bua,40270
400202,4002,40,ป่าหวายนั่ง,Pa Wai Nang,40270
400203,4002,40,โนนฆ้อง,Non Khong,40270
400204,4002,40,บ้านเหล่า,Ban Lao,40270
400205,4002,40,ป่ามะนาว,Pa Manao,40270
400206,4002,40,บ้านฝาง,Ban Fang,40270
400207,4002,40,โคกงาม,Khok Ngam,40270
400301,4003,40,พระยืน,Phra Yuen,40320
400302,4003,40,พระบุ,Phra Bu,40320
400303,4003,40,บ้านโต้น,Ban Ton,40320
400304,4003,40,หนองแวง,Nong Waeng,40320
400305,4003,40,ขามป้อม,Kham Pom,40320
400401,4004,40,หนองเรือ,Nong Ruea,40210
400402,4004,40,บ้านเม็ง,Ban Meng,40210
400403,4004,40,บ้านกง,Ban Kong,40240
400404,4004,40,ยางคำ,Yang Kham,40240
400405,4004,40,จระเข้,Chorakhe,40240
400406,4004,40,โนนทอง,Non Thong,40210
400407,4004,40,กุดกว้าง,Kut Kwang,40210
400408,4004,40,โนนทัน,Non Than,40210
400409,4004,40,โนนสะอาด,Non Sa-At,40210
400410,4004,40,บ้านผือ,Ban Phue,40240
400501,4005,40,ชุมแพ,Chum Phae,40130
400502,4005,40,โนนหัน,Non Han,40290
400503,4005,40,นาหนองทุ่ม,Na Nong Thum,40290
400504,4005,40,โนนอุดม,Non Udom,40130
400505,4005,40,ขัวเรียง,Khua Riang,40130
400506,4005,40,หนองไผ่,Nong Phai,40130
400507,4005,40,ไชยสอ,Chai So,40130
400508,4005,40,วังหินลาด,Wang Hin Lat,40130
400509,4005,40,นาเพียง,Na Phiang,40130
400510,4005,40,หนองเขียด,Nong Khiat,40290
400511,4005,40,หนองเสาเล้า,Nong Sao Lao,40130
400512,4005,40,โนนสะอาด,Non Sa-At,40290
400601,4006,40,สีชมพู,Si Chomphu,40220
400602,4006,40,ศรีสุข,Si Suk,40220
400603,4006,40,นาจาน,Na Chan,40220
400604,4006,40,วังเพิ่ม,Wang Phoem,40220
400605,4006,40,ซำยาง,Sam Yang,40220
400606,4006,40,หนองแดง,Nong Daeng,40220
400607,4006,40,ดงลาน,Dong Lan,40220
400608,4006,40,บริบูรณ์,Boribun,40220
400609,4006,40,บ้านใหม่,Ban Mai,40220
400610,4006,40,ภูห่าน,Phu Han,40220
400701,4007,40,น้ำพอง,Nam Phong,40140
400702,4007,40,วังชัย,Wang Chai,40140
400703,4007,40,หนองกุง,Nong Kung,40140
400704,4007,40,บัวใหญ่,Bua Yai,40140
400705,4007,40,สะอาด,Sa-At,40310
400706,4007,40,ม่วงหวาน,Muang Wan,40310
400707,4007,40,บ้านขาม,Ban Kham,40140
400708,4007,40,บัวเงิน,Bua Ngoen,40140
400709,4007,40,ทรายมูล,Sai Mun,40140
400710,4007,40,ท่ากระเสริม,Tha Krasoem,40140
400711,4007,40,พังทุย,Phang Thui,40140
400712,4007,40,กุดน้ำใส,Kut Nam Sai,40140
400801,4008,40,โคกสูง,Khok Sung,40250
400802,4008,40,บ้านดง,Ban Dong,40250
400803,4008,40,เขื่อนอุบลรัตน์,Khuean Ubonrat,40250
400804,4008,40,นาคำ,Na Kham,40250
400805,4008,40,ศรีสุขสำราญ,Si Suk Samran,40250
400806,4008,40,ทุ่งโป่ง,Thung Pong,40250
400901,4009,40,หนองโก,Nong Ko,40170
400902,4009,40,หนองกุงใหญ่,Nong Kung Yai,40170
400905,4009,40,ห้วยโจด,Huai Chot,40170
400906,4009,40,ห้วยยาง,Huai Yang,40170
400907,4009,40,บ้านฝาง,Ban Fang,40170
400909,4009,40,ดูนสาด,Dun Sat,40170
400910,4009,40,หนองโน,Nong No,40170
400911,4009,40,น้ำอ้อม,Nam Om,40170
400912,4009,40,หัวนาคำ,Hua Na Kham,40170
401001,4010,40,บ้านไผ่,Ban Phai,40110
401002,4010,40,ในเมือง,Nai Mueang,40110
401005,4010,40,เมืองเพีย,Mueang Phia,40110
401009,4010,40,บ้านลาน,Ban Lan,40110
401010,4010,40,แคนเหนือ,Khaen Nuea,40110
401011,4010,40,ภูเหล็ก,Phu Lek,40110
401013,4010,40,ป่าปอ,Pa Po,40110
401014,4010,40,หินตั้ง,Hin Tang,40110
401016,4010,40,หนองน้ำใส,Nong Nam Sai,40110
401017,4010,40,หัวหนอง,Hua Nong,40110
401101,4011,40,เปือยน้อย,Pueai Noi,40340
401102,4011,40,วังม่วง,Wang Muang,40340
401103,4011,40,ขามป้อม,Kham Pom,40340
401104,4011,40,สระแก้ว,Sa Kaeo,40340
401201,4012,40,เมืองพล,Mueang Phon,40120
401203,4012,40,โจดหนองแก,Chot Nong Kae,40120
401204,4012,40,เก่างิ้ว,Kao Ngio,40120
401205,4012,40,หนองมะเขือ,Nong Makhuea,40120
401206,4012,40,หนองแวงโสกพระ,Nong Waeng Sok Phra,40120
401207,4012,40,เพ็กใหญ่,Phek Yai,40120
401208,4012,40,โคกสง่า,Khok Sa-Nga,40120
401209,4012,40,หนองแวงนางเบ้า,Nong Waeng Nang Bao,40120
401210,4012,40,ลอมคอม,Lom Khom,40120
401211,4012,40,โนนข่า,Non Kha,40120
401212,4012,40,โสกนกเต็น,Sok Nok Ten,40120
401213,4012,40,หัวทุ่ง,Hua Thung,40120
401301,4013,40,คอนฉิม,Khon Chim,40330
401302,4013,40,ใหม่นาเพียง,Mai Na Phiang,40330
401303,4013,40,โนนทอง,Non Thong,40330
401304,4013,40,แวงใหญ่,Waeng Yai,40330
401305,4013,40,โนนสะอาด,Non Sa-At,40330
401401,4014,40,แวงน้อย,Waeng Noi,40230
401402,4014,40,ก้านเหลือง,Kan Lueang,40230
401403,4014,40,ท่านางแนว,Tha Nang Naeo,40230
401404,4014,40,ละหานนา,Lahan Na,40230
401405,4014,40,ท่าวัด,Tha Wat,40230
401406,4014,40,ทางขวาง,Thang Khwang,40230
401501,4015,40,หนองสองห้อง,Nong Song Hong,40190
401502,4015,40,คึมชาด,Khuem Chat,40190
401503,4015,40,โนนธาตุ,Non That,40190
401504,4015,40,ตะกั่วป่า,Takua Pa,40190
401505,4015,40,สำโรง,Samrong,40190
401506,4015,40,หนองเม็ก,Nong Mek,40190
401507,4015,40,ดอนดู่,Don Du,40190
401508,4015,40,ดงเค็ง,Dong Kheng,40190
401509,4015,40,หันโจด,Han Chot,40190
401510,4015,40,ดอนดั่ง,Don Dang,40190
401511,4015,40,วังหิน,Wang Hin,40190
401512,4015,40,หนองไผ่ล้อม,Nong Phai Lom,40190
401601,4016,40,บ้านเรือ,Ban Ruea,40150
401604,4016,40,หว้าทอง,Wa Thong,40150
401605,4016,40,กุดขอนแก่น,Kut Khon Kaen,40150
401606,4016,40,นาชุมแสง,Na Chum Saeng,40150
401607,4016,40,นาหว้า,Na Wa,40150
401610,4016,40,หนองกุงธนสาร,Nong Kung Thanasan,40150
401612,4016,40,หนองกุงเซิน,Nong Kung Soen,40150
401613,4016,40,สงเปือย,Song Pueai,40150
401614,4016,40,ทุ่งชมพู,Thung Chomphu,40150
401616,4016,40,ดินดำ,Din Dam,40150
401617,4016,40,ภูเวียง,Phu Wiang,40150
401701,4017,40,กุดเค้า,Kut Khao,40160
401702,4017,40,สวนหม่อน,Suan Mon,40160
401703,4017,40,หนองแปน,Nong Paen,40160
401704,4017,40,โพนเพ็ก,Phon Phek,40160
401705,4017,40,คำแคน,Kham Khaen,40160
401706,4017,40,นาข่า,Nakha,40160
401707,4017,40,นางาม,Na Ngam,40160
401710,4017,40,ท่าศาลา,Tha Sala,40160
401801,4018,40,ชนบท,Chonnabot,40180
401802,4018,40,กุดเพียขอม,Kut Phia Khom,40180
401803,4018,40,วังแสง,Wang Saeng,40180
401804,4018,40,ห้วยแก,Huai Kae,40180
401805,4018,40,บ้านแท่น,Ban Thaen,40180
401806,4018,40,ศรีบุญเรือง,Si Bunrueang,40180
401807,4018,40,โนนพะยอม,Non Phayom,40180
401808,4018,40,ปอแดง,Po Daeng,40180
401901,4019,40,เขาสวนกวาง,Khao Suan Kwang,40280
401902,4019,40,ดงเมืองแอม,Dong Mueang Am,40280
401903,4019,40,นางิ้ว,Na Ngio,40280
401904,4019,40,โนนสมบูรณ์,Non Sombun,40280
401905,4019,40,คำม่วง,Kham Muang,40280
402001,4020,40,โนนคอม,Non Khom,40350
402002,4020,40,นาฝาย,Na Fai,40350
402003,4020,40,ภูผาม่าน,Phu Pha Man,40350
402004,4020,40,วังสวาบ,Wang Sawap,40350
402005,4020,40,ห้วยม่วง,Huai Muang,40350
402101,4021,40,กระนวน,Kranuan,40170
402102,4021,40,คำแมด,Kham Maet,40170
402103,4021,40,บ้านโนน,Ban Non,40170
402104,4021,40,คูคำ,Khu Kham,40170
402105,4021,40,ห้วยเตย,Huai Toei,40170
402201,4022,40,บ้านโคก,Ban Khok,40160
402202,4022,40,โพธิ์ไชย,Pho Chai,40160
402203,4022,40,ซับสมบูรณ์,Sap Sombun,40160
402204,4022,40,นาแพง,Na Phaeng,40160
402301,4023,40,กุดธาตุ,Kut That,40150
402302,4023,40,บ้านโคก,Ban Khok,40150
402303,4023,40,ขนวน,Khanuan,40150
402401,4024,40,บ้านแฮด,Ban Haet,40110
402402,4024,40,โคกสำราญ,Khok Samran,40110
402403,4024,40,โนนสมบูรณ์,Non Sombun,40110
402404,4024,40,หนองแซง,Nong Saeng,40110
402501,4025,40,โนนศิลา,Non Sila,40110
402502,4025,40,หนองปลาหมอ,Nong Pla Mo,40110
402503,4025,40,บ้านหัน,Ban Han,40110
402504,4025,40,เปือยใหญ่,Pueai Yai,40110
402505,4025,40,โนนแดง,Non Daeng,40110
402901,4029,40,ในเมือง,Nai Mueang,40150
402902,4029,40,เมืองเก่าพัฒนา,Mueang Kao Phatthana,40150
402903,4029,40,เขาน้อย,Khao Noi,40150
410101,4101,41,หมากแข้ง,Mak Khaeng,41000
410102,4101,41,นิคมสงเคราะห์,Nikhom Songkhro,41000
410103,4101,41,บ้านขาว,Ban Khao,41000
410104,4101,41,หนองบัว,Nong Bua,41000
410105,4101,41,บ้านตาด,Ban Tat,41000
410106,4101,41,โนนสูง,Non Sung,41330
410107,4101,41,หมูม่น,Mu Mon,41000
410108,4101,41,เชียงยืน,Chiang Yuen,41000
410109,4101,41,หนองนาคำ,Nong Na Kham,41000
410110,4101,41,กุดสระ,Kut Sa,41000
410111,4101,41,นาดี,Na Di,41000
410112,4101,41,บ้านเลื่อม,Ban Lueam,41000
410113,4101,41,เชียงพิณ,Chiang Phin,41000
410114,4101,41,สามพร้าว,Sam Phrao,41000
410115,4101,41,หนองไฮ,Nong Hai,41000
410116,4101,41,นาข่า,Na Kha,41000
410117,4101,41,บ้านจั่น,Ban Chan,41000
410118,4101,41,หนองขอนกว้าง,Nong Khon Kwang,41000
410119,4101,41,โคกสะอาด,Khok Sa-At,41000
410120,4101,41,นากว้าง,Na Kwang,41000
410121,4101,41,หนองไผ่,Nong Phai,41330
410201,4102,41,กุดจับ,Kut Chap,41250
410202,4102,41,ปะโค,Pakho,41250
410203,4102,41,ขอนยูง,Khon Yung,41250
410204,4102,41,เชียงเพ็ง,Chiang Pheng,41250
410205,4102,41,สร้างก่อ,Sang Ko,41250
410206,4102,41,เมืองเพีย,Mueang Phia,41250
410207,4102,41,ตาลเลียน,Tan Lian,41250
410301,4103,41,หมากหญ้า,Mak Ya,41360
410302,4103,41,หนองอ้อ,Nong O,41220
410303,4103,41,อูบมุง,Up Mung,41220
410304,4103,41,กุดหมากไฟ,Kut Mak Fai,41220
410305,4103,41,น้ำพ่น,Nam Phon,41360
410306,4103,41,หนองบัวบาน,Nong Bua Ban,41360
410307,4103,41,โนนหวาย,Non Wai,41220
410308,4103,41,หนองวัวซอ,Nong Wua So,41360
410401,4104,41,ตูมใต้,Tum Tai,41110
410402,4104,41,พันดอน,Phan Don,41370
410403,4104,41,เวียงคำ,Wiang Kham,41110
410404,4104,41,แชแล,Chae Lae,41110
410406,4104,41,เชียงแหว,Chiang Wae,41110
410407,4104,41,ห้วยเกิ้ง,Huai Koeng,41110
410409,4104,41,เสอเพลอ,Soe Phloe,41370
410410,4104,41,สีออ,Si-O,41110
410411,4104,41,ปะโค,Pakho,41370
410413,4104,41,ผาสุก,Pha Suk,41370
410414,4104,41,ท่าลี่,Tha Li,41110
410415,4104,41,กุมภวาปี,Kumphawapi,41110
410416,4104,41,หนองหว้า,Nong Wa,41110
410501,4105,41,โนนสะอาด,Non Sa-At,41240
410502,4105,41,บุ่งแก้ว,Bung Kaeo,41240
410503,4105,41,โพธิ์ศรีสำราญ,Pho Si Samran,41240
410504,4105,41,ทมนางาม,Thom Na Ngam,41240
410505,4105,41,หนองกุงศรี,Nong Kung Si,41240
410506,4105,41,โคกกลาง,Khok Klang,41240
410601,4106,41,หนองหาน,Nong Han,41130
410602,4106,41,หนองเม็ก,Nong Mek,41130
410605,4106,41,พังงู,Phang Ngu,41130
410606,4106,41,สะแบง,Sabaeng,41130
410607,4106,41,สร้อยพร้าว,Soi Phrao,41130
410609,4106,41,บ้านเชียง,Ban Chiang,41320
410610,4106,41,บ้านยา,Ban Ya,41320
410611,4106,41,โพนงาม,Phon Ngam,41130
410612,4106,41,ผักตบ,Phak Top,41130
410614,4106,41,หนองไผ่,Nong Phai,41130
410617,4106,41,ดอนหายโศก,Don Hai Sok,41130
410618,4106,41,หนองสระปลา,Nong Sa Pla,41320
410701,4107,41,ทุ่งฝน,Thung Fon,41310
410702,4107,41,ทุ่งใหญ่,Thung Yai,41310
410703,4107,41,นาชุมแสง,Na Chum Saeng,41310
410704,4107,41,นาทม,Na Thom,41310
410801,4108,41,ไชยวาน,Chaiwan,41290
410802,4108,41,หนองหลัก,Nong Lak,41290
410803,4108,41,คำเลาะ,Kham Lo,41290
410804,4108,41,โพนสูง,Phon Sung,41290
410901,4109,41,ศรีธาตุ,Si That,41230
410902,4109,41,จำปี,Champi,41230
410903,4109,41,บ้านโปร่ง,Ban Prong,41230
410904,4109,41,หัวนาคำ,Hua Na Kham,41230
410905,4109,41,หนองนกเขียน,Nong Nok Khian,41230
410906,4109,41,นายูง,Na Yung,41230
410907,4109,41,ตาดทอง,Tat Thong,41230
411001,4110,41,หนองกุงทับม้า,Nong Kung Thap Ma,41280
411002,4110,41,หนองหญ้าไซ,Nong Ya Sai,41280
411003,4110,41,บะยาว,Bayao,41280
411004,4110,41,ผาสุก,Pha Suk,41280
411005,4110,41,คำโคกสูง,Kham Khok Sung,41280
411006,4110,41,วังสามหมอ,Wang Sam Mo,41280
411101,4111,41,ศรีสุทโธ,Si Suttho,41190
411102,4111,41,บ้านดุง,Ban Dung,41190
411103,4111,41,ดงเย็น,Dong Yen,41190
411104,4111,41,โพนสูง,Phon Sung,41190
411105,4111,41,อ้อมกอ,Om Ko,41190
411106,4111,41,บ้านจันทน์,Ban Chan,41190
411107,4111,41,บ้านชัย,Ban Chai,41190
411108,4111,41,นาไหม,Na Mai,41190
411109,4111,41,ถ่อนนาลับ,Thon Na Lap,41190
411110,4111,41,วังทอง,Wang Thong,41190
411111,4111,41,บ้านม่วง,Ban Muang,41190
411112,4111,41,บ้านตาด,Ban Tat,41190
411113,4111,41,นาคำ,Na Kham,41190
411701,4117,41,บ้านผือ,Ban Phue,41160
411702,4117,41,หายโศก,Hai Sok,41160
411703,4117,41,เขือน้ำ,Khuea Nam,41160
411704,4117,41,คำบง,Kham Bong,41160
411705,4117,41,โนนทอง,Non Thong,41160
411706,4117,41,ข้าวสาร,Khao San,41160
411707,4117,41,จำปาโมง,Champa Mok,41160
411708,4117,41,กลางใหญ่,Klang Yai,41160
411709,4117,41,เมืองพาน,Mueang Phan,41160
411710,4117,41,คำด้วง,Kham Duang,41160
411711,4117,41,หนองหัวคู,Nong Hua Khu,41160
411712,4117,41,บ้านค้อ,Ban Kho,41160
411713,4117,41,หนองแวง,Nong Waeng,41160
411801,4118,41,นางัว,Na Ngua,41210
411802,4118,41,น้ำโสม,Nam Som,41210
411805,4118,41,หนองแวง,Nong Waeng,41210
411806,4118,41,บ้านหยวก,Ban Yuak,41210
411807,4118,41,โสมเยี่ยม,Som Yiam,41210
411810,4118,41,ศรีสำราญ,Si Samran,41210
411812,4118,41,สามัคคี,Samakkhi,41210
411901,4119,41,เพ็ญ,Phen,41150
411902,4119,41,บ้านธาตุ,Ban That,41150
411903,4119,41,นาพู่,Na Phu,41150
411904,4119,41,เชียงหวาง,Chiang Wang,41150
411905,4119,41,สุมเส้า,Sum Sao,41150
411906,4119,41,นาบัว,Na Bua,41150
411907,4119,41,บ้านเหล่า,Ban Lao,41150
411908,4119,41,จอมศรี,Chom Si,41150
411909,4119,41,เตาไห,Tao Hai,41150
411910,4119,41,โคกกลาง,Khok Klang,41150
411911,4119,41,สร้างแป้น,Sang Paen,41150
412001,4120,41,สร้างคอม,Sang Khom,41260
412002,4120,41,เชียงดา,Chiang Da,41260
412003,4120,41,บ้านยวด,Ban Yuat,41260
412004,4120,41,บ้านโคก,Ban Khok,41260
412005,4120,41,นาสะอาด,Na Sa-At,41260
412006,4120,41,บ้านหินโงม,Ban Hin Ngom,41260
412101,4121,41,หนองแสง,Nong Saeng,41340
412102,4121,41,แสงสว่าง,Saeng Sawang,41340
412103,4121,41,นาดี,Na Di,41340
412104,4121,41,ทับกุง,Thap Kung,41340
412201,4122,41,นายูง,Na Yung,41380
412202,4122,41,บ้านก้อง,Ban Kong,41380
412203,4122,41,นาแค,Na Khae,41380
412204,4122,41,โนนทอง,Non Thong,41380
412301,4123,41,บ้านแดง,Ban Daeng,41130
412302,4123,41,นาทราย,Na Sai,41130
412303,4123,41,ดอนกลอย,Don Kloi,41130
412401,4124,41,บ้านจีต,Ban Chiet,41130
412402,4124,41,โนนทองอินทร์,Non Thong In,41130
412403,4124,41,ค้อใหญ่,Kho Yai,41130
412404,4124,41,คอนสาย,Khon Sai,41130
412501,4125,41,นาม่วง,Na Muang,41110
412502,4125,41,ห้วยสามพาด,Huai Sam Phat,41110
412503,4125,41,อุ่มจาน,Um Chan,41110
420101,4201,42,กุดป่อง,Kut Pong,42000
420102,4201,42,เมือง,Mueang,42000
420103,4201,42,นาอ้อ,Na O,42100
420104,4201,42,กกดู่,Kok Du,42000
420105,4201,42,น้ำหมาน,Nam Man,42000
420106,4201,42,เสี้ยว,Siao,42000
420107,4201,42,นาอาน,Na An,42000
420108,4201,42,นาโป่ง,Na Pong,42000
420109,4201,42,นาดินดำ,Na Din Dam,42000
420110,4201,42,น้ำสวย,Nam Suai,42000
420111,4201,42,ชัยพฤกษ์,Chaiyaphruek,42000
420112,4201,42,นาแขม,Na Khaem,42000
420113,4201,42,ศรีสองรัก,Si Song Rak,42100
420114,4201,42,กกทอง,Kok Thong,42000
420201,4202,42,นาด้วง,Na Duang,42210
420202,4202,42,นาดอกคำ,Na Dok Kham,42210
420203,4202,42,ท่าสะอาด,Tha Sa-At,42210
420204,4202,42,ท่าสวรรค์,Tha Sawan,42210
420301,4203,42,เชียงคาน,Chiang Khan,42110
420302,4203,42,ธาตุ,That,42110
420303,4203,42,นาซ่าว,Na Sao,42110
420304,4203,42,เขาแก้ว,Khao Kaeo,42110
420305,4203,42,ปากตม,Pak Tom,42110
420306,4203,42,บุฮม,Bu Hom,42110
420307,4203,42,จอมศรี,Chom Si,42110
420308,4203,42,หาดทรายขาว,Hat Sai Khao,42110
420401,4204,42,ปากชม,Pak Chom,42150
420402,4204,42,เชียงกลม,Chiang Klom,42150
420403,4204,42,หาดคัมภีร์,Hat Khamphi,42150
420404,4204,42,ห้วยบ่อซืน,Huai Bo Suen,42150
420405,4204,42,ห้วยพิชัย,Huai Phichai,42150
420406,4204,42,ชมเจริญ,Chom Charoen,42150
420501,4205,42,ด่านซ้าย,Dan Sai,42120
420502,4205,42,ปากหมัน,Pak Man,42120
420503,4205,42,นาดี,Na Di,42120
420504,4205,42,โคกงาม,Khok Ngam,42120
420505,4205,42,โพนสูง,Phon Sung,42120
420506,4205,42,อิปุ่ม,I Pum,42120
420507,4205,42,กกสะทอน,Kok Sathon,42120
420508,4205,42,โป่ง,Pong,42120
420509,4205,42,วังยาว,Wang Yao,42120
420510,4205,42,นาหอ,Na Ho,42120
420601,4206,42,นาแห้ว,Na Haeo,42170
420602,4206,42,แสงภา,Saeng Pha,42170
420603,4206,42,นาพึง,Na Phueng,42170
420604,4206,42,นามาลา,Na Mala,42170
420605,4206,42,เหล่ากอหก,Lao Ko Hok,42170
420701,4207,42,หนองบัว,Nong Bua,42160
420702,4207,42,ท่าศาลา,Tha Sala,42160
420703,4207,42,ร่องจิก,Rong Chik,42160
420704,4207,42,ปลาบ่า,Pla Ba,42160
420705,4207,42,ลาดค่าง,Lat Khang,42160
420706,4207,42,สานตม,Santom,42160
420801,4208,42,ท่าลี่,Tha Li,42140
420802,4208,42,หนองผือ,Nong Phue,42140
420803,4208,42,อาฮี,A Hi,42140
420804,4208,42,น้ำแคม,Nam Khaem,42140
420805,4208,42,โคกใหญ่,Khok Yai,42140
420806,4208,42,น้ำทูน,Nam Thun,42140
420901,4209,42,วังสะพุง,Wang Saphung,42130
420902,4209,42,ทรายขาว,Sai Khao,42130
420903,4209,42,หนองหญ้าปล้อง,Nong Ya Plong,42130
420904,4209,42,หนองงิ้ว,Nong Ngio,42130
420905,4209,42,ปากปวน,Pak Puan,42130
420906,4209,42,ผาน้อย,Pha Noi,42130
420910,4209,42,ผาบิ้ง,Pha Bing,42130
420911,4209,42,เขาหลวง,Khao Luang,42130
420912,4209,42,โคกขมิ้น,Khok Khamin,42130
420913,4209,42,ศรีสงคราม,Si Songkhram,42130
421001,4210,42,ศรีฐาน,Si Than,42180
421005,4210,42,ผานกเค้า,Pha Nok Khao,42180
421007,4210,42,ภูกระดึง,Phu Kradueng,42180
421010,4210,42,ห้วยส้ม,Huai Som,42180
421101,4211,42,ภูหอ,Phu Ho,42230
421102,4211,42,หนองคัน,Nong Khan,42230
421104,4211,42,ห้วยสีเสียด,Huai Si Siat,42230
421105,4211,42,เลยวังไสย์,Loei Wang Sai,42230
421106,4211,42,แก่งศรีภูมิ,Kaeng Si Phum,42230
421201,4212,42,ผาขาว,Pha Khao,42240
421202,4212,42,ท่าช้างคล้อง,Tha Chang Khlong,42240
421203,4212,42,โนนปอแดง,Non Po Daeng,42240
421204,4212,42,โนนป่าซาง,Non Pa Sang,42240
421205,4212,42,บ้านเพิ่ม,Ban Phoem,42240
421301,4213,42,เอราวัณ,Erawan,42220
421302,4213,42,ผาอินทร์แปลง,Pha In Plaeng,42220
421303,4213,42,ผาสามยอด,Pha Sam Yot,42220
421304,4213,42,ทรัพย์ไพวัลย์,Sap Phaiwan,42220
421401,4214,42,หนองหิน,Nong Hin,42190
421402,4214,42,ตาดข่า,Tat Kha,42190
421403,4214,42,ปวนพุ,Puan Phu,42190
430101,4301,43,ในเมือง,Nai Mueang,43000
430102,4301,43,มีชัย,Mi Chai,43000
430103,4301,43,โพธิ์ชัย,Pho Chai,43000
430104,4301,43,กวนวัน,Kuan Wan,43000
430105,4301,43,เวียงคุก,Wiang Khuk,43000
430106,4301,43,วัดธาตุ,Wat That,43000
430107,4301,43,หาดคำ,Hat Kham,43000
430108,4301,43,หินโงม,Hin Ngom,43000
430109,4301,43,บ้านเดื่อ,Ban Duea,43000
430110,4301,43,ค่ายบกหวาน,Khai Bok Wan,43100
430111,4301,43,โพนสว่าง,Phon Sawang,43100
430113,4301,43,พระธาตุบังพวน,Phrathat Bang Phuan,43100
430116,4301,43,หนองกอมเกาะ,Nong Kom Ko,43000
430117,4301,43,ปะโค,Pakho,43000
430118,4301,43,เมืองหมี,Mueang Mi,43000
430119,4301,43,สีกาย,Si Kai,43000
430201,4302,43,ท่าบ่อ,Tha Bo,43110
430202,4302,43,น้ำโมง,Nam Mong,43110
430203,4302,43,กองนาง,Kong Nang,43110
430204,4302,43,โคกคอน,Khok Khon,43110
430205,4302,43,บ้านเดื่อ,Ban Duea,43110
430206,4302,43,บ้านถ่อน,Ban Thon,43110
430207,4302,43,บ้านว่าน,Ban Wan,43110
430208,4302,43,นาข่า,Nakha,43110
430209,4302,43,โพนสา,Phon Sa,43110
430210,4302,43,หนองนาง,Nong Nang,43110
430501,4305,43,จุมพล,Chum Phon,43120
430502,4305,43,วัดหลวง,Wat Luang,43120
430503,4305,43,กุดบง,Kut Bong,43120
430504,4305,43,ชุมช้าง,Chum Chang,43120
430506,4305,43,ทุ่งหลวง,Thung Luang,43120
430507,4305,43,เหล่าต่างคำ,Lao Tang Kham,43120
430508,4305,43,นาหนัง,Na Nang,43120
430509,4305,43,เซิม,Some,43120
430513,4305,43,บ้านโพธิ์,Ban Pho,43120
430521,4305,43,บ้านผือ,Ban Phue,43120
430522,4305,43,สร้างนางขาว,Sang Nang Khao,43120
430701,4307,43,พานพร้าว,Phan Phrao,43130
430703,4307,43,บ้านหม้อ,Ban Mo,43130
430704,4307,43,พระพุทธบาท,Phraphutthabat,43130
430705,4307,43,หนองปลาปาก,Nong Pla Pak,43130
430801,4308,43,แก้งไก่,Kaeng Kai,43160
430802,4308,43,ผาตั้ง,Pha Tang,43160
430803,4308,43,บ้านม่วง,Ban Muang,43160
430804,4308,43,นางิ้ว,Na Ngio,43160
430805,4308,43,สังคม,Sangkhom,43160
431401,4314,43,สระใคร,Sa Khrai,43100
431402,4314,43,คอกช้าง,Khok Chang,43100
431403,4314,43,บ้านฝาง,Ban Fang,43100
431501,4315,43,เฝ้าไร่,Fao Rai,43120
431502,4315,43,นาดี,Na Di,43120
431503,4315,43,หนองหลวง,Nong Luang,43120
431504,4315,43,วังหลวง,Wang Luang,43120
431505,4315,43,อุดมพร,Udom Phon,43120
431601,4316,43,รัตนวาปี,Rattana Wapi,43120
431602,4316,43,นาทับไฮ,Na Thap Hai,43120
431603,4316,43,บ้านต้อน,Ban Ton,43120
431604,4316,43,พระบาทนาสิงห์,Phrabat Na Sing,43120
431605,4316,43,โพนแพง,Phon Phaeng,43120
431701,4317,43,โพธิ์ตาก,Pho Tak,43130
431702,4317,43,โพนทอง,Phon Thong,43130
431703,4317,43,ด่านศรีสุข,Dan Si Suk,43130
440101,4401,44,ตลาด,Talat,44000
440102,4401,44,เขวา,Khewa,44000
440103,4401,44,ท่าตูม,Tha Tum,44000
440104,4401,44,แวงน่าง,Waeng Nang,44000
440105,4401,44,โคกก่อ,Khok Ko,44000
440106,4401,44,ดอนหว่าน,Don Wan,44000
440107,4401,44,เกิ้ง,Koeng,44000
440108,4401,44,แก่งเลิงจาน,Kaeng Loeng Chan,44000
440109,4401,44,ท่าสองคอน,Tha Song Khon,44000
440110,4401,44,ลาดพัฒนา,Lat Phatthana,44000
440111,4401,44,หนองปลิง,Nong Pling,44000
440112,4401,44,ห้วยแอ่ง,Huai Aeng,44000
440113,4401,44,หนองโน,Nong No,44000
440114,4401,44,บัวค้อ,Bua Kho,44000
440201,4402,44,แกดำ,Kae Dam,44190
440202,4402,44,วังแสง,Wang Saeng,44190
440203,4402,44,มิตรภาพ,Mittraphap,44190
440204,4402,44,หนองกุง,Nong Kung,44190
440205,4402,44,โนนภิบาล,Non Phiban,44190
440301,4403,44,หัวขวาง,Hua Khwang,44140
440302,4403,44,ยางน้อย,Yang Noi,44140
440303,4403,44,วังยาว,Wang Yao,44140
440304,4403,44,เขวาไร่,Khewa Rai,44140
440305,4403,44,แพง,Phaeng,44140
440306,4403,44,แก้งแก,Kaeng Kae,44140
440307,4403,44,หนองเหล็ก,Nong Lek,44140
440308,4403,44,หนองบัว,Nong Bua,44140
440309,4403,44,เหล่า,Lao,44140
440310,4403,44,เขื่อน,Khuean,44140
440311,4403,44,หนองบอน,Nong Bon,44140
440312,4403,44,โพนงาม,Phon Ngam,44140
440313,4403,44,ยางท่าแจ้ง,Yang Tha Chaeng,44140
440314,4403,44,แห่ใต้,Hae Tai,44140
440315,4403,44,หนองกุงสวรรค์,Nong Kung Sawan,44140
440316,4403,44,เลิงใต้,Loeng Tai,44140
440317,4403,44,ดอนกลาง,Don Klang,44140
440401,4404,44,โคกพระ,Khok Phra,44150
440402,4404,44,คันธารราษฎร์,Khan Than Rat,44150
440403,4404,44,มะค่า,Makha,44150
440404,4404,44,ท่าขอนยาง,Tha Khon Yang,44150
440405,4404,44,นาสีนวน,Na Si Nuan,44150
440406,4404,44,ขามเรียง,Kham Riang,44150
440407,4404,44,เขวาใหญ่,Khewa Yai,44150
440408,4404,44,ศรีสุข,Si Suk,44150
440409,4404,44,กุดใส้จ่อ,Kut Sai Cho,44150
440410,4404,44,ขามเฒ่าพัฒนา,Kham Thao Phatthana,44150
440501,4405,44,เชียงยืน,Chiang Yuen,44160
440503,4405,44,หนองซอน,Nong Son,44160
440505,4405,44,ดอนเงิน,Don Ngoen,44160
440506,4405,44,กู่ทอง,Ku Thong,44160
440507,4405,44,นาทอง,Na Thong,44160
440508,4405,44,เสือเฒ่า,Suea Thao,44160
440511,4405,44,โพนทอง,Phon Thong,44160
440512,4405,44,เหล่าบัวบาน,Lao Bua Ban,44160
440601,4406,44,บรบือ,Borabue,44130
440602,4406,44,บ่อใหญ่,Bo Yai,44130
440604,4406,44,วังไชย,Wang Chai,44130
440605,4406,44,หนองม่วง,Nong Muang,44130
440606,4406,44,กำพี้,Kamphi,44130
440607,4406,44,โนนราษี,Non Rasi,44130
440608,4406,44,โนนแดง,Non Daeng,44130
440610,4406,44,หนองจิก,Nong Chik,44130
440611,4406,44,บัวมาศ,Bua Mat,44130
440613,4406,44,หนองคูขาด,Nong Khu Khat,44130
440615,4406,44,วังใหม่,Wang Mai,44130
440616,4406,44,ยาง,Yang,44130
440618,4406,44,หนองสิม,Nong Sim,44130
440619,4406,44,หนองโก,Nong Ko,44130
440620,4406,44,ดอนงัว,Don Ngua,44130
440701,4407,44,นาเชือก,Na Chueak,44170
440702,4407,44,สำโรง,Samrong,44170
440703,4407,44,หนองแดง,Nong Daeng,44170
440704,4407,44,เขวาไร่,Khewa Rai,44170
440705,4407,44,หนองโพธิ์,Nong Pho,44170
440706,4407,44,ปอพาน,Po Phan,44170
440707,4407,44,หนองเม็ก,Nong Mek,44170
440708,4407,44,หนองเรือ,Nong Ruea,44170
440709,4407,44,หนองกุง,Nong Kung,44170
440710,4407,44,สันป่าตอง,San Patong,44170
440801,4408,44,ปะหลาน,Palan,44110
440802,4408,44,ก้ามปู,Kam Pu,44110
440803,4408,44,เวียงสะอาด,Wiang Sa-At,44110
440804,4408,44,เม็กดำ,Mek Dam,44110
440805,4408,44,นาสีนวล,Na Si Nuan,44110
440809,4408,44,ราษฎร์เจริญ,Rat Charoen,44110
440810,4408,44,หนองบัวแก้ว,Nong Bua Kaeo,44110
440812,4408,44,เมืองเตา,Mueang Tao,44110
440815,4408,44,ลานสะแก,Lan Sakae,44110
440816,4408,44,เวียงชัย,Wiang Chai,44110
440817,4408,44,หนองบัว,Nong Bua,44110
440818,4408,44,ราษฎร์พัฒนา,Rat Phatthana,44110
440819,4408,44,เมืองเสือ,Mueang Suea,44110
440820,4408,44,ภารแอ่น,Phara-Aen,44110
440901,4409,44,หนองแสง,Nong Saeng,44120
440902,4409,44,ขามป้อม,Kham Pom,44120
440903,4409,44,เสือโก้ก,Suea Kok,44120
440904,4409,44,ดงใหญ่,Dong Yai,44120
440905,4409,44,โพธิ์ชัย,Pho Chai,44120
440906,4409,44,หัวเรือ,Hua Ruea,44120
440907,4409,44,แคน,Khaen,44120
440908,4409,44,งัวบา,Ngua Ba,44120
440909,4409,44,นาข่า,Nakha,44120
440910,4409,44,บ้านหวาย,Ban Wai,44120
440911,4409,44,หนองไฮ,Nong Hai,44120
440912,4409,44,ประชาพัฒนา,Pracha Phatthana,44120
440913,4409,44,หนองทุ่ม,Nong Thum,44120
440914,4409,44,หนองแสน,Nong Saen,44120
440915,4409,44,โคกสีทองหลาง,Khok Si Thong Lang,44120
441001,4410,44,นาดูน,Na Dun,44180
441002,4410,44,หนองไผ่,Nong Phai,44180
441003,4410,44,หนองคู,Nong Khu,44180
441004,4410,44,ดงบัง,Dong Bang,44180
441005,4410,44,ดงดวน,Dong Duan,44180
441006,4410,44,หัวดง,Hua Dong,44180
441007,4410,44,ดงยาง,Dong Yang,44180
441008,4410,44,กู่สันตรัตน์,Ku Santarat,44180
441009,4410,44,พระธาตุ,Phrathat,44180
441101,4411,44,ยางสีสุราช,Yang Sisurat,44210
441102,4411,44,นาภู,Na Phu,44210
441103,4411,44,แวงดง,Waeng Dong,44210
441104,4411,44,บ้านกู่,Ban Ku,44210
441105,4411,44,ดงเมือง,Dong Mueang,44210
441106,4411,44,สร้างแซ่ง,Kham Rian,44210
441107,4411,44,หนองบัวสันตุ,Nong Bua Santu,44210
441201,4412,44,กุดรัง,Kut Rang,44130
441202,4412,44,นาโพธิ์,Na Pho,44130
441203,4412,44,เลิงแฝก,Loeng Faek,44130
441204,4412,44,หนองแวง,Nong Waeng,44130
441205,4412,44,ห้วยเตย,Huai Toei,44130
441301,4413,44,ชื่นชม,Chuen Chom,44160
441302,4413,44,กุดปลาดุก,Kut Pla Duk,44160
441303,4413,44,เหล่าดอกไม้,Lao Dokmai,44160
441304,4413,44,หนองกุง,Nong Kung,44160
450101,4501,45,ในเมือง,Nai Mueang,45000
450102,4501,45,รอบเมือง,Rop Mueang,45000
450103,4501,45,เหนือเมือง,Nuea Mueang,45000
450104,4501,45,ขอนแก่น,Khon Kaen,45000
450105,4501,45,นาโพธิ์,Na Pho,45000
450106,4501,45,สะอาดสมบูรณ์,Sa-At Sombun,45000
450108,4501,45,สีแก้ว,Si Kaeo,45000
450109,4501,45,ปอภาร,Po Phan,45000
450110,4501,45,โนนรัง,Non Rang,45000
450117,4501,45,หนองแก้ว,Nong Kaeo,45000
450118,4501,45,หนองแวง,Nong Waeng,45000
450120,4501,45,ดงลาน,Dong Lan,45000
450123,4501,45,แคนใหญ่,Khaen Yai,45000
450124,4501,45,โนนตาล,Non Tan,45000
450125,4501,45,เมืองทอง,Mueang Thong,45000
450201,4502,45,เกษตรวิสัย,Kaset Wisai,45150
450202,4502,45,เมืองบัว,Mueang Bua,45150
450203,4502,45,เหล่าหลวง,Lao Luang,45150
450204,4502,45,สิงห์โคก,Sing Khok,45150
450205,4502,45,ดงครั่งใหญ่,Dong Khrang Yai,45150
450206,4502,45,บ้านฝาง,Ban Fang,45150
450207,4502,45,หนองแวง,Nong Waeng,45150
450208,4502,45,กำแพง,Kamphaeng,45150
450209,4502,45,กู่กาสิงห์,Ku Ka Sing,45150
450210,4502,45,น้ำอ้อม,Nam Om,45150
450211,4502,45,โนนสว่าง,Non Sawang,45150
450212,4502,45,ทุ่งทอง,Thung Thong,45150
450213,4502,45,ดงครั่งน้อย,Dong Khrang Noi,45150
450301,4503,45,บัวแดง,Bua Daeng,45190
450302,4503,45,ดอกล้ำ,Dok Lam,45190
450303,4503,45,หนองแคน,Nong Khaen,45190
450304,4503,45,โพนสูง,Phon Sung,45190
450305,4503,45,โนนสวรรค์,Non Sawan,45190
450306,4503,45,สระบัว,Sa Bua,45190
450307,4503,45,โนนสง่า,Non Sa-Nga,45190
450308,4503,45,ขี้เหล็ก,Khi Lek,45190
450401,4504,45,หัวช้าง,Hua Chang,45180
450402,4504,45,หนองผือ,Nong Phue,45180
450403,4504,45,เมืองหงส์,Mueang Hong,45180
450404,4504,45,โคกล่าม,Khok Lam,45180
450405,4504,45,น้ำใส,Nam Sai,45180
450406,4504,45,ดงแดง,Dong Daeng,45180
450407,4504,45,ดงกลาง,Dong Klang,45180
450408,4504,45,ป่าสังข์,Pa Sang,45180
450409,4504,45,อีง่อง,I Ngong,45180
450410,4504,45,ลิ้นฟ้า,Lin Fa,45180
450411,4504,45,ดู่น้อย,Du Noi,45180
450412,4504,45,ศรีโคตร,Si Khot,45180
450501,4505,45,นิเวศน์,Niwet,45170
450502,4505,45,ธงธานี,Thong Thani,45170
450503,4505,45,หนองไผ่,Nong Phai,45170
450504,4505,45,ธวัชบุรี,Thawat Buri,45170
450506,4505,45,อุ่มเม้า,Um Mao,45170
450507,4505,45,มะอึ,Ma-Ue,45170
450510,4505,45,เขวาทุ่ง,Khewa Thung,45170
450515,4505,45,ไพศาล,Phaisan,45170
450517,4505,45,เมืองน้อย,Mueang Noi,45170
450520,4505,45,บึงนคร,Bueng Nakhon,45170
450522,4505,45,ราชธานี,Ratchathani,45170
450524,4505,45,หนองพอก,Nong Phok,45170
450601,4506,45,พนมไพร,Phanom Phrai,45140
450602,4506,45,แสนสุข,Saen Suk,45140
450603,4506,45,กุดน้ำใส,Kut Nam Sai,45140
450604,4506,45,หนองทัพไทย,Nong Thap Thai,45140
450605,4506,45,โพธิ์ใหญ่,Pho Yai,45140
450606,4506,45,วารีสวัสดิ์,Wari Sawat,45140
450607,4506,45,โคกสว่าง,Khok Sawang,45140
450611,4506,45,โพธิ์ชัย,Pho Chai,45140
450612,4506,45,นานวล,Na Nuan,45140
450613,4506,45,คำไฮ,Kham Hai,45140
450614,4506,45,สระแก้ว,Sa Kaeo,45140
450615,4506,45,ค้อใหญ่,Kho Yai,45140
450617,4506,45,ชานุวรรณ,Chanuwan,45140
450701,4507,45,แวง,Waeng,45110
450702,4507,45,โคกกกม่วง,Khok Kok Muang,45110
450703,4507,45,นาอุดม,Na Udom,45110
450704,4507,45,สว่าง,Sawang,45110
450705,4507,45,หนองใหญ่,Nong Yai,45110
450706,4507,45,โพธิ์ทอง,Pho Thong,45110
450707,4507,45,โนนชัยศรี,Non Chai Si,45110
450708,4507,45,โพธิ์ศรีสว่าง,Pho Si Sawang,45110
450709,4507,45,อุ่มเม่า,Um Mao,45110
450710,4507,45,คำนาดี,Kham Na Di,45110
450711,4507,45,พรมสวรรค์,Phrom Sawan,45110
450712,4507,45,สระนกแก้ว,Sa Nok Kaeo,45110
450713,4507,45,วังสามัคคี,Wang Samakkhi,45110
450714,4507,45,โคกสูง,Khok Sung,45110
450801,4508,45,ขามเปี้ย,Kham Pia,45230
450802,4508,45,เชียงใหม่,Chiang Mai,45230
450803,4508,45,บัวคำ,Bua Kham,45230
450804,4508,45,อัคคะคำ,Ak Khakham,45230
450805,4508,45,สะอาด,Sa-At,45230
450806,4508,45,คำพอุง,Kham Pha-Ung,45230
450807,4508,45,หนองตาไก้,Nong Ta Kai,45230
450808,4508,45,ดอนโอง,Don Ong,45230
450809,4508,45,โพธิ์ศรี,Pho Si,45230
450901,4509,45,หนองพอก,Nong Phok,45210
450902,4509,45,บึงงาม,Bueng Ngam,45210
450903,4509,45,ภูเขาทอง,Phu Khao Thong,45210
450904,4509,45,กกโพธิ์,Kok Pho,45210
450905,4509,45,โคกสว่าง,Khok Sawang,45210
450906,4509,45,หนองขุ่นใหญ่,Nong Khun Yai,45210
450907,4509,45,รอบเมือง,Rop Mueang,45210
450908,4509,45,ผาน้ำย้อย,Pha Nam Yoi,45210
450909,4509,45,ท่าสีดา,Tha Si Da,45210
451001,4510,45,กลาง,Klang,45120
451002,4510,45,นางาม,Na Ngam,45120
451003,4510,45,เมืองไพร,Mueang Phrai,45120
451004,4510,45,นาแซง,Na Saeng,45120
451005,4510,45,นาเมือง,Na Mueang,45120
451006,4510,45,วังหลวง,Wang Luang,45120
451007,4510,45,ท่าม่วง,Tha Muang,45120
451008,4510,45,ขวาว,Khwao,45120
451009,4510,45,โพธิ์ทอง,Pho Thong,45120
451010,4510,45,ภูเงิน,Phu Ngoen,45120
451011,4510,45,เกาะแก้ว,Ko Kaeo,45120
451012,4510,45,นาเลิง,Na Loeng,45120
451013,4510,45,เหล่าน้อย,Lao Noi,45120
451014,4510,45,ศรีวิลัย,Si Wilai,45120
451015,4510,45,หนองหลวง,Nong Luang,45120
451016,4510,45,พรสวรรค์,Phon Sawan,45120
451017,4510,45,ขวัญเมือง,Khwan Mueang,45120
451018,4510,45,บึงเกลือ,Bueng Kluea,45120
451101,4511,45,สระคู,Sa Khu,45130
451102,4511,45,ดอกไม้,Dokmai,45130
451103,4511,45,นาใหญ่,Na Yai,45130
451104,4511,45,หินกอง,Hin Kong,45130
451105,4511,45,เมืองทุ่ง,Mueang Thung,45130
451106,4511,45,หัวโทน,Hua Thon,45130
451107,4511,45,บ่อพันขัน,Bo Phan Khan,45130
451108,4511,45,ทุ่งหลวง,Thung Luang,45130
451109,4511,45,หัวช้าง,Hua Chang,45130
451110,4511,45,น้ำคำ,Nam Kham,45130
451111,4511,45,ห้วยหินลาด,Huai Hin Lat,45130
451112,4511,45,ช้างเผือก,Chang Phueak,45130
451113,4511,45,ทุ่งกุลา,Thung Kula,45130
451114,4511,45,ทุ่งศรีเมือง,Thung Si Mueang,45130
451115,4511,45,จำปาขัน,Champa Khan,45130
451201,4512,45,หนองผือ,Nong Phue,45220
451202,4512,45,หนองหิน,Nong Hin,45220
451203,4512,45,คูเมือง,Khu Mueang,45220
451204,4512,45,กกกุง,Kok Kung,45220
451205,4512,45,เมืองสรวง,Mueang Suang,45220
451301,4513,45,โพนทราย,Phon Sai,45240
451302,4513,45,สามขา,Sam Kha,45240
451303,4513,45,ศรีสว่าง,Si Sawang,45240
451304,4513,45,ยางคำ,Yang Kham,45240
451305,4513,45,ท่าหาดยาว,Tha Hat Yao,45240
451401,4514,45,อาจสามารถ,At Samat,45160
451402,4514,45,โพนเมือง,Phon Mueang,45160
451403,4514,45,บ้านแจ้ง,Ban Chaeng,45160
451404,4514,45,หน่อม,Nom,45160
451405,4514,45,หนองหมื่นถ่าน,Nong Muen Than,45160
451406,4514,45,หนองขาม,Nong Kham,45160
451407,4514,45,โหรา,Hora,45160
451408,4514,45,หนองบัว,Nong Bua,45160
451409,4514,45,ขี้เหล็ก,Khi Lek,45160
451410,4514,45,บ้านดู่,Ban Du,45160
451501,4515,45,เมยวดี,Moei Wadi,45250
451502,4515,45,ชุมพร,Chumphon,45250
451503,4515,45,บุ่งเลิศ,Bung Loet,45250
451504,4515,45,ชมสะอาด,Chom Sa-At,45250
451601,4516,45,โพธิ์ทอง,Pho Thong,45000
451602,4516,45,ศรีสมเด็จ,Si Somdet,45000
451603,4516,45,เมืองเปลือย,Mueang Plueai,45000
451604,4516,45,หนองใหญ่,Nong Yai,45000
451605,4516,45,สวนจิก,Suan Chik,45280
451606,4516,45,โพธิ์สัย,Pho Sai,45280
451607,4516,45,หนองแวงควง,Nong Waeng Khuang,45000
451608,4516,45,บ้านบาก,Ban Bak,45000
451701,4517,45,ดินดำ,Din Dam,45000
451702,4517,45,ปาฝา,Pa Fa,45000
451703,4517,45,ม่วงลาด,Muang Lat,45000
451704,4517,45,จังหาร,Changhan,45000
451705,4517,45,ดงสิงห์,Dong Sing,45000
451706,4517,45,ยางใหญ่,Yang Yai,45000
451707,4517,45,ผักแว่น,Phak Waen,45000
451708,4517,45,แสนชาติ,Saen Chat,45000
451801,4518,45,เชียงขวัญ,Chiang Khwan,45000
451802,4518,45,พลับพลา,Phlapphla,45170
451803,4518,45,พระธาตุ,Phrathat,45000
451804,4518,45,พระเจ้า,Phrachao,45000
451805,4518,45,หมูม้น,Mu Mon,45170
451806,4518,45,บ้านเขือง,Ban Khueang,45000
451901,4519,45,หนองฮี,Nong Hi,45140
451902,4519,45,สาวแห,Sao Hae,45140
451903,4519,45,ดูกอึ่ง,Duk Ueng,45140
451904,4519,45,เด่นราษฎร์,Den Rat,45140
452001,4520,45,ทุ่งเขาหลวง,Thung Khao Luang,45170
452002,4520,45,เทอดไทย,Thoet Thai,45170
452003,4520,45,บึงงาม,Bueng Ngam,45170
452004,4520,45,มะบ้า,Maba,45170
452005,4520,45,เหล่า,Lao,45170
460101,4601,46,กาฬสินธุ์,Kalasin,46000
460102,4601,46,เหนือ,Nuea,46000
460103,4601,46,หลุบ,Lup,46000
460104,4601,46,ไผ่,Phai,46000
460105,4601,46,ลำปาว,Lampao,46000
460106,4601,46,ลำพาน,Lamphan,46000
460107,4601,46,เชียงเครือ,Chiang Khruea,46000
460108,4601,46,บึงวิชัย,Bueng Wichai,46000
460109,4601,46,ห้วยโพธิ์,Huai Pho,46000
460111,4601,46,ภูปอ,Phu Po,46000
460113,4601,46,ภูดิน,Phu Din,46000
460115,4601,46,หนองกุง,Nong Kung,46000
460116,4601,46,กลางหมื่น,Klang Muen,46000
460117,4601,46,ขมิ้น,Khamin,46000
460119,4601,46,โพนทอง,Phon Thong,46000
460120,4601,46,นาจารย์,Na Chan,46000
460121,4601,46,ลำคลอง,Lam Khlong,46000
460201,4602,46,นามน,Na Mon,46230
460202,4602,46,ยอดแกง,Yot Kaeng,46230
460203,4602,46,สงเปลือย,Song Plueai,46230
460204,4602,46,หลักเหลี่ยม,Lak Liam,46230
460205,4602,46,หนองบัว,Nong Bua,46230
460301,4603,46,กมลาไสย,Kamalasai,46130
460302,4603,46,หลักเมือง,Lak Mueang,46130
460303,4603,46,โพนงาม,Phon Ngam,46130
460304,4603,46,ดงลิง,Dong Ling,46130
460305,4603,46,ธัญญา,Thanya,46130
460308,4603,46,หนองแปน,Nong Paen,46130
460310,4603,46,เจ้าท่า,Chao Tha,46130
460311,4603,46,โคกสมบูรณ์,Khok Sombun,46130
460401,4604,46,ร่องคำ,Rong Kham,46210
460402,4604,46,สามัคคี,Samakkhi,46210
460403,4604,46,เหล่าอ้อย,Lao Oi,46210
460501,4605,46,บัวขาว,Bua Khao,46110
460502,4605,46,แจนแลน,Chaen Laen,46110
460503,4605,46,เหล่าใหญ่,Lao Yai,46110
460504,4605,46,จุมจัง,Chum Chang,46110
460505,4605,46,เหล่าไฮงาม,Lao Hai Ngam,46110
460506,4605,46,กุดหว้า,Kut Wa,46110
460507,4605,46,สามขา,Sam Kha,46110
460508,4605,46,นาขาม,Nakham,46110
460509,4605,46,หนองห้าง,Nong Hang,46110
460510,4605,46,นาโก,Nako,46110
460511,4605,46,สมสะอาด,Som Sa-At,46110
460512,4605,46,กุดค้าว,Kut Khao,46110
460601,4606,46,คุ้มเก่า,Khum Kao,46160
460602,4606,46,สงเปลือย,Song Plueai,46160
460603,4606,46,หนองผือ,Nong Phue,46160
460606,4606,46,กุดสิมคุ้มใหม่,Kut Sinkhum Mai,46160
460608,4606,46,สระพังทอง,Sa Phang Thong,46160
460611,4606,46,กุดปลาค้าว,Kut Pla Khao,46160
460701,4607,46,ยางตลาด,Yang Talat,46120
460702,4607,46,หัวงัว,Hua Ngua,46120
460703,4607,46,อุ่มเม่า,Um Mao,46120
460704,4607,46,บัวบาน,Bua Ban,46120
460705,4607,46,เว่อ,Woe,46120
460706,4607,46,อิตื้อ,I Tue,46120
460707,4607,46,หัวนาคำ,Hua Na Kham,46120
460708,4607,46,หนองอิเฒ่า,Nong I Thao,46120
460709,4607,46,ดอนสมบูรณ์,Don Sombun,46120
460710,4607,46,นาเชือก,Na Chueak,46120
460711,4607,46,คลองขาม,Khlong Kham,46120
460712,4607,46,เขาพระนอน,Khao Phra Non,46120
460713,4607,46,นาดี,Na Di,46120
460714,4607,46,โนนสูง,Non Sung,46120
460715,4607,46,หนองตอกแป้น,Nong Tok Paen,46120
460801,4608,46,ห้วยเม็ก,Huai Mek,46170
460802,4608,46,คำใหญ่,Kham Yai,46170
460803,4608,46,กุดโดน,Kut Don,46170
460804,4608,46,บึงนาเรียง,Bueng Na Riang,46170
460805,4608,46,หัวหิน,Hua Hin,46170
460806,4608,46,พิมูล,Phimun,46170
460807,4608,46,คำเหมือดแก้ว,Kham Mueat Kaeo,46170
460808,4608,46,โนนสะอาด,Non Sa-At,46170
460809,4608,46,ทรายทอง,Sai Thong,46170
460901,4609,46,ภูสิงห์,Phu Sing,46140
460902,4609,46,สหัสขันธ์,Sahatsakhan,46140
460903,4609,46,นามะเขือ,Na Makhuea,46140
460904,4609,46,โนนศิลา,Non Sila,46140
460905,4609,46,นิคม,Nikhom,46140
460906,4609,46,โนนแหลมทอง,Non Laem Thong,46140
460907,4609,46,โนนบุรี,Non Buri,46140
460908,4609,46,โนนน้ำเกลี้ยง,Non Nam Kliang,46140
461001,4610,46,ทุ่งคลอง,Thung Khlong,46180
461002,4610,46,โพน,Phon,46180
461005,4610,46,ดินจี่,Din Chi,46180
461006,4610,46,นาบอน,Na Bon,46180
461007,4610,46,นาทัน,Na Than,46180
461009,4610,46,เนินยาง,Noen Yang,46180
461101,4611,46,ท่าคันโท,Tha Khantho,46190
461102,4611,46,กุงเก่า,Kung Kao,46190
461103,4611,46,ยางอู้ม,Yang Um,46190
461104,4611,46,กุดจิก,Kut Chik,46190
461105,4611,46,นาตาล,Na Tan,46190
461106,4611,46,ดงสมบูรณ์,Dong Sombun,46190
461201,4612,46,หนองกุงศรี,Nong Kung Si,46220
461202,4612,46,หนองบัว,Nong Bua,46220
461203,4612,46,โคกเครือ,Khok Khruea,46220
461204,4612,46,หนองสรวง,Nong Suang,46220
461205,4612,46,เสาเล้า,Sao Lao,46220
461206,4612,46,หนองใหญ่,Nong Yai,46220
461207,4612,46,ดงมูล,Dong Mun,46220
461208,4612,46,ลำหนองแสน,Lam Nong Saen,46220
461209,4612,46,หนองหิน,Nong Hin,46220
461301,4613,46,สมเด็จ,Somdet,46150
461302,4613,46,หนองแวง,Nong Waeng,46150
461303,4613,46,แซงบาดาล,Saeng Badan,46150
461304,4613,46,มหาไชย,Mahachai,46150
461305,4613,46,หมูม่น,Mu Mon,46150
461306,4613,46,ผาเสวย,Pha Sawoei,46150
461307,4613,46,ศรีสมเด็จ,Si Somdet,46150
461308,4613,46,ลำห้วยหลัว,Lam Huai Lua,46150
461401,4614,46,คำบง,Kham Bong,46240
461402,4614,46,ไค้นุ่น,Khai Nun,46240
461403,4614,46,นิคมห้วยผึ้ง,Nikhom Huai Phueng,46240
461404,4614,46,หนองอีบุตร,Nong I But,46240
461501,4615,46,สำราญ,Samran,46180
461502,4615,46,สำราญใต้,Samran Tai,46180
461503,4615,46,คำสร้างเที่ยง,Kham Sang Thiang,46180
461504,4615,46,หนองช้าง,Nong Chang,46180
461601,4616,46,นาคู,Na Khu,46160
461602,4616,46,สายนาวัง,Sai Na Wang,46160
461603,4616,46,โนนนาจาน,Non Na Chan,46160
461604,4616,46,บ่อแก้ว,Bo Kaeo,46160
461605,4616,46,ภูแล่นช้าง,Phu Laen Chang,46160
461701,4617,46,ดอนจาน,Don Chan,46000
461702,4617,46,สะอาดไชยศรี,Sa-At Chai Si,46000
461703,4617,46,ดงพยุง,Dong Phayung,46000
461704,4617,46,ม่วงนา,Muang Na,46000
461705,4617,46,นาจำปา,Na Champa,46000
461801,4618,46,ฆ้องชัยพัฒนา,Khong Chai Phatthana,46130
461802,4618,46,เหล่ากลาง,Lao Klang,46130
461803,4618,46,โคกสะอาด,Khok Sa-At,46130
461804,4618,46,โนนศิลาเลิง,Non Sila Loeng,46130
461805,4618,46,ลำชี,Lam Chi,46130
470101,4701,47,ธาตุเชิงชุม,That Choengchum,47000
470102,4701,47,ขมิ้น,Khamin,47220
470103,4701,47,งิ้วด่อน,Ngio Don,47000
470104,4701,47,โนนหอม,Non Hom,47000
470106,4701,47,เชียงเครือ,Chiang Khruea,47000
470107,4701,47,ท่าแร่,Tha Rae,47000
470109,4701,47,ม่วงลาย,Muang Lai,47000
470111,4701,47,ดงชน,Dong Chon,47000
470112,4701,47,ห้วยยาง,Huai Yang,47000
470113,4701,47,พังขว้าง,Phang Khwang,47000
470115,4701,47,ดงมะไฟ,Dong Mafai,47000
470116,4701,47,ธาตุนาเวง,That Naweng,47000
470117,4701,47,เหล่าปอแดง,Lao Po Daeng,47000
470118,4701,47,หนองลาด,Nong Lat,47220
470120,4701,47,ฮางโฮง,Hang Hong,47000
470121,4701,47,โคกก่อง,Khok Kong,47000
470201,4702,47,กุสุมาลย์,Kusuman,47210
470202,4702,47,นาโพธิ์,Na Pho,47210
470203,4702,47,นาเพียง,Na Phiang,47230
470204,4702,47,โพธิไพศาล,Pho Phisan,47210
470205,4702,47,อุ่มจาน,Um Chan,47230
470301,4703,47,กุดบาก,Kut Bak,47180
470303,4703,47,นาม่อง,Na Mong,47180
470305,4703,47,กุดไห,Kut Hai,47180
470401,4704,47,พรรณา,Phanna,47130
470402,4704,47,วังยาง,Wang Yang,47130
470403,4704,47,พอกน้อย,Phok Noi,47220
470404,4704,47,นาหัวบ่อ,Na Hua Bo,47220
470405,4704,47,ไร่,Rai,47130
470406,4704,47,ช้างมิ่ง,Chang Ming,47130
470407,4704,47,นาใน,Na Nai,47130
470408,4704,47,สว่าง,Sawang,47130
470409,4704,47,บะฮี,Bahi,47130
470410,4704,47,เชิงชุม,Choeng Chum,47130
470501,4705,47,พังโคน,Phang Khon,47160
470502,4705,47,ม่วงไข่,Muang Khai,47160
470503,4705,47,แร่,Rae,47160
470504,4705,47,ไฮหย่อง,Hai Yong,47160
470505,4705,47,ต้นผึ้ง,Ton Phueng,47160
470601,4706,47,วาริชภูมิ,Waritchaphum,47150
470602,4706,47,ปลาโหล,Pla Lo,47150
470603,4706,47,หนองลาด,Nong Lat,47150
470604,4706,47,คำบ่อ,Kham Bo,47150
470605,4706,47,ค้อเขียว,Kho Khiao,47150
470701,4707,47,นิคมน้ำอูน,Nikhom Nam Un,47270
470702,4707,47,หนองปลิง,Nong Pling,47270
470703,4707,47,หนองบัว,Nong Bua,47270
470704,4707,47,สุวรรณคาม,Suwanakham,47270
470801,4708,47,วานรนิวาส,Wanon Niwat,47120
470802,4708,47,เดื่อศรีคันไชย,Duea Si Khan Chai,47120
470803,4708,47,ขัวก่าย,Khua Kai,47120
470804,4708,47,หนองสนม,Nong Sanom,47120
470805,4708,47,คูสะคาม,Khu Sakham,47120
470806,4708,47,ธาตุ,That,47120
470807,4708,47,หนองแวง,Nong Waeng,47120
470808,4708,47,ศรีวิชัย,Si Wichai,47120
470809,4708,47,นาซอ,Na So,47120
470810,4708,47,อินทร์แปลง,In Plaeng,47120
470811,4708,47,นาคำ,Na Kham,47120
470812,4708,47,คอนสวรรค์,Khon Sawan,47120
470813,4708,47,กุดเรือคำ,Kut Ruea Kham,47120
470814,4708,47,หนองแวงใต้,Nong Waeng Tai,47120
470901,4709,47,คำตากล้า,Kham Ta Kla,47250
470902,4709,47,หนองบัวสิม,Nong Bua Sim,47250
470903,4709,47,นาแต้,Na Tae,47250
470904,4709,47,แพด,Phaet,47250
471001,4710,47,ม่วง,Muang,47140
471002,4710,47,มาย,Mai,47140
471003,4710,47,ดงหม้อทอง,Dong Mo Thong,47140
471004,4710,47,ดงเหนือ,Dong Nuea,47140
471005,4710,47,ดงหม้อทองใต้,Dong Mo Thong Tai,47140
471006,4710,47,ห้วยหลัว,Huai Lua,47140
471007,4710,47,โนนสะอาด,Non Sa-At,47140
471008,4710,47,หนองกวั่ง,Nong Kwang,47140
471009,4710,47,บ่อแก้ว,Bo Kaeo,47140
471101,4711,47,อากาศ,Akat,47170
471102,4711,47,โพนแพง,Phon Phaeng,47170
471103,4711,47,วาใหญ่,Wa Yai,47170
471104,4711,47,โพนงาม,Phon Ngam,47170
471105,4711,47,ท่าก้อน,Tha Kon,47170
471106,4711,47,นาฮี,Na Hi,47170
471107,4711,47,บะหว้า,Bawa,47170
471108,4711,47,สามัคคีพัฒนา,Samakkhi Phatthana,47170
471201,4712,47,สว่างแดนดิน,Sawang Daen Din,47110
471203,4712,47,คำสะอาด,Kham Sa-At,47110
471204,4712,47,บ้านต้าย,Ban Tai,47110
471206,4712,47,บงเหนือ,Bong Nuea,47110
471207,4712,47,โพนสูง,Phon Sung,47110
471208,4712,47,โคกสี,Khok Si,47110
471210,4712,47,หนองหลวง,Nong Luang,47110
471211,4712,47,บงใต้,Bong Tai,47110
471212,4712,47,ค้อใต้,Kho Tai,47110
471213,4712,47,พันนา,Phan Na,47240
471214,4712,47,แวง,Waeng,47240
471215,4712,47,ทรายมูล,Sai Mun,47110
471216,4712,47,ตาลโกน,Tan Kon,47240
471217,4712,47,ตาลเนิ้ง,Tan Noeng,47240
471220,4712,47,ธาตุทอง,That Thong,47240
471221,4712,47,บ้านถ่อน,Ban Thon,47110
471301,4713,47,ส่องดาว,Song Dao,47190
471302,4713,47,ท่าศิลา,Tha Sila,47190
471303,4713,47,วัฒนา,Watthana,47190
471304,4713,47,ปทุมวาปี,Pathum Wapi,47190
471401,4714,47,เต่างอย,Tao Ngoi,47260
471402,4714,47,บึงทวาย,Bueng Thawai,47260
471403,4714,47,นาตาล,Na Tan,47260
471404,4714,47,จันทร์เพ็ญ,Chan Phen,47260
471501,4715,47,ตองโขบ,Tong Khop,47280
471502,4715,47,เหล่าโพนค้อ,Lao Phon Kho,47280
471503,4715,47,ด่านม่วงคำ,Dan Muang Kham,47280
471504,4715,47,แมดนาท่ม,Maet Na Thom,47280
471601,4716,47,บ้านเหล่า,Ban Lao,47290
471602,4716,47,เจริญศิลป์,Charoen Sin,47290
471603,4716,47,ทุ่งแก,Thung Kae,47290
471604,4716,47,โคกศิลา,Khok Sila,47290
471605,4716,47,หนองแปน,Nong Paen,47290
471701,4717,47,บ้านโพน,Ban Phon,47230
471702,4717,47,นาแก้ว,Na Kaeo,47230
471703,4717,47,นาตงวัฒนา,Na Tong Watthana,47230
471704,4717,47,บ้านแป้น,Ban Paen,47230
471705,4717,47,เชียงสือ,Chiang Sue,47230
471801,4718,47,สร้างค้อ,Sang Kho,47180
471802,4718,47,หลุบเลา,Luplao,47180
471803,4718,47,โคกภู,Khok Phu,47180
471804,4718,47,กกปลาซิว,Kok Pla Sio,47180
480101,4801,48,ในเมือง,Nai Mueang,48000
480102,4801,48,หนองแสง,Nong Saeng,48000
480103,4801,48,นาทราย,Na Sai,48000
480104,4801,48,นาราชควาย,Na Ratchakhwai,48000
480105,4801,48,กุรุคุ,Kurukhu,48000
480106,4801,48,บ้านผึ้ง,Ban Phueng,48000
480107,4801,48,อาจสามารถ,At Samat,48000
480108,4801,48,ขามเฒ่า,Kham Thao,48000
480109,4801,48,บ้านกลาง,Ban Klang,48000
480110,4801,48,ท่าค้อ,Tha Kho,48000
480111,4801,48,คำเตย,Kham Toei,48000
480112,4801,48,หนองญาติ,Nong Yat,48000
480113,4801,48,ดงขวาง,Dong Khwang,48000
480114,4801,48,วังตามัว,Wang Ta Mua,48000
480115,4801,48,โพธิ์ตาก,Pho Tak,48000
480201,4802,48,ปลาปาก,Pla Pak,48160
480202,4802,48,หนองฮี,Nong Hi,48160
480203,4802,48,กุตาไก้,Kut Takai,48160
480204,4802,48,โคกสว่าง,Khok Sawang,48160
480205,4802,48,โคกสูง,Khok Sung,48160
480206,4802,48,มหาชัย,Mahachai,48160
480207,4802,48,นามะเขือ,Na Makhuea,48160
480208,4802,48,หนองเทาใหญ่,Nong Thao Yai,48160
480301,4803,48,ท่าอุเทน,Tha Uthen,48120
480302,4803,48,โนนตาล,Non Tan,48120
480303,4803,48,ท่าจำปา,Tha Champa,48120
480304,4803,48,ไชยบุรี,Chai Buri,48120
480305,4803,48,พนอม,Phanom,48120
480306,4803,48,พะทาย,Phathai,48120
480311,4803,48,เวินพระบาท,Woen Phrabat,48120
480312,4803,48,รามราช,Rammarat,48120
480314,4803,48,หนองเทา,Nong Thao,48120
480401,4804,48,บ้านแพง,Ban Phaeng,48140
480402,4804,48,ไผ่ล้อม,Phai Lom,48140
480403,4804,48,โพนทอง,Phon Thong,48140
480404,4804,48,หนองแวง,Nong Waeng,48140
480408,4804,48,นางัว,Na Ngua,48140
480409,4804,48,นาเข,Na Khe,48140
480501,4805,48,ธาตุพนม,That Phanom,48110
480502,4805,48,ฝั่งแดง,Fang Daeng,48110
480503,4805,48,โพนแพง,Phon Phaeng,48110
480504,4805,48,พระกลางทุ่ง,Phra Klang Thung,48110
480505,4805,48,นาถ่อน,Na Thon,48110
480506,4805,48,แสนพัน,Saen Phan,48110
480507,4805,48,ดอนนางหงส์,Don Nang Hong,48110
480508,4805,48,น้ำก่ำ,Nam Kam,48110
480509,4805,48,อุ่มเหม้า,Um Mao,48110
480510,4805,48,นาหนาด,Na Nat,48110
480511,4805,48,กุดฉิม,Kut Chim,48110
480512,4805,48,ธาตุพนมเหนือ,That Phanom Nuea,48110
480601,4806,48,เรณู,Renu,48170
480602,4806,48,โพนทอง,Phon Thong,48170
480603,4806,48,ท่าลาด,Tha Lat,48170
480604,4806,48,นางาม,Na Ngam,48170
480605,4806,48,โคกหินแฮ่,Khok Hin Hae,48170
480607,4806,48,หนองย่างชิ้น,Nong Yang Chin,48170
480608,4806,48,เรณูใต้,Renu Tai,48170
480609,4806,48,นาขาม,Nakham,48170
480701,4807,48,นาแก,Na Kae,48130
480702,4807,48,พระซอง,Phra Song,48130
480703,4807,48,หนองสังข์,Nong Sang,48130
480704,4807,48,นาคู่,Na Khu,48130
480705,4807,48,พิมาน,Phiman,48130
480706,4807,48,พุ่มแก,Phum Kae,48130
480707,4807,48,ก้านเหลือง,Kan Lueang,48130
480708,4807,48,หนองบ่อ,Nong Bo,48130
480709,4807,48,นาเลียง,Na Liang,48130
480712,4807,48,บ้านแก้ง,Ban Kaeng,48130
480713,4807,48,คำพี้,Kham Phi,48130
480715,4807,48,สีชมพู,Si Chomphu,48130
480801,4808,48,ศรีสงคราม,Si Songkhram,48150
480802,4808,48,นาเดื่อ,Na Duea,48150
480803,4808,48,บ้านเอื้อง,Ban Ueang,48150
480804,4808,48,สามผง,Sam Phong,48150
480805,4808,48,ท่าบ่อสงคราม,Tha Bo Songkhram,48150
480806,4808,48,บ้านข่า,Ban Kha,48150
480807,4808,48,นาคำ,Na Kham,48150
480808,4808,48,โพนสว่าง,Phon Sawang,48150
480809,4808,48,หาดแพง,Hat Phaeng,48150
480901,4809,48,นาหว้า,Na Wa,48180
480902,4809,48,นางัว,Na Ngua,48180
480903,4809,48,บ้านเสียว,Ban Siao,48180
480904,4809,48,นาคูณใหญ่,Na Khun Yai,48180
480905,4809,48,เหล่าพัฒนา,Lao Phathana,48180
480906,4809,48,ท่าเรือ,Tha Ruea,48180
481001,4810,48,โพนสวรรค์,Phon Sawan,48190
481002,4810,48,นาหัวบ่อ,Na Hua Bo,48190
481003,4810,48,นาขมิ้น,Na Khamin,48190
481004,4810,48,โพนบก,Phon Bok,48190
481005,4810,48,บ้านค้อ,Ban Kho,48190
481006,4810,48,โพนจาน,Phon Chan,48190
481007,4810,48,นาใน,Na Nai,48190
481101,4811,48,นาทม,Na Thom,48140
481102,4811,48,หนองซน,Nong Son,48140
481103,4811,48,ดอนเตย,Don Toei,48140
481201,4812,48,วังยาง,Wang Yang,48130
481202,4812,48,โคกสี,Khok Si,48130
481203,4812,48,ยอดชาด,Yot Chat,48130
481204,4812,48,หนองโพธิ์,Nong Pho,48130
490101,4901,49,มุกดาหาร,Mukdahan,49000
490102,4901,49,ศรีบุญเรือง,Si Bunrueang,49000
490103,4901,49,บ้านโคก,Ban Khok,49000
490104,4901,49,บางทรายใหญ่,Bang Sai Yai,49000
490105,4901,49,โพนทราย,Phon Sai,49000
490106,4901,49,ผึ่งแดด,Phueng Daet,49000
490107,4901,49,นาโสก,Na Sok,49000
490108,4901,49,นาสีนวน,Na Si Nuan,49000
490109,4901,49,คำป่าหลาย,Kham Pa Lai,49000
490110,4901,49,คำอาฮวน,Kham A Huan,49000
490111,4901,49,ดงเย็น,Dong Yen,49000
490112,4901,49,ดงมอน,Dong Mon,49000
490113,4901,49,กุดแข้,Kut Khae,49000
490201,4902,49,นิคมคำสร้อย,Nikhom Kham Soi,49130
490202,4902,49,นากอก,Na Kok,49130
490203,4902,49,หนองแวง,Nong Waeng,49130
490204,4902,49,กกแดง,Kok Daeng,49130
490205,4902,49,นาอุดม,Na Udom,49130
490206,4902,49,โชคชัย,Chok Chai,49130
490207,4902,49,ร่มเกล้า,Romklao,49130
490301,4903,49,ดอนตาล,Don Tan,49120
490302,4903,49,โพธิ์ไทร,Pho Sai,49120
490303,4903,49,ป่าไร่,Pa Rai,49120
490304,4903,49,เหล่าหมี,Lao Mi,49120
490305,4903,49,บ้านบาก,Ban Bak,49120
490306,4903,49,นาสะเม็ง,Na Sameng,49120
490307,4903,49,บ้านแก้ง,Ban Kaeng,49120
490401,4904,49,ดงหลวง,Dong Luang,49140
490402,4904,49,หนองบัว,Nong Bua,49140
490403,4904,49,กกตูม,Kok Tum,49140
490404,4904,49,หนองแคน,Nong Khaen,49140
490405,4904,49,ชะโนดน้อย,Chanot Noi,49140
490406,4904,49,พังแดง,Phang Daeng,49140
490503,4905,49,บ้านซ่ง,Ban Shong,49110
490504,4905,49,คำชะอี,Kham Cha-I,49110
490505,4905,49,หนองเอี่ยน,Nong Ian,49110
490506,4905,49,บ้านค้อ,Ban Kho,49110
490507,4905,49,บ้านเหล่า,Ban Lao,49110
490508,4905,49,โพนงาม,Phon Ngam,49110
490511,4905,49,เหล่าสร้างถ่อ,Lao Sang Tho,49110
490512,4905,49,คำบก,Kham Bok,49110
490514,4905,49,น้ำเที่ยง,Nam Thiang,49110
490601,4906,49,หว้านใหญ่,Wan Yai,49150
490602,4906,49,ป่งขาม,Pong Kham,49150
490603,4906,49,บางทรายน้อย,Bang Sai Noi,49150
490604,4906,49,ชะโนด,Chanot,49150
490605,4906,49,ดงหมู,Dong Mu,49150
490701,4907,49,หนองสูง,Nong Sung,49160
490702,4907,49,โนนยาง,Non Yang,49160
490703,4907,49,ภูวง,Phu Wong,49160
490704,4907,49,บ้านเป้า,Ban Pao,49160
490705,4907,49,หนองสูงใต้,Nong Sung Tai,49160
490706,4907,49,หนองสูงเหนือ,Nong Sung Nuea,49160
500101,5001,50,ศรีภูมิ,Si Phum,50200
500102,5001,50,พระสิงห์,Phra Sing,50200
500103,5001,50,หายยา,Hai Ya,50100
500104,5001,50,ช้างม่อย,Chang Moi,50300
500105,5001,50,ช้างคลาน,Chang Khlan,50100
500106,5001,50,วัดเกต,Wat Ket,50000
500107,5001,50,ช้างเผือก,Chang Phueak,50300
500108,5001,50,สุเทพ,Su Thep,50200
500109,5001,50,แม่เหียะ,Mae Hia,50100
500110,5001,50,ป่าแดด,Pa Daet,50100
500111,5001,50,หนองหอย,Nong Hoi,50000
500112,5001,50,ท่าศาลา,Tha Sala,50000
500113,5001,50,หนองป่าครั่ง,Nong Pa Khrang,50000
500114,5001,50,ฟ้าฮ่าม,Fa Ham,50000
500115,5001,50,ป่าตัน,Pa Tan,50300
500116,5001,50,สันผีเสื้อ,San Phisuea,50300
500203,5002,50,บ้านหลวง,Ban Luang,50160
500204,5002,50,ข่วงเปา,Khuang Pao,50160
500205,5002,50,สบเตี๊ยะ,Sop Tia,50160
500206,5002,50,บ้านแปะ,Ban Pae,50240
500207,5002,50,ดอยแก้ว,Doi Kaeo,50160
500209,5002,50,แม่สอย,Mae Soi,50240
500301,5003,50,ช่างเคิ่ง,Chang Khoeng,50270
500302,5003,50,ท่าผา,Tha Pha,50270
500303,5003,50,บ้านทับ,Ban Thap,50270
500304,5003,50,แม่ศึก,Mae Suek,50270
500305,5003,50,แม่นาจร,Mae Na Chon,50270
500307,5003,50,ปางหินฝน,Pang Hin Fon,50270
500308,5003,50,กองแขก,Kong Khaek,50270
500401,5004,50,เชียงดาว,Chiang Dao,50170
500402,5004,50,เมืองนะ,Mueang Na,50170
500403,5004,50,เมืองงาย,Mueang Ngai,50170
500404,5004,50,แม่นะ,Mae Na,50170
500405,5004,50,เมืองคอง,Mueang Khong,50170
500406,5004,50,ปิงโค้ง,Ping Khong,50170
500407,5004,50,ทุ่งข้าวพวง,Thung Khao Phuang,50170
500501,5005,50,เชิงดอย,Choeng Doi,50220
500502,5005,50,สันปูเลย,San Pu Loei,50220
500503,5005,50,ลวงเหนือ,Luang Nuea,50220
500504,5005,50,ป่าป้อง,Pa Pong,50220
500505,5005,50,สง่าบ้าน,Sa-Nga Ban,50220
500506,5005,50,ป่าลาน,Pa Lan,50220
500507,5005,50,ตลาดขวัญ,Talat Khwan,50220
500508,5005,50,สำราญราษฎร์,Samran Rat,50220
500509,5005,50,แม่คือ,Mae Khue,50220
500510,5005,50,ตลาดใหญ่,Talat Yai,50220
500511,5005,50,แม่ฮ้อยเงิน,Mae Hoi Ngoen,50220
500512,5005,50,แม่โป่ง,Mae Pong,50220
500513,5005,50,ป่าเมี่ยง,Pa Miang,50220
500514,5005,50,เทพเสด็จ,Thep Sadet,50220
500601,5006,50,สันมหาพน,San Mahaphon,50150
500602,5006,50,แม่แตง,Mae Taeng,50150
500603,5006,50,ขี้เหล็ก,Khi Lek,50150
500604,5006,50,ช่อแล,Cho Lae,50150
500605,5006,50,แม่หอพระ,Mae Ho Phra,50150
500606,5006,50,สบเปิง,Sop Poeng,50150
500607,5006,50,บ้านเป้า,Ban Pao,50150
500608,5006,50,สันป่ายาง,San Pa Yang,50330
500609,5006,50,ป่าแป๋,Pa Pae,50150
500610,5006,50,เมืองก๋าย,Mueang Kai,50150
500611,5006,50,บ้านช้าง,Ban Chang,50150
500612,5006,50,กื้ดช้าง,Kuet Chang,50150
500613,5006,50,อินทขิล,Inthakhin,50150
500701,5007,50,ริมใต้,Rim Tai,50180
500702,5007,50,ริมเหนือ,Rim Nuea,50180
500703,5007,50,สันโป่ง,San Pong,50180
500704,5007,50,ขี้เหล็ก,Khi Lek,50180
500705,5007,50,สะลวง,Saluang,50330
500706,5007,50,ห้วยทราย,Huai Sai,50180
500707,5007,50,แม่แรม,Mae Raem,50180
500708,5007,50,โป่งแยง,Pong Yaeng,50180
500709,5007,50,แม่สา,Mae Sa,50180
500710,5007,50,ดอนแก้ว,Don Kaeo,50180
500711,5007,50,เหมืองแก้ว,Mueang Kaeo,50180
500801,5008,50,สะเมิงใต้,Samoeng Tai,50250
500802,5008,50,สะเมิงเหนือ,Samoeng Nuea,50250
500803,5008,50,แม่สาบ,Mae Sap,50250
500804,5008,50,บ่อแก้ว,Bo Kaeo,50250
500805,5008,50,ยั้งเมิน,Yung Moen,50250
500901,5009,50,เวียง,Wiang,50110
500903,5009,50,ม่อนปิ่น,Mon Pin,50110
500904,5009,50,แม่งอน,Mae Ngon,50320
500905,5009,50,แม่สูน,Mae Soon,50110
500906,5009,50,สันทราย,San Sai,50110
500910,5009,50,แม่คะ,Mae Kha,50110
500911,5009,50,แม่ข่า,Mae Kha,50320
500912,5009,50,โป่งน้ำร้อน,Pong Nam Ron,50110
501001,5010,50,แม่อาย,Mae Ai,50280
501002,5010,50,แม่สาว,Mae Sao,50280
501003,5010,50,สันต้นหมื้อ,San Ton Mue,50280
501004,5010,50,แม่นาวาง,Mae Na Wang,50280
501005,5010,50,ท่าตอน,Tha Ton,50280
501006,5010,50,บ้านหลวง,Ban Luang,50280
501007,5010,50,มะลิกา,Malika,50280
501101,5011,50,เวียง,Wiang,50190
501102,5011,50,ทุ่งหลวง,Thung Luang,50190
501103,5011,50,ป่าตุ้ม,Pa Tum,50190
501104,5011,50,ป่าไหน่,Pa Nai,50190
501105,5011,50,สันทราย,San Sai,50190
501106,5011,50,บ้านโป่ง,Ban Pong,50190
501107,5011,50,น้ำแพร่,Nam Phrae,50190
501108,5011,50,เขื่อนผาก,Khuean Phak,50190
501109,5011,50,แม่แวน,Mae Waen,50190
501110,5011,50,แม่ปั๋ง,Mae Pang,50190
501111,5011,50,โหล่งขอด,Long Khot,50190
501201,5012,50,ยุหว่า,Yu Wa,50120
501202,5012,50,สันกลาง,San Klang,50120
501203,5012,50,ท่าวังพร้าว,Tha Wang Phrao,50120
501204,5012,50,มะขามหลวง,Makham Luang,50120
501205,5012,50,แม่ก๊า,Mae Ka,50120
501206,5012,50,บ้านแม,Ban Mae,50120
501207,5012,50,บ้านกลาง,Ban Klang,50120
501208,5012,50,ทุ่งสะโตก,Thung Satok,50120
501210,5012,50,ทุ่งต้อม,Thung Tom,50120
501214,5012,50,น้ำบ่อหลวง,Nam Bo Luang,50120
501215,5012,50,มะขุนหวาน,Makhun Wan,50120
501301,5013,50,สันกำแพง,San Kamphaeng,50130
501302,5013,50,ทรายมูล,Sai Mun,50130
501303,5013,50,ร้องวัวแดง,Rong Wua Daeng,50130
501304,5013,50,บวกค้าง,Buak Khang,50130
501305,5013,50,แช่ช้าง,Chae Chang,50130
501306,5013,50,ออนใต้,On Tai,50130
501310,5013,50,แม่ปูคา,Mae Pu Kha,50130
501311,5013,50,ห้วยทราย,Huai Sai,50130
501312,5013,50,ต้นเปา,Ton Pao,50130
501313,5013,50,สันกลาง,San Klang,50130
501401,5014,50,สันทรายหลวง,San Sai Luang,50210
501402,5014,50,สันทรายน้อย,San Sai Noi,50210
501403,5014,50,สันพระเนตร,San Phranet,50210
501404,5014,50,สันนาเม็ง,San Na Meng,50210
501405,5014,50,สันป่าเปา,San Pa Pao,50210
501406,5014,50,หนองแหย่ง,Nong Yaeng,50210
501407,5014,50,หนองจ๊อม,Nong Chom,50210
501408,5014,50,หนองหาร,Nong Han,50290
501409,5014,50,แม่แฝก,Mae Faek,50290
501410,5014,50,แม่แฝกใหม่,Mae Faek Mai,50290
501411,5014,50,เมืองเล็น,Mueang Len,50210
501412,5014,50,ป่าไผ่,Pa Phai,50210
501501,5015,50,หางดง,Hang Dong,50230
501502,5015,50,หนองแก๋ว,Nong Kaeo,50230
501503,5015,50,หารแก้ว,Han Kaeo,50230
501504,5015,50,หนองตอง,Nong Tong,50340
501505,5015,50,ขุนคง,Khun Khong,50230
501506,5015,50,สบแม่ข่า,Sop Mae Kha,50230
501507,5015,50,บ้านแหวน,Ban Waen,50230
501508,5015,50,สันผักหวาน,San Phak Wan,50230
501509,5015,50,หนองควาย,Nong Khwai,50230
501510,5015,50,บ้านปง,Ban Pong,50230
501511,5015,50,น้ำแพร่,Nam Phrae,50230
501601,5016,50,หางดง,Hang Dong,50240
501602,5016,50,ฮอด,Hot,50240
501603,5016,50,บ้านตาล,Ban Tan,50240
501604,5016,50,บ่อหลวง,Bo Luang,50240
501605,5016,50,บ่อสลี,Bo Sali,50240
501606,5016,50,นาคอเรือ,Na Kho Ruea,50240
501701,5017,50,ดอยเต่า,Doi Tao,50260
501702,5017,50,ท่าเดื่อ,Tha Duea,50260
501703,5017,50,มืดกา,Muet Ka,50260
501704,5017,50,บ้านแอ่น,Ban Aen,50260
501705,5017,50,บงตัน,Bong Tan,50260
501706,5017,50,โปงทุ่ง,Pong Thung,50260
501801,5018,50,อมก๋อย,Omkoi,50310
501802,5018,50,ยางเปียง,Yang Piang,50310
501803,5018,50,แม่ตื่น,Mae Tuen,50310
501804,5018,50,ม่อนจอง,Mon Chong,50310
501805,5018,50,แม่หลอง,Sop Khong,50310
501806,5018,50,นาเกียน,Na Kian,50310
501901,5019,50,ยางเนิ้ง,Yang Noeng,50140
501902,5019,50,สารภี,Saraphi,50140
501903,5019,50,ชมภู,Chomphu,50140
501904,5019,50,ไชยสถาน,Chaiya Sathan,50140
501905,5019,50,ขัวมุง,Khua Mung,50140
501906,5019,50,หนองแฝก,Nong Faek,50140
501907,5019,50,หนองผึ้ง,Nong Phueng,50140
501908,5019,50,ท่ากว้าง,Tha Kwang,50140
501909,5019,50,ดอนแก้ว,Don Kaeo,50140
501910,5019,50,ท่าวังตาล,Tha Wang Tan,50140
501911,5019,50,สันทราย,San Sai,50140
501912,5019,50,ป่าบง,Pa Bong,50140
502001,5020,50,เมืองแหง,Mueang Haeng,50350
502002,5020,50,เปียงหลวง,Piang Luang,50350
502003,5020,50,แสนไห,Saen Hai,50350
502101,5021,50,ปงตำ,Pong Tam,50320
502102,5021,50,ศรีดงเย็น,Si Dong Yen,50320
502103,5021,50,แม่ทะลบ,Mae Thalop,50320
502104,5021,50,หนองบัว,Nong Bua,50320
502201,5022,50,บ้านกาด,Ban Kat,50360
502202,5022,50,ทุ่งปี๊,Thung Pi,50360
502203,5022,50,ทุ่งรวงทอง,Thung Ruang Thong,50360
502204,5022,50,แม่วิน,Mae Win,50360
502205,5022,50,ดอนเปา,Don Pao,50360
502301,5023,50,ออนเหนือ,On Nuea,50130
502302,5023,50,ออนกลาง,On Klang,50130
502303,5023,50,บ้านสหกรณ์,Ban Sahakon,50130
502304,5023,50,ห้วยแก้ว,Huai Kaeo,50130
502305,5023,50,แม่ทา,Mae Tha,50130
502306,5023,50,ทาเหนือ,Tha Nuea,50130
502401,5024,50,ดอยหล่อ,Doi Lo,50160
502402,5024,50,สองแคว,Song Khwae,50160
502403,5024,50,ยางคราม,Yang Khram,50160
502404,5024,50,สันติสุข,Santi Suk,50160
502501,5025,50,บ้านจันทร์,Ban Chan,58130
502502,5025,50,แม่แดด,Mae Dad,58130
502503,5025,50,แจ่มหลวง,Jam Luang,58130
510101,5101,51,ในเมือง,Nai Mueang,51000
510102,5101,51,เหมืองง่า,Mueang Nga,51000
510103,5101,51,อุโมงค์,Umong,51150
510104,5101,51,หนองช้างคืน,Nong Chang Khuen,51150
510105,5101,51,ประตูป่า,Pratu Pa,51000
510106,5101,51,ริมปิง,Rim Ping,51000
510107,5101,51,ต้นธง,Ton Thong,51000
510108,5101,51,บ้านแป้น,Ban Paen,51000
510109,5101,51,เหมืองจี้,Mueang Chi,51000
510110,5101,51,ป่าสัก,Pa Sak,51000
510111,5101,51,เวียงยอง,Wiang Yong,51000
510112,5101,51,บ้านกลาง,Ban Klang,51000
510113,5101,51,มะเขือแจ้,Makhuea Chae,51000
510116,5101,51,ศรีบัวบาน,Si Bua Ban,51000
510117,5101,51,หนองหนาม,Nong Nam,51000
510201,5102,51,ทาปลาดุก,Tha Pla Duk,51140
510202,5102,51,ทาสบเส้า,Tha Sopsao,51140
510203,5102,51,ทากาศ,Tha Kat,51170
510204,5102,51,ทาขุมเงิน,Tha Khum Ngoen,51170
510205,5102,51,ทาทุ่งหลวง,Tha Thung Luang,51170
510206,5102,51,ทาแม่ลอบ,Tha Mae Lop,51170
510301,5103,51,บ้านโฮ่ง,Ban Hong,51130
510302,5103,51,ป่าพลู,Pa Phlu,51130
510303,5103,51,เหล่ายาว,Lao Yao,51130
510304,5103,51,ศรีเตี้ย,Si Tia,51130
510305,5103,51,หนองปลาสะวาย,Nong Pla Sawai,51130
510401,5104,51,ลี้,Li,51110
510402,5104,51,แม่ตืน,Mae Tuen,51110
510403,5104,51,นาทราย,Na Sai,51110
510404,5104,51,ดงดำ,Dong Dam,51110
510405,5104,51,ก้อ,Ko,51110
510406,5104,51,แม่ลาน,Mae Lan,51110
510408,5104,51,ป่าไผ่,Pa Phai,51110
510409,5104,51,ศรีวิชัย,Si Wichai,51110
510501,5105,51,ทุ่งหัวช้าง,Thung Hua Chang,51160
510502,5105,51,บ้านปวง,Ban Puang,51160
510503,5105,51,ตะเคียนปม,Takhian Pom,51160
510601,5106,51,ปากบ่อง,Pak Bong,51120
510602,5106,51,ป่าซาง,Pa Sang,51120
510603,5106,51,แม่แรง,Mae Raeng,51120
510604,5106,51,ม่วงน้อย,Muang Noi,51120
510605,5106,51,บ้านเรือน,Ban Ruean,51120
510606,5106,51,มะกอก,Makok,51120
510607,5106,51,ท่าตุ้ม,Tha Tum,51120
510608,5106,51,น้ำดิบ,Nam Dip,51120
510611,5106,51,นครเจดีย์,Nakhon Chedi,51120
510701,5107,51,บ้านธิ,Ban Thi,51180
510702,5107,51,ห้วยยาบ,Huai Yap,51180
510801,5108,51,หนองล่อง,Nong Long,51120
510802,5108,51,หนองยวง,Nong Yuang,51120
510803,5108,51,วังผาง,Wang Phang,51120
520101,5201,52,เวียงเหนือ,Wiang Nuea,52000
520102,5201,52,หัวเวียง,Hua Wiang,52000
520103,5201,52,สวนดอก,Suan Dok,52100
520104,5201,52,สบตุ๋ย,Sop Tui,52100
520105,5201,52,พระบาท,Phrabat,52000
520106,5201,52,ชมพู,Chomphu,52100
520107,5201,52,กล้วยแพะ,Kluai Phae,52000
520108,5201,52,ปงแสนทอง,Pong Saen Thong,52100
520109,5201,52,บ้านแลง,Ban Laeng,52000
520110,5201,52,บ้านเสด็จ,Ban Sadet,52000
520111,5201,52,พิชัย,Phichai,52000
520112,5201,52,ทุ่งฝาย,Thung Fai,52000
520113,5201,52,บ้านเอื้อม,Ban Ueam,52100
520114,5201,52,บ้านเป้า,Ban Pao,52100
520115,5201,52,บ้านค่า,Ban Kha,52100
520116,5201,52,บ่อแฮ้ว,Bo Haeo,52100
520117,5201,52,ต้นธงชัย,Ton Thong Chai,52000
520118,5201,52,นิคมพัฒนา,Nikhom Phatthana,52000
520119,5201,52,บุญนาคพัฒนา,Bunnak Phatthana,52000
520201,5202,52,บ้านดง,Ban Dong,52220
520202,5202,52,นาสัก,Na Sak,52220
520203,5202,52,จางเหนือ,Chang Nuea,52220
520204,5202,52,แม่เมาะ,Mae Mo,52220
520205,5202,52,สบป้าด,Sop Pat,52220
520301,5203,52,ลำปางหลวง,Lampang Luang,52130
520302,5203,52,นาแก้ว,Na Kaeo,52130
520303,5203,52,ไหล่หิน,Lai Hin,52130
520304,5203,52,วังพร้าว,Wang Phrao,52130
520305,5203,52,ศาลา,Sala,52130
520306,5203,52,เกาะคา,Ko Kha,52130
520307,5203,52,นาแส่ง,Na Saeng,52130
520308,5203,52,ท่าผา,Tha Pha,52130
520309,5203,52,ใหม่พัฒนา,Mai Phatthana,52130
520401,5204,52,ทุ่งงาม,Thung Ngam,52210
520402,5204,52,เสริมขวา,Soem Khwa,52210
520403,5204,52,เสริมซ้าย,Soem Sai,52210
520404,5204,52,เสริมกลาง,Soem Klang,52210
520501,5205,52,หลวงเหนือ,Luang Nuea,52110
520502,5205,52,หลวงใต้,Luang Tai,52110
520503,5205,52,บ้านโป่ง,Ban Pong,52110
520504,5205,52,บ้านร้อง,Ban Rong,52110
520505,5205,52,ปงเตา,Pong Tao,52110
520506,5205,52,นาแก,Na Kae,52110
520507,5205,52,บ้านอ้อน,Ban On,52110
520508,5205,52,บ้านแหง,Ban Haeng,52110
520509,5205,52,บ้านหวด,Ban Huat,52110
520510,5205,52,แม่ตีบ,Mae Tip,52110
520601,5206,52,แจ้ห่ม,Chae Hom,52120
520602,5206,52,บ้านสา,Ban Sa,52120
520603,5206,52,ปงดอน,Pong Don,52120
520604,5206,52,แม่สุก,Mae Suk,52120
520605,5206,52,เมืองมาย,Mueang Mai,52120
520606,5206,52,ทุ่งผึ้ง,Thung Phueng,52120
520607,5206,52,วิเชตนคร,Wichet Nakhon,52120
520701,5207,52,ทุ่งฮั้ว,Thung Hua,52140
520702,5207,52,วังเหนือ,Wang Nuea,52140
520703,5207,52,วังใต้,Wang Tai,52140
520704,5207,52,ร่องเคาะ,Rong Kho,52140
520705,5207,52,วังทอง,Wang Thong,52140
520706,5207,52,วังซ้าย,Wang Sai,52140
520707,5207,52,วังแก้ว,Wang Kaeo,52140
520708,5207,52,วังทรายคำ,Wang Sai Thong,52140
520801,5208,52,ล้อมแรด,Lom Raet,52160
520802,5208,52,แม่วะ,Mae Wa,52230
520803,5208,52,แม่ปะ,Mae Pa,52160
520804,5208,52,แม่มอก,Mae Mok,52160
520805,5208,52,เวียงมอก,Wiang Mok,52160
520806,5208,52,นาโป่ง,Na Pong,52160
520807,5208,52,แม่ถอด,Mae Thot,52160
520808,5208,52,เถินบุรี,Thoen Buri,52160
520901,5209,52,แม่พริก,Mae Phrik,52180
520902,5209,52,ผาปัง,Pha Pang,52180
520903,5209,52,แม่ปุ,Mae Pu,52180
520904,5209,52,พระบาทวังตวง,Phrabat Wang Tuang,52180
521001,5210,52,แม่ทะ,Mae Tha,52150
521002,5210,52,นาครัว,Na Khrua,52150
521003,5210,52,ป่าตัน,Pa Tan,52150
521004,5210,52,บ้านกิ่ว,Ban Kio,52150
521005,5210,52,บ้านบอม,Ban Bom,52150
521006,5210,52,น้ำโจ้,Nam Cho,52150
521007,5210,52,ดอนไฟ,Don Fai,52150
521008,5210,52,หัวเสือ,Hua Suea,52150
521010,5210,52,วังเงิน,Wang Ngoen,52150
521011,5210,52,สันดอนแก้ว,San Don Kaeo,52150
521101,5211,52,สบปราบ,Sop Prap,52170
521102,5211,52,สมัย,Samai,52170
521103,5211,52,แม่กัวะ,Mae Kua,52170
521104,5211,52,นายาง,Na Yang,52170
521201,5212,52,ห้างฉัตร,Hang Chat,52190
521202,5212,52,หนองหล่ม,Nong Lom,52190
521203,5212,52,เมืองยาว,Mueang Yao,52190
521204,5212,52,ปงยางคก,Pong Yang Khok,52190
521205,5212,52,เวียงตาล,Wiang Tan,52190
521206,5212,52,แม่สัน,Mae San,52190
521207,5212,52,วอแก้ว,Wo Kaeo,52190
521301,5213,52,เมืองปาน,Mueang Pan,52240
521302,5213,52,บ้านขอ,Ban Kho,52240
521303,5213,52,ทุ่งกว๋าว,Thung Khwao,52240
521304,5213,52,แจ้ซ้อน,Chae Son,52240
521305,5213,52,หัวเมือง,Hua Mueang,52240
530101,5301,53,ท่าอิฐ,Tha It,53000
530102,5301,53,ท่าเสา,Tha Sao,53000
530103,5301,53,บ้านเกาะ,Ban Ko,53000
530104,5301,53,ป่าเซ่า,Pa Sao,53000
530105,5301,53,คุ้งตะเภา,Khung Taphao,53000
530106,5301,53,วังกะพี้,Wang Kaphi,53170
530107,5301,53,หาดกรวด,Hat Kruat,53000
530108,5301,53,น้ำริด,Nam Rit,53000
530109,5301,53,งิ้วงาม,Ngio Ngam,53000
530110,5301,53,บ้านด่านนาขาม,Ban Dan Na Kham,53000
530111,5301,53,บ้านด่าน,Ban Dan,53000
530112,5301,53,ผาจุก,Pha Chuk,53000
530113,5301,53,วังดิน,Wang Din,53000
530114,5301,53,แสนตอ,Saen To,53000
530115,5301,53,หาดงิ้ว,Hat Ngio,53000
530116,5301,53,ขุนฝาง,Khun Fang,53000
530117,5301,53,ถ้ำฉลอง,Tham Chalong,53000
530201,5302,53,วังแดง,Wang Daeng,53140
530202,5302,53,บ้านแก่ง,Ban Kaeng,53140
530203,5302,53,หาดสองแคว,Hat Song Khwae,53140
530204,5302,53,น้ำอ่าง,Nam Ang,53140
530205,5302,53,ข่อยสูง,Khoi Sung,53140
530301,5303,53,ท่าปลา,Tha Pla,53150
530302,5303,53,หาดล้า,Hat La,53150
530303,5303,53,ผาเลือด,Pha Lueat,53190
530304,5303,53,จริม,Charim,53150
530305,5303,53,น้ำหมัน,Nam Man,53150
530307,5303,53,นางพญา,Nang Phaya,53150
530308,5303,53,ร่วมจิต,Ruam Chit,53190
530401,5304,53,แสนตอ,Saen To,53110
530402,5304,53,บ้านฝาย,Ban Fai,53110
530403,5304,53,เด่นเหล็ก,Den Lek,53110
530404,5304,53,น้ำไคร้,Nam Khrai,53110
530405,5304,53,น้ำไผ่,Nam Phai,53110
530406,5304,53,ห้วยมุ่น,Huai Mun,53110
530407,5304,53,ท่าแฝก,Tha Faek,53110
530501,5305,53,ฟากท่า,Fak Tha,53160
530502,5305,53,สองคอน,Song Khon,53160
530503,5305,53,บ้านเสี้ยว,Ban Siao,53160
530504,5305,53,สองห้อง,Song Hong,53160
530601,5306,53,ม่วงเจ็ดต้น,Muang Chet Ton,53180
530602,5306,53,บ้านโคก,Ban Khok,53180
530603,5306,53,นาขุม,Na Khum,53180
530604,5306,53,บ่อเบี้ย,Bo Bia,53180
530701,5307,53,ในเมือง,Nai Mueang,53120
530702,5307,53,บ้านดารา,Ban Dara,53220
530703,5307,53,ไร่อ้อย,Rai Oi,53120
530704,5307,53,ท่าสัก,Tha Sak,53220
530705,5307,53,คอรุม,Kho Rum,53120
530706,5307,53,บ้านหม้อ,Ban Mo,53120
530707,5307,53,ท่ามะเฟือง,Tha Mafueang,53120
530708,5307,53,บ้านโคน,Ban Khon,53120
530709,5307,53,พญาแมน,Phaya Maen,53120
530710,5307,53,นาอิน,Na In,53120
530711,5307,53,นายาง,Na Yang,53120
530801,5308,53,ศรีพนมมาศ,Si Phanom Mat,53130
530802,5308,53,แม่พูล,Mae Phun,53130
530803,5308,53,นานกกก,Na Nok Kok,53130
530804,5308,53,ฝายหลวง,Fai Luang,53130
530805,5308,53,ชัยจุมพล,Chai Chumphon,53130
530806,5308,53,ไผ่ล้อม,Phai Lom,53210
530807,5308,53,ทุ่งยั้ง,Thung Yang,53210
530808,5308,53,ด่านแม่คำมัน,Dan Mae Kham Man,53210
530901,5309,53,ผักขวง,Phak Khuang,53230
530902,5309,53,บ่อทอง,Bo Thong,53230
530903,5309,53,ป่าคาย,Pa Khai,53230
530904,5309,53,น้ำพี้,Namphi,53230
540101,5401,54,ในเวียง,Nai Wiang,54000
540102,5401,54,นาจักร,Na Chak,54000
540103,5401,54,น้ำชำ,Nam Cham,54000
540104,5401,54,ป่าแดง,Pa Daeng,54000
540105,5401,54,ทุ่งโฮ้ง,Thung Hong,54000
540106,5401,54,เหมืองหม้อ,Mueang Mo,54000
540107,5401,54,วังธง,Wang Thong,54000
540108,5401,54,แม่หล่าย,Mae Lai,54000
540109,5401,54,ห้วยม้า,Huai Ma,54000
540110,5401,54,ป่าแมต,Pa Maet,54000
540111,5401,54,บ้านถิ่น,Ban Thin,54000
540112,5401,54,สวนเขื่อน,Suan Khuean,54000
540113,5401,54,วังหงส์,Wang Hong,54000
540114,5401,54,แม่คำมี,Mae Kham Mi,54000
540115,5401,54,ทุ่งกวาว,Thung Kwao,54000
540116,5401,54,ท่าข้าม,Tha Kham,54000
540117,5401,54,แม่ยม,Mae Yom,54000
540118,5401,54,ช่อแฮ,Cho Hae,54000
540119,5401,54,ร่องฟอง,Rong Fong,54000
540120,5401,54,กาญจนา,Kanchana,54000
540201,5402,54,ร้องกวาง,Rong Kwang,54140
540204,5402,54,ร้องเข็ม,Si Narong,54140
540205,5402,54,น้ำเลา,Nam Lao,54140
540206,5402,54,บ้านเวียง,Ban Wiang,54140
540207,5402,54,ทุ่งศรี,Rong Khem,54140
540208,5402,54,แม่ยางตาล,Mae Yang Tan,54140
540209,5402,54,แม่ยางฮ่อ,Mae Yang Ho,54140
540210,5402,54,ไผ่โทน,Phai Thon,54140
540213,5402,54,ห้วยโรง,Huai Rong,54140
540214,5402,54,แม่ทราย,Mae Sai,54140
540215,5402,54,แม่ยางร้อง,Mae Yang Rong,54140
540301,5403,54,ห้วยอ้อ,Huai O,54150
540302,5403,54,บ้านปิน,Ban Pin,54150
540303,5403,54,ต้าผามอก,Ta Pha Mok,54150
540304,5403,54,เวียงต้า,Wiang Ta,54150
540305,5403,54,ปากกาง,Pak Kang,54150
540306,5403,54,หัวทุ่ง,Hua Thung,54150
540307,5403,54,ทุ่งแล้ง,Thung Laeng,54150
540308,5403,54,บ่อเหล็กลอง,Bo Lek Long,54150
540309,5403,54,แม่ปาน,Mae Pan,54150
540401,5404,54,สูงเม่น,Sung Men,54130
540402,5404,54,น้ำชำ,Nam Cham,54130
540403,5404,54,หัวฝาย,Hua Fai,54130
540404,5404,54,ดอนมูล,Don Mun,54130
540405,5404,54,บ้านเหล่า,Ban Lao,54130
540406,5404,54,บ้านกวาง,Ban Kwang,54130
540407,5404,54,บ้านปง,Ban Pong,54130
540408,5404,54,บ้านกาศ,Ban Kat,54130
540409,5404,54,ร่องกาศ,Rong Kat,54130
540410,5404,54,สบสาย,Sop Sai,54130
540411,5404,54,เวียงทอง,Wiang Thong,54000
540412,5404,54,พระหลวง,Phra Luang,54130
540501,5405,54,เด่นชัย,Den Chai,54110
540502,5405,54,แม่จั๊วะ,Mae Chua,54110
540503,5405,54,ไทรย้อย,Sai Yoi,54110
540504,5405,54,ห้วยไร่,Huai Rai,54110
540505,5405,54,ปงป่าหวาย,Pong Pa Wai,54110
540601,5406,54,บ้านหนุน,Ban Nun,54120
540602,5406,54,บ้านกลาง,Ban Klang,54120
540603,5406,54,ห้วยหม้าย,Huai Mai,54120
540604,5406,54,เตาปูน,Tao Pun,54120
540605,5406,54,หัวเมือง,Hua Mueang,54120
540606,5406,54,สะเอียบ,Sa-Iap,54120
540607,5406,54,แดนชุมพล,Daen Chumphon,54120
540608,5406,54,ทุ่งน้าว,Thung Nao,54120
540701,5407,54,วังชิ้น,Wang Chin,54160
540702,5407,54,สรอย,Soi,54160
540703,5407,54,แม่ป้าก,Mae Pak,54160
540704,5407,54,นาพูน,Na Phun,54160
540705,5407,54,แม่พุง,Mae Phung,54160
540706,5407,54,ป่าสัก,Pa Sak,54160
540707,5407,54,แม่เกิ๋ง,Mae Koeng,54160
540801,5408,54,แม่คำมี,Mae Kham Mi,54170
540802,5408,54,หนองม่วงไข่,Nong Muang Khai,54170
540803,5408,54,น้ำรัด,Nam Rat,54170
540804,5408,54,วังหลวง,Wang Luang,54170
540805,5408,54,ตำหนักธรรม,Tamnak Tham,54170
540806,5408,54,ทุ่งแค้ว,Thung Khaeo,54170
550101,5501,55,ในเวียง,Nai Wiang,55000
550102,5501,55,บ่อ,Bo,55000
550103,5501,55,ผาสิงห์,Pha Sing,55000
550104,5501,55,ไชยสถาน,Chaiya Sathan,55000
550105,5501,55,ถืมตอง,Thuem Thong,55000
550106,5501,55,เรือง,Rueang,55000
550107,5501,55,นาซาว,Na Sao,55000
550108,5501,55,ดู่ใต้,Du Tai,55000
550109,5501,55,กองควาย,Kong Khwai,55000
550116,5501,55,บ่อสวก,Suak,55000
550117,5501,55,สะเนียน,Sanian,55000
550202,5502,55,หนองแดง,Nong Daeng,55170
550203,5502,55,หมอเมือง,Mo Mueang,55170
550204,5502,55,น้ำพาง,Nam Phang,55170
550205,5502,55,น้ำปาย,Nam Pai,55170
550206,5502,55,แม่จริม,Mae Charim,55170
550301,5503,55,บ้านฟ้า,Ban Fa,55190
550302,5503,55,ป่าคาหลวง,Pa Kha Luang,55190
550303,5503,55,สวด,Suat,55190
550304,5503,55,บ้านพี้,Ban Phi,55190
550401,5504,55,นาน้อย,Na Noi,55150
550402,5504,55,เชียงของ,Chiang Khong,55150
550403,5504,55,ศรีษะเกษ,Sisa Ket,55150
550404,5504,55,สถาน,Sathan,55150
550405,5504,55,สันทะ,Santha,55150
550406,5504,55,บัวใหญ่,Bua Yai,55150
550407,5504,55,น้ำตก,Namtok,55150
550501,5505,55,ปัว,Pua,55120
550502,5505,55,แงง,Ngaeng,55120
550503,5505,55,สถาน,Sathan,55120
550504,5505,55,ศิลาแลง,Sila Laeng,55120
550505,5505,55,ศิลาเพชร,Sila Phet,55120
550506,5505,55,อวน,Ouan,55120
550509,5505,55,ไชยวัฒนา,Chai Watthana,55120
550510,5505,55,เจดีย์ชัย,Chedi Chai,55120
550511,5505,55,ภูคา,Phu Kha,55120
550512,5505,55,สกาด,Sakat,55120
550513,5505,55,ป่ากลาง,Pa Klang,55120
550514,5505,55,วรนคร,Wara Nakhon,55120
550601,5506,55,ริม,Rim,55140
550602,5506,55,ป่าคา,Pa Kha,55140
550603,5506,55,ผาตอ,Pha To,55140
550604,5506,55,ยม,Yom,55140
550605,5506,55,ตาลชุม,Tan Chum,55140
550606,5506,55,ศรีภูมิ,Si Phum,55140
550607,5506,55,จอมพระ,Chom Phra,55140
550608,5506,55,แสนทอง,Saen Thong,55140
550609,5506,55,ท่าวังผา,Tha Wang Pha,55140
550610,5506,55,ผาทอง,Pha Thong,55140
550701,5507,55,กลางเวียง,Klang Wiang,55110
550702,5507,55,ขึ่ง,Khueng,55110
550703,5507,55,ไหล่น่าน,Lai Nan,55110
550704,5507,55,ตาลชุม,Tan Chum,55110
550705,5507,55,นาเหลือง,Na Lueang,55110
550706,5507,55,ส้าน,San,55110
550707,5507,55,น้ำมวบ,Nam Muap,55110
550708,5507,55,น้ำปั้ว,Nam Pua,55110
550709,5507,55,ยาบหัวนา,Yap Hua Na,55110
550710,5507,55,ปงสนุก,Pong Sanuk,55110
550711,5507,55,อ่ายนาไลย,I Na Lai,55110
550712,5507,55,ส้านนาหนองใหม่,Sanna Nong Mai,55110
550713,5507,55,แม่ขะนิง,Mae Khaning,55110
550714,5507,55,แม่สาคร,Mae Sakhon,55110
550715,5507,55,จอมจันทร์,Chom Chan,55110
550716,5507,55,แม่สา,Mae Sa,55110
550717,5507,55,ทุ่งศรีทอง,Thung Si Thong,55110
550801,5508,55,ปอน,Pon,55130
550802,5508,55,งอบ,Ngop,55130
550803,5508,55,และ,Lae,55130
550804,5508,55,ทุ่งช้าง,Thung Chang,55130
550901,5509,55,เชียงกลาง,Chiang Klang,55160
550902,5509,55,เปือ,Puea,55160
550903,5509,55,เชียงคาน,Chiang Khan,55160
550904,5509,55,พระธาตุ,Phrathat,55160
550908,5509,55,พญาแก้ว,Phaya Kaeo,55160
550909,5509,55,พระพุทธบาท,Phraphutthabat,55160
551001,5510,55,นาทะนุง,Na Thanung,55180
551002,5510,55,บ่อแก้ว,Bo Kaeo,55180
551003,5510,55,เมืองลี,Mueang Li,55180
551004,5510,55,ปิงหลวง,Ping Luang,55180
551101,5511,55,ดู่พงษ์,Du Phong,55210
551102,5511,55,ป่าแลวหลวง,Pa Laeo Luang,55210
551103,5511,55,พงษ์,Phong,55210
551201,5512,55,บ่อเกลือเหนือ,Bo Kluea Nuea,55220
551202,5512,55,บ่อเกลือใต้,Bo Kluea Tai,55220
551204,5512,55,ภูฟ้า,Phu Fa,55220
551205,5512,55,ดงพญา,Dong Phaya,55220
551301,5513,55,นาไร่หลวง,Na Rai Luang,55160
551302,5513,55,ชนแดน,Chon Daen,55160
551303,5513,55,ยอด,Yot,55160
551401,5514,55,ม่วงตึ๊ด,Muang Tuet,55000
551402,5514,55,นาปัง,Na Pang,55000
551403,5514,55,น้ำแก่น,Nam Kaen,55000
551404,5514,55,น้ำเกี๋ยน,Nam Kian,55000
551405,5514,55,เมืองจัง,Mueang Chang,55000
551406,5514,55,ท่าน้าว,Tha Nao,55000
551407,5514,55,ฝายแก้ว,Fai Kaeo,55000
551501,5515,55,ห้วยโก๋น,Huai Kon,55130
551502,5515,55,ขุนน่าน,Khun Nan,55130
560101,5601,56,เวียง,Wiang,56000
560102,5601,56,แม่ต๋ำ,Mae Tam,56000
560104,5601,56,แม่นาเรือ,Mae Na Ruea,56000
560105,5601,56,บ้านตุ่น,Ban Tun,56000
560106,5601,56,บ้านต๊ำ,Ban Tam,56000
560107,5601,56,บ้านต๋อม,Ban Tom,56000
560108,5601,56,แม่ปืม,Mae Puem,56000
560110,5601,56,แม่กา,Mae Ka,56000
560111,5601,56,บ้านใหม่,Ban Mai,56000
560112,5601,56,จำป่าหวาย,Champa Wai,56000
560113,5601,56,ท่าวังทอง,Tha Wang Thong,56000
560114,5601,56,แม่ใส,Mae Sai,56000
560115,5601,56,บ้านสาง,Ban Sang,56000
560116,5601,56,ท่าจำปี,Tha Champi,56000
560118,5601,56,สันป่าม่วง,San Pa Muang,56000
560201,5602,56,ห้วยข้าวก่ำ,Huai Khao Kam,56150
560202,5602,56,จุน,Chun,56150
560203,5602,56,ลอ,Lo,56150
560204,5602,56,หงส์หิน,Hong Hin,56150
560205,5602,56,ทุ่งรวงทอง,Thung Ruang Thong,56150
560206,5602,56,ห้วยยางขาม,Huai Yang Kham,56150
560207,5602,56,พระธาตุขิงแกง,Phrathat Khing Kaeng,56150
560301,5603,56,หย่วน,Yuan,56110
560306,5603,56,น้ำแวน,Nam Waen,56110
560307,5603,56,เวียง,Wiang,56110
560308,5603,56,ฝายกวาง,Fai Kwang,56110
560309,5603,56,เจดีย์คำ,Chedi Kham,56110
560310,5603,56,ร่มเย็น,Rom Yen,56110
560311,5603,56,เชียงบาน,Chiang Ban,56110
560312,5603,56,แม่ลาว,Mae Lao,56110
560313,5603,56,อ่างทอง,Ang Thong,56110
560314,5603,56,ทุ่งผาสุข,Thung Pha Suk,56110
560401,5604,56,เชียงม่วน,Chiang Muan,56160
560402,5604,56,บ้านมาง,Ban Mang,56160
560403,5604,56,สระ,Sa,56160
560501,5605,56,ดอกคำใต้,Dok Khamtai,56120
560502,5605,56,ดอนศรีชุม,Don Si Chum,56120
560503,5605,56,บ้านถ้ำ,Ban Tham,56120
560504,5605,56,บ้านปิน,Ban Pin,56120
560505,5605,56,ห้วยลาน,Huai Lan,56120
560506,5605,56,สันโค้ง,San Khong,56120
560507,5605,56,ป่าซาง,Pa Sang,56120
560508,5605,56,หนองหล่ม,Nong Lom,56120
560509,5605,56,ดงสุวรรณ,Dong Suwan,56120
560510,5605,56,บุญเกิด,Bunkoet,56120
560511,5605,56,สว่างอารมณ์,Sawang Arom,56120
560512,5605,56,คือเวียง,Khue Wiang,56120
560601,5606,56,ปง,Pong,56140
560602,5606,56,ควร,Khuan,56140
560603,5606,56,ออย,Oi,56140
560604,5606,56,งิม,Ngim,56140
560605,5606,56,ผาช้างน้อย,Pha Chang Noi,56140
560606,5606,56,นาปรัง,Na Prang,56140
560607,5606,56,ขุนควร,Khun Khuan,56140
560701,5607,56,แม่ใจ,Mae Chai,56130
560702,5607,56,ศรีถ้อย,Si Thoi,56130
560703,5607,56,แม่สุก,Mae Suk,56130
560704,5607,56,ป่าแฝก,Pa Faek,56130
560705,5607,56,บ้านเหล่า,Ban Lao,56130
560706,5607,56,เจริญราษฎร์,Charoen Rat,56130
560801,5608,56,ภูซาง,Phu Sang,56110
560802,5608,56,ป่าสัก,Pa Sak,56110
560803,5608,56,ทุ่งกล้วย,Thung Kluai,56110
560804,5608,56,เชียงแรง,Chiang Raeng,56110
560805,5608,56,สบบง,Sop Bong,56110
560901,5609,56,ห้วยแก้ว,Huai Kaeo,56000
560902,5609,56,ดงเจน,Dong Chen,56000
560903,5609,56,แม่อิง,Mae Ing,56000
570101,5701,57,เวียง,Wiang,57000
570102,5701,57,รอบเวียง,Rop Wiang,57000
570103,5701,57,บ้านดู่,Ban Du,57100
570104,5701,57,นางแล,Nang Lae,57100
570105,5701,57,แม่ข้าวต้ม,Mae Khao Tom,57100
570106,5701,57,แม่ยาว,Mae Yao,57100
570107,5701,57,สันทราย,San Sai,57000
570111,5701,57,แม่กรณ์,Mae Kon,57000
570112,5701,57,ห้วยชมภู,Huai Chomphu,57000
570113,5701,57,ห้วยสัก,Huai Sak,57000
570114,5701,57,ริมกก,Rim Kok,57100
570115,5701,57,ดอยลาน,Doi Lan,57000
570116,5701,57,ป่าอ้อดอนชัย,Pa O Don Chai,57000
570118,5701,57,ท่าสาย,Tha Sai,57000
570120,5701,57,ดอยฮาง,Doi Hang,57000
570121,5701,57,ท่าสุด,Tha Sut,57100
570202,5702,57,เวียงชัย,Wiang Chai,57210
570203,5702,57,ผางาม,Pha Ngam,57210
570204,5702,57,เวียงเหนือ,Wiang Nuea,57210
570206,5702,57,ดอนศิลา,Don Sila,57210
570208,5702,57,เมืองชุม,Mueang Chum,57210
570301,5703,57,เวียง,Wiang,57140
570302,5703,57,สถาน,Sathan,57140
570303,5703,57,ครึ่ง,Khrueng,57140
570304,5703,57,บุญเรือง,Bunrueang,57140
570305,5703,57,ห้วยซ้อ,Huai So,57140
570308,5703,57,ศรีดอนชัย,Si Don Chai,57230
570310,5703,57,ริมโขง,Rim Khong,57140
570401,5704,57,เวียง,Wiang,57160
570402,5704,57,งิ้ว,Ngio,57160
570403,5704,57,ปล้อง,Plong,57230
570404,5704,57,แม่ลอย,Mae Loi,57230
570405,5704,57,เชียงเคี่ยน,Chiang Khian,57230
570409,5704,57,ตับเต่า,Tap Tao,57160
570410,5704,57,หงาว,Ngao,57160
570411,5704,57,สันทรายงาม,San Sai Ngam,57160
570412,5704,57,ศรีดอนไชย,Si Don Chai,57160
570413,5704,57,หนองแรด,Nong Raet,57160
570501,5705,57,สันมะเค็ด,San Makhet,57120
570502,5705,57,แม่อ้อ,Mae O,57120
570503,5705,57,ธารทอง,Than Thong,57250
570504,5705,57,สันติสุข,Santi Suk,57120
570505,5705,57,ดอยงาม,Doi Ngam,57120
570506,5705,57,หัวง้ม,Hua Ngom,57120
570507,5705,57,เจริญเมือง,Charoen Mueang,57120
570508,5705,57,ป่าหุ่ง,Pa Hung,57120
570509,5705,57,ม่วงคำ,Muang Kham,57120
570510,5705,57,ทรายขาว,Sai Khao,57120
570511,5705,57,สันกลาง,San Klang,57120
570512,5705,57,แม่เย็น,Mae Yen,57280
570513,5705,57,เมืองพาน,Mueang Phan,57120
570514,5705,57,ทานตะวัน,Than Tawan,57280
570515,5705,57,เวียงห้าว,Wiang Hao,57120
570601,5706,57,ป่าแดด,Pa Daet,57190
570602,5706,57,ป่าแงะ,Pa Ngae,57190
570603,5706,57,สันมะค่า,San Makha,57190
570605,5706,57,โรงช้าง,Rong Chang,57190
570606,5706,57,ศรีโพธิ์เงิน,Si Pho Ngoen,57190
570701,5707,57,แม่จัน,Mae Chan,57110
570702,5707,57,จันจว้า,Chan Chawa,57270
570703,5707,57,แม่คำ,Mae Kham,57240
570704,5707,57,ป่าซาง,Pa Sang,57110
570705,5707,57,สันทราย,San Sai,57110
570706,5707,57,ท่าข้าวเปลือก,Tha Khao Plueak,57110
570708,5707,57,ป่าตึง,Pa Tueng,57110
570710,5707,57,แม่ไร่,Mae Rai,57240
570711,5707,57,ศรีค้ำ,Si Kham,57110
570712,5707,57,จันจว้าใต้,Chan Chawa Tai,57270
570713,5707,57,จอมสวรรค์,Chom Sawan,57110
570801,5708,57,เวียง,Wiang,57150
570802,5708,57,ป่าสัก,Pa Sak,57150
570803,5708,57,บ้านแซว,Ban Saeo,57150
570804,5708,57,ศรีดอนมูล,Si Don Mun,57150
570805,5708,57,แม่เงิน,Mae Ngoen,57150
570806,5708,57,โยนก,Yonok,57150
570901,5709,57,แม่สาย,Mae Sai,57130
570902,5709,57,ห้วยไคร้,Huai Khrai,57220
570903,5709,57,เกาะช้าง,Ko Chang,57130
570904,5709,57,โป่งผา,Pong Pha,57130
570905,5709,57,ศรีเมืองชุม,Si Mueang Chum,57130
570906,5709,57,เวียงพางคำ,Wiang Phang Kham,57130
570908,5709,57,บ้านด้าย,Ban Dai,57220
570909,5709,57,โป่งงาม,Pong Ngam,57130
571001,5710,57,แม่สรวย,Mae Saruai,57180
571002,5710,57,ป่าแดด,Pa Daet,57180
571003,5710,57,แม่พริก,Mae Phrik,57180
571004,5710,57,ศรีถ้อย,Si Thoi,57180
571005,5710,57,ท่าก๊อ,Tha Ko,57180
571006,5710,57,วาวี,Wawi,57180
571007,5710,57,เจดีย์หลวง,Chedi Luang,57180
571101,5711,57,สันสลี,San Sali,57170
571102,5711,57,เวียง,Wiang,57170
571103,5711,57,บ้านโป่ง,Ban Pong,57170
571104,5711,57,ป่างิ้ว,Pa Ngio,57170
571105,5711,57,เวียงกาหลง,Wiang Kalong,57260
571106,5711,57,แม่เจดีย์,Mae Chedi,57260
571107,5711,57,แม่เจดีย์ใหม่,Mae Chedi Mai,57260
571201,5712,57,แม่เปา,Mae Pao,57290
571202,5712,57,แม่ต๋ำ,Mae Tam,57290
571203,5712,57,ไม้ยา,Mai Ya,57290
571204,5712,57,เม็งราย,Mengrai,57290
571205,5712,57,ตาดควัน,Tat Khwan,57290
571301,5713,57,ม่วงยาย,Muang Yai,57310
571302,5713,57,ปอ,Po,57310
571303,5713,57,หล่ายงาว,Lai Ngao,57310
571304,5713,57,ท่าข้าม,Tha Kham,57310
571401,5714,57,ต้า,Ta,57340
571402,5714,57,ป่าตาล,Pa Tan,57340
571403,5714,57,ยางฮอม,Yang Hom,57340
571501,5715,57,เทอดไทย,Thoet Thai,57240
571502,5715,57,แม่สลองใน,Mae Salong Nai,57110
571503,5715,57,แม่สลองนอก,Mae Salong Nok,57110
571504,5715,57,แม่ฟ้าหลวง,Mae Fa Luang,57240
571601,5716,57,ดงมะดะ,Dong Mada,57250
571602,5716,57,จอมหมอกแก้ว,Chom Mok Kaeo,57250
571603,5716,57,บัวสลี,Bua Sali,57250
571604,5716,57,ป่าก่อดำ,Pa Ko Dam,57250
571605,5716,57,โป่งแพร่,Pong Phrae,57000
571701,5717,57,ทุ่งก่อ,Thung Ko,57210
571702,5717,57,ดงมหาวัน,Dong Mahawan,57210
571703,5717,57,ป่าซาง,Pa Sang,57210
571801,5718,57,ปงน้อย,Pong Noi,57110
571802,5718,57,โชคชัย,Chok Chai,57110
571803,5718,57,หนองป่าก่อ,Nong Pa Ko,57110
580101,5801,58,จองคำ,Chong Kham,58000
580102,5801,58,ห้วยโป่ง,Huai Pong,58000
580103,5801,58,ผาบ่อง,Pha Bong,58000
580104,5801,58,ปางหมู,Pang Mu,58000
580105,5801,58,หมอกจำแป่,Mok Champae,58000
580106,5801,58,ห้วยผา,Huai Pha,58000
580109,5801,58,ห้วยปูลิง,Huai Pu Ling,58000
580201,5802,58,ขุนยวม,Khun Yuam,58140
580202,5802,58,แม่เงา,Mae Ngao,58140
580203,5802,58,เมืองปอน,Mueang Pon,58140
580204,5802,58,แม่ยวมน้อย,Mae Yuam Noi,58140
580205,5802,58,แม่กิ๊,Mae Ki,58140
580206,5802,58,แม่อูคอ,Mae U Kho,58140
580301,5803,58,เวียงใต้,Wiang Tai,58130
580302,5803,58,เวียงเหนือ,Wiang Nuea,58130
580303,5803,58,แม่นาเติง,Mae Na Toeng,58130
580304,5803,58,แม่ฮี้,Mae Hi,58130
580305,5803,58,ทุ่งยาว,Thung Yao,58130
580306,5803,58,เมืองแปง,Mueang Paeng,58130
580307,5803,58,โป่งสา,Pong Sa,58130
580401,5804,58,บ้านกาศ,Ban Kat,58110
580402,5804,58,แม่สะเรียง,Mae Sariang,58110
580403,5804,58,แม่คง,Mae Khong,58110
580404,5804,58,แม่เหาะ,Mae Ho,58110
580405,5804,58,แม่ยวม,Mae Yuam,58110
580406,5804,58,เสาหิน,Sao Hin,58110
580408,5804,58,ป่าแป๋,Pa Pae,58110
580501,5805,58,แม่ลาน้อย,Mae La Noi,58120
580502,5805,58,แม่ลาหลวง,Mae La Luang,58120
580503,5805,58,ท่าผาปุ้ม,Tha Pha Pum,58120
580504,5805,58,แม่โถ,Mae Tho,58120
580505,5805,58,ห้วยห้อม,Huai Hom,58120
580506,5805,58,แม่นาจาง,Mae Na Chang,58120
580507,5805,58,สันติคีรี,Santi Khiri,58120
580508,5805,58,ขุนแม่ลาน้อย,Khun Mae La Noi,58120
580601,5806,58,สบเมย,Sop Moei,58110
580602,5806,58,แม่คะตวน,Mae Khatuan,58110
580603,5806,58,กองก๋อย,Kong Koi,58110
580604,5806,58,แม่สวด,Mae Suat,58110
580605,5806,58,ป่าโปง,Pa Pong,58110
580606,5806,58,แม่สามแลบ,Mae Sam Laep,58110
580701,5807,58,สบป่อง,Sop Pong,58150
580702,5807,58,ปางมะผ้า,Pang Mapha,58150
580703,5807,58,ถ้ำลอด,Tham Lot,58150
580704,5807,58,นาปู่ป้อม,Na Pu Pom,58150
600101,6001,60,ปากน้ำโพ,Pak Nam Pho,60000
600102,6001,60,กลางแดด,Klang Daet,60000
600103,6001,60,เกรียงไกร,Kriang Krai,60000
600104,6001,60,แควใหญ่,Khwae Yai,60000
600105,6001,60,ตะเคียนเลื่อน,Takhian Luean,60000
600106,6001,60,นครสวรรค์ตก,Nakhon Sawan Tok,60000
600107,6001,60,นครสวรรค์ออก,Nakhon Sawan Ok,60000
600108,6001,60,บางพระหลวง,Bang Phra Luang,60000
600109,6001,60,บางม่วง,Bang Muang,60000
600110,6001,60,บ้านมะเกลือ,Ban Makluea,60000
600111,6001,60,บ้านแก่ง,Ban Kaeng,60000
600112,6001,60,พระนอน,Phra Non,60000
600113,6001,60,วัดไทรย์,Wat Sai,60000
600114,6001,60,หนองกรด,Nong Krot,60240
600115,6001,60,หนองกระโดน,Nong Kradon,60240
600116,6001,60,หนองปลิง,Nong Pling,60000
600117,6001,60,บึงเสนาท,Bueng Senat,60000
600201,6002,60,โกรกพระ,Krok Phra,60170
600202,6002,60,ยางตาล,Yang Tan,60170
600203,6002,60,บางมะฝ่อ,Bang Mafo,60170
600204,6002,60,บางประมุง,Bang Pramung,60170
600205,6002,60,นากลาง,Na Klang,60170
600206,6002,60,ศาลาแดง,Sala Daeng,60170
600207,6002,60,เนินกว้าว,Noen Kwao,60170
600208,6002,60,เนินศาลา,Noen Sala,60170
600209,6002,60,หาดสูง,Hat Sung,60170
600301,6003,60,ชุมแสง,Chum Saeng,60120
600302,6003,60,ทับกฤช,Thap Krit,60250
600303,6003,60,พิกุล,Phikun,60120
600304,6003,60,เกยไชย,Koei Chai,60120
600305,6003,60,ท่าไม้,Tha Mai,60120
600306,6003,60,บางเคียน,Bang Khian,60120
600307,6003,60,หนองกระเจา,Nong Krachao,60120
600308,6003,60,พันลาน,Phan Lan,60250
600309,6003,60,โคกหม้อ,Khok Mo,60120
600310,6003,60,ไผ่สิงห์,Phai Sing,60120
600311,6003,60,ฆะมัง,Kha Mang,60120
600312,6003,60,ทับกฤชใต้,Thap Krit Tai,60250
600401,6004,60,หนองบัว,Nong Bua,60110
600402,6004,60,หนองกลับ,Nong Klap,60110
600403,6004,60,ธารทหาร,Than Thahan,60110
600404,6004,60,ห้วยร่วม,Huai Ruam,60110
600405,6004,60,ห้วยถั่วใต้,Huai Thua Tai,60110
600406,6004,60,ห้วยถั่วเหนือ,Huai Thua Nuea,60110
600407,6004,60,ห้วยใหญ่,Huai Yai,60110
600408,6004,60,ทุ่งทอง,Thung Thong,60110
600409,6004,60,วังบ่อ,Wang Bo,60110
600501,6005,60,ท่างิ้ว,Tha Ngio,60180
600502,6005,60,บางตาหงาย,Bang Ta Ngai,60180
600503,6005,60,หูกวาง,Hu Kwang,60180
600504,6005,60,อ่างทอง,Ang Thong,60180
600505,6005,60,บ้านแดน,Ban Daen,60180
600506,6005,60,บางแก้ว,Bang Kaeo,60180
600507,6005,60,ตาขีด,Ta Khit,60180
600508,6005,60,ตาสัง,Ta Sang,60180
600509,6005,60,ด่านช้าง,Dan Chang,60180
600510,6005,60,หนองกรด,Nong Krot,60180
600511,6005,60,หนองตางู,Nong Ta Ngu,60180
600512,6005,60,บึงปลาทู,Bueng Pla Thu,60180
600513,6005,60,เจริญผล,Charoen Phon,60180
600601,6006,60,มหาโพธิ,Mahapho,60230
600602,6006,60,เก้าเลี้ยว,Kao Liao,60230
600603,6006,60,หนองเต่า,Nong Tao,60230
600604,6006,60,เขาดิน,Khao Din,60230
600605,6006,60,หัวดง,Hua Dong,60230
600701,6007,60,ตาคลี,Ta Khli,60140
600702,6007,60,ช่องแค,Chong Khae,60210
600703,6007,60,จันเสน,Chan Sen,60260
600704,6007,60,ห้วยหอม,Huai Hom,60210
600705,6007,60,หัวหวาย,Hua Wai,60140
600706,6007,60,หนองโพ,Nong Pho,60140
600707,6007,60,หนองหม้อ,Nong Mo,60140
600708,6007,60,สร้อยทอง,Soi Thong,60210
600709,6007,60,ลาดทิพรส,Lat Thippharot,60260
600710,6007,60,พรหมนิมิต,Phrom Nimit,60210
600801,6008,60,ท่าตะโก,Tha Tako,60160
600802,6008,60,พนมรอก,Phanom Rok,60160
600803,6008,60,หัวถนน,Hua Thanon,60160
600804,6008,60,สายลำโพง,Sai Lamphong,60160
600805,6008,60,วังมหากร,Wang Mahakon,60160
600806,6008,60,ดอนคา,Don Kha,60160
600807,6008,60,ทำนบ,Tham Nop,60160
600808,6008,60,วังใหญ่,Wang Yai,60160
600809,6008,60,พนมเศษ,Phanom Set,60160
600810,6008,60,หนองหลวง,Nong Luang,60160
600901,6009,60,โคกเดื่อ,Khok Duea,60220
600902,6009,60,สำโรงชัย,Samrong Chai,60220
600903,6009,60,วังน้ำลัด,Wang Nam Lat,60220
600904,6009,60,ตะคร้อ,Takhro,60220
600905,6009,60,โพธิ์ประสาท,Pho Prasat,60220
600906,6009,60,วังข่อย,Wang Khoi,60220
600907,6009,60,นาขอม,Na Khom,60220
600908,6009,60,ไพศาลี,Phaisali,60220
601001,6010,60,พยุหะ,Phayuha,60130
601002,6010,60,เนินมะกอก,Noen Makok,60130
601003,6010,60,นิคมเขาบ่อแก้ว,Nikhom Khao Bo Kaeo,60130
601004,6010,60,ม่วงหัก,Muang Hak,60130
601005,6010,60,ยางขาว,Yang Khao,60130
601006,6010,60,ย่านมัทรี,Yan Matsi,60130
601007,6010,60,เขาทอง,Khao Thong,60130
601008,6010,60,ท่าน้ำอ้อย,Tha Nam Oi,60130
601009,6010,60,น้ำทรง,Nam Song,60130
601010,6010,60,เขากะลา,Khao Kala,60130
601011,6010,60,สระทะเล,Sa Thale,60130
601101,6011,60,ลาดยาว,Lat Yao,60150
601102,6011,60,ห้วยน้ำหอม,Huai Nam Hom,60150
601103,6011,60,วังม้า,Wang Ma,60150
601104,6011,60,วังเมือง,Wang Mueang,60150
601105,6011,60,สร้อยละคร,Soi Lakhon,60150
601106,6011,60,มาบแก,Map Kae,60150
601107,6011,60,หนองยาว,Nong Yao,60150
601108,6011,60,หนองนมวัว,Nong Nom Wua,60150
601109,6011,60,บ้านไร่,Ban Rai,60150
601110,6011,60,เนินขี้เหล็ก,Noen Khi Lek,60150
601116,6011,60,ศาลเจ้าไก่ต่อ,San Chao Kai To,60150
601117,6011,60,สระแก้ว,Sa Kaeo,60150
601201,6012,60,ตากฟ้า,Tak Fa,60190
601202,6012,60,ลำพยนต์,Lam Phayon,60190
601203,6012,60,สุขสำราญ,Suk Samran,60190
601204,6012,60,หนองพิกุล,Nong Phikun,60190
601205,6012,60,พุนกยูง,Phu Nok Yung,60190
601206,6012,60,อุดมธัญญา,Udom Thanya,60190
601207,6012,60,เขาชายธง,Khao Chai Thong,60190
601301,6013,60,แม่วงก์,Mae Wong,60150
601303,6013,60,แม่เล่ย์,Mae Le,60150
601304,6013,60,วังซ่าน,Wang San,60150
601305,6013,60,เขาชนกัน,Khao Chon Kan,60150
601401,6014,60,แม่เปิน,Mae Poen,60150
601501,6015,60,ชุมตาบง,Chum Ta Bong,60150
601502,6015,60,ปางสวรรค์,Pang Sawan,60150
610101,6101,61,อุทัยใหม่,Uthai Mai,61000
610102,6101,61,น้ำซึม,Nam Suem,61000
610103,6101,61,สะแกกรัง,Sakae Krang,61000
610104,6101,61,ดอนขวาง,Don Khwang,61000
610105,6101,61,หาดทนง,Hat Thanong,61000
610106,6101,61,เกาะเทโพ,Ko Thepho,61000
610107,6101,61,ท่าซุง,Tha Sung,61000
610108,6101,61,หนองแก,Nong Kae,61000
610109,6101,61,โนนเหล็ก,Non Lek,61000
610110,6101,61,หนองเต่า,Nong Tao,61000
610111,6101,61,หนองไผ่แบน,Nong Phai Baen,61000
610112,6101,61,หนองพังค่า,Nong Phang Kha,61000
610113,6101,61,ทุ่งใหญ่,Thung Yai,61000
610114,6101,61,เนินแจง,Noen Chaeng,61000
610201,6102,61,ทัพทัน,Thapthan,61120
610202,6102,61,ทุ่งนาไทย,Thung Na Thai,61120
610203,6102,61,เขาขี้ฝอย,Khao Khi Foi,61120
610204,6102,61,หนองหญ้าปล้อง,Nong Ya Plong,61120
610205,6102,61,โคกหม้อ,Khok Mo,61120
610206,6102,61,หนองยายดา,Nong Yai Da,61120
610207,6102,61,หนองกลางดง,Nong Klang Dong,61120
610208,6102,61,หนองกระทุ่ม,Nong Krathum,61120
610209,6102,61,หนองสระ,Nong Sa,61120
610210,6102,61,ตลุกดู่,Taluk Duk,61120
610301,6103,61,สว่างอารมณ์,Sawang Arom,61150
610302,6103,61,หนองหลวง,Nong Luang,61150
610303,6103,61,พลวงสองนาง,Phluang Song Nang,61150
610304,6103,61,ไผ่เขียว,Phai Khiao,61150
610305,6103,61,บ่อยาง,Bo Yang,61150
610401,6104,61,หนองฉาง,Nong Chang,61110
610402,6104,61,หนองยาง,Nong Yang,61110
610403,6104,61,หนองนางนวล,Nong Nang Nuan,61110
610404,6104,61,หนองสรวง,Nong Suang,61110
610405,6104,61,บ้านเก่า,Ban Kao,61110
610406,6104,61,อุทัยเก่า,Uthai Kao,61110
610407,6104,61,ทุ่งโพ,Thung Pho,61110
610408,6104,61,ทุ่งพง,Thung Phong,61110
610409,6104,61,เขาบางแกรก,Khao Bang Kraek,61170
610410,6104,61,เขากวางทอง,Khao Kwang Thong,61110
610501,6105,61,หนองขาหย่าง,Nong Kha Yang,61130
610502,6105,61,หนองไผ่,Nong Phai,61130
610503,6105,61,ดอนกลอย,Don Kloi,61130
610504,6105,61,ห้วยรอบ,Huai Rop,61130
610505,6105,61,ทุ่งพึ่ง,Thung Phueng,61130
610506,6105,61,ท่าโพ,Tha Pho,61130
610507,6105,61,หมกแถว,Mok Thaeo,61130
610508,6105,61,หลุมเข้า,Lum Khao,61130
610509,6105,61,ดงขวาง,Dong Khwang,61130
610601,6106,61,บ้านไร่,Ban Rai,61140
610602,6106,61,ทัพหลวง,Thap Luang,61140
610603,6106,61,ห้วยแห้ง,Huai Haeng,61140
610604,6106,61,คอกควาย,Khok Khwai,61140
610605,6106,61,วังหิน,Wang Hin,61180
610606,6106,61,เมืองการุ้ง,Mueang Karung,61180
610607,6106,61,แก่นมะกรูด,Kaen Makrut,61140
610609,6106,61,หนองจอก,Nong Chok,61180
610610,6106,61,หูช้าง,Hu Chang,61180
610611,6106,61,บ้านบึง,Ban Bueng,61140
610612,6106,61,บ้านใหม่คลองเคียน,Ban Mai Khlong Khian,61180
610613,6106,61,หนองบ่มกล้วย,Nong Bom Kluai,61180
610614,6106,61,เจ้าวัด,Chao Wat,61140
610701,6107,61,ลานสัก,Lan Sak,61160
610702,6107,61,ประดู่ยืน,Pradu Yuen,61160
610703,6107,61,ป่าอ้อ,Pa O,61160
610704,6107,61,ระบำ,Rabam,61160
610705,6107,61,น้ำรอบ,Nam Rop,61160
610706,6107,61,ทุ่งนางาม,Thung Na Ngam,61160
610801,6108,61,สุขฤทัย,Suk Ruethai,61170
610802,6108,61,ทองหลาง,Thong Lang,61170
610803,6108,61,ห้วยคต,Huai Khot,61170
620101,6201,62,ในเมือง,Nai Mueang,62000
620102,6201,62,ไตรตรึงษ์,Trai Trueng,62160
620103,6201,62,อ่างทอง,Ang Thong,62000
620104,6201,62,นาบ่อคำ,Na Bo Kham,62000
620105,6201,62,นครชุม,Nakhon Chum,62000
620106,6201,62,ทรงธรรม,Songtham,62000
620107,6201,62,ลานดอกไม้,Lan Dokmai,62000
620110,6201,62,หนองปลิง,Nong Pling,62000
620111,6201,62,คณฑี,Kon Ti,62000
620112,6201,62,นิคมทุ่งโพธิ์ทะเล,Nikhom Thung Pho Thale,62000
620113,6201,62,เทพนคร,Thep Nakhon,62000
620114,6201,62,วังทอง,Wang Thong,62000
620115,6201,62,ท่าขุนราม,Tha Khun Ram,62000
620117,6201,62,คลองแม่ลาย,Khlong Mae Lai,62000
620118,6201,62,ธำมรงค์,Thammarong,62160
620119,6201,62,สระแก้ว,Sa Kaeo,62000
620201,6202,62,ไทรงาม,Sai Ngam,62150
620202,6202,62,หนองคล้า,Nong Khla,62150
620203,6202,62,หนองทอง,Nong Thong,62150
620204,6202,62,หนองไม้กอง,Nong Mai Kong,62150
620205,6202,62,มหาชัย,Mahachai,62150
620206,6202,62,พานทอง,Phan Thong,62150
620207,6202,62,หนองแม่แตง,Nong Mae Taeng,62150
620301,6203,62,คลองน้ำไหล,Khlong Nam Lai,62180
620302,6203,62,โป่งน้ำร้อน,Pong Nam Ron,62180
620303,6203,62,คลองลานพัฒนา,Khlong Lan Phatthana,62180
620304,6203,62,สักงาม,Sak Ngam,62180
620403,6204,62,ยางสูง,Yang Sung,62130
620404,6204,62,ป่าพุทรา,Pa Phutsa,62130
620405,6204,62,แสนตอ,Saen To,62130
620406,6204,62,สลกบาตร,Salok Bat,62140
620407,6204,62,บ่อถ้ำ,Bo Tham,62140
620408,6204,62,ดอนแตง,Don Taeng,62140
620409,6204,62,วังชะพลู,Wang Chaphlu,62140
620410,6204,62,โค้งไผ่,Khong Phai,62140
620411,6204,62,ปางมะค่า,Pang Makha,62140
620412,6204,62,วังหามแห,Wang Ham Hae,62140
620413,6204,62,เกาะตาล,Ko Tan,62130
620501,6205,62,คลองขลุง,Khlong Khlung,62120
620502,6205,62,ท่ามะเขือ,Tha Makhuea,62120
620504,6205,62,ท่าพุทรา,Tha Phutsa,62120
620505,6205,62,แม่ลาด,Mae Lat,62120
620506,6205,62,วังยาง,Wang Yang,62120
620507,6205,62,วังแขม,Wang Khaem,62120
620508,6205,62,หัวถนน,Hua Thanon,62120
620509,6205,62,วังไทร,Wang Sai,62120
620513,6205,62,วังบัว,Wang Bua,62120
620516,6205,62,คลองสมบูรณ์,Khlong Sombun,62120
620601,6206,62,พรานกระต่าย,Phran Kratai,62110
620602,6206,62,หนองหัววัว,Nong Hua Wua,62110
620603,6206,62,ท่าไม้,Tha Mai,62110
620604,6206,62,วังควง,Wang Khuang,62110
620605,6206,62,วังตะแบก,Wang Tabaek,62110
620606,6206,62,เขาคีริส,Khao Khirit,62110
620607,6206,62,คุยบ้านโอง,Khui Ban Ong,62110
620608,6206,62,คลองพิไกร,Khlong Phikrai,62110
620609,6206,62,ถ้ำกระต่ายทอง,Tham Kratai Thong,62110
620610,6206,62,ห้วยยั้ง,Huai Yang,62110
620701,6207,62,ลานกระบือ,Lan Krabue,62170
620702,6207,62,ช่องลม,Chong Lom,62170
620703,6207,62,หนองหลวง,Nong Luang,62170
620704,6207,62,โนนพลวง,Non Phluang,62170
620705,6207,62,ประชาสุขสันต์,Pracha Suksan,62170
620706,6207,62,บึงทับแรต,Bueng Thap Raet,62170
620707,6207,62,จันทิมา,Chanthima,62170
620801,6208,62,ทุ่งทราย,Thung Sai,62190
620802,6208,62,ทุ่งทอง,Thung Thong,62190
620803,6208,62,ถาวรวัฒนา,Thawon Watthana,62190
620901,6209,62,โพธิ์ทอง,Pho Thong,62120
620902,6209,62,หินดาต,Hin Dat,62120
620903,6209,62,ปางตาไว,Pang Ta Wai,62120
621001,6210,62,บึงสามัคคี,Bueng Samakkhi,62210
621002,6210,62,วังชะโอน,Wang Cha-On,62210
621003,6210,62,ระหาน,Rahan,62210
621004,6210,62,เทพนิมิต,Thep Nimit,62210
621101,6211,62,โกสัมพี,Kosamphi,62000
621102,6211,62,เพชรชมภู,Phet Chomphu,62000
621103,6211,62,ลานดอกไม้ตก,Lan Dokmai Tok,62000
630101,6301,63,ระแหง,Rahaeng,63000
630102,6301,63,หนองหลวง,Nong Luang,63000
630103,6301,63,เชียงเงิน,Chiang Ngoen,63000
630104,6301,63,หัวเดียด,Hua Diat,63000
630105,6301,63,หนองบัวเหนือ,Nong Bua Nuea,63000
630106,6301,63,ไม้งาม,Mai Ngam,63000
630107,6301,63,โป่งแดง,Pong Daeng,63000
630108,6301,63,น้ำรึม,Nam Ruem,63000
630109,6301,63,วังหิน,Wang Hin,63000
630111,6301,63,แม่ท้อ,Mae Tho,63000
630112,6301,63,ป่ามะม่วง,Pa Mamuang,63000
630113,6301,63,หนองบัวใต้,Nong Bua Tai,63000
630114,6301,63,วังประจบ,Wang Prachop,63000
630115,6301,63,ตลุกกลางทุ่ง,Taluk Klang Thung,63000
630201,6302,63,ตากออก,Tak Ok,63120
630202,6302,63,สมอโคน,Samo Khon,63120
630203,6302,63,แม่สลิด,Mae Salit,63120
630204,6302,63,ตากตก,Tak Tok,63120
630205,6302,63,เกาะตะเภา,Ko Taphao,63120
630206,6302,63,ทุ่งกระเชาะ,Thung Kracho,63120
630207,6302,63,ท้องฟ้า,Thong Fa,63120
630301,6303,63,สามเงา,Sam Ngao,63130
630302,6303,63,วังหมัน,Wang Man,63130
630303,6303,63,ยกกระบัตร,Yok Krabat,63130
630304,6303,63,ย่านรี,Yan Ri,63130
630305,6303,63,บ้านนา,Ban Na,63130
630306,6303,63,วังจันทร์,Wang Chan,63130
630401,6304,63,แม่ระมาด,Mae Ramat,63140
630402,6304,63,แม่จะเรา,Mae Charao,63140
630403,6304,63,ขะเนจื้อ,Khane Chue,63140
630404,6304,63,แม่ตื่น,Mae Tuen,63140
630405,6304,63,สามหมื่น,Sam Muen,63140
630406,6304,63,พระธาตุ,Phrathat,63140
630501,6305,63,ท่าสองยาง,Tha Song Yang,63150
630502,6305,63,แม่ต้าน,Mae Tan,63150
630503,6305,63,แม่สอง,Mae Song,63150
630504,6305,63,แม่หละ,Mae La,63150
630505,6305,63,แม่วะหลวง,Mae Wa Luang,63150
630506,6305,63,แม่อุสุ,Mae Usu,63150
630601,6306,63,แม่สอด,Mae Sot,63110
630602,6306,63,แม่กุ,Mae Ku,63110
630603,6306,63,พะวอ,Phawo,63110
630604,6306,63,แม่ตาว,Mae Tao,63110
630605,6306,63,แม่กาษา,Mae Kasa,63110
630606,6306,63,ท่าสายลวด,Tha Sai Luat,63110
630607,6306,63,แม่ปะ,Mae Pa,63110
630608,6306,63,มหาวัน,Mahawan,63110
630609,6306,63,ด่านแม่ละเมา,Dan Mae Lamao,63110
630610,6306,63,พระธาตุผาแดง,Phrathat Pha Daeng,63110
630701,6307,63,พบพระ,Phop Phra,63160
630702,6307,63,ช่องแคบ,Chong Khaep,63160
630703,6307,63,คีรีราษฎร์,Khiri Rat,63160
630704,6307,63,วาเล่ย์,Wale,63160
630705,6307,63,รวมไทยพัฒนา,Ruam Thai Phatthana,63160
630801,6308,63,อุ้มผาง,Um Phang,63170
630802,6308,63,หนองหลวง,Nong Luang,63170
630803,6308,63,โมโกร,Mo Kro,63170
630804,6308,63,แม่จัน,Mae Chan,63170
630805,6308,63,แม่ละมุ้ง,Mae Lamung,63170
630806,6308,63,แม่กลอง,Mae Klong,63170
630901,6309,63,เชียงทอง,Chiang Thong,63000
630902,6309,63,นาโบสถ์,Na Bot,63000
630903,6309,63,ประดาง,Pradang,63000
640101,6401,64,ธานี,Thani,64000
640102,6401,64,บ้านสวน,Ban Suan,64220
640103,6401,64,เมืองเก่า,Mueang Kao,64210
640104,6401,64,ปากแคว,Pak Khwae,64000
640105,6401,64,ยางซ้าย,Yang Sai,64000
640106,6401,64,บ้านกล้วย,Ban Kluai,64000
640107,6401,64,บ้านหลุม,Ban Lum,64000
640108,6401,64,ตาลเตี้ย,Tan Tia,64220
640109,6401,64,ปากพระ,Pak Phra,64000
640110,6401,64,วังทองแดง,Wang Thong Daeng,64210
640201,6402,64,ลานหอย,Lan Hoi,64140
640202,6402,64,บ้านด่าน,Ban Dan,64140
640203,6402,64,วังตะคร้อ,Wang Takhro,64140
640204,6402,64,วังน้ำขาว,Wang Nam Khao,64140
640205,6402,64,ตลิ่งชัน,Taling Chan,64140
640206,6402,64,หนองหญ้าปล้อง,Nong Ya Plong,64140
640207,6402,64,วังลึก,Wang Luek,64140
640301,6403,64,โตนด,Tanot,64160
640302,6403,64,ทุ่งหลวง,Thung Luang,64160
640303,6403,64,บ้านป้อม,Ban Pom,64160
640304,6403,64,สามพวง,Sam Phuang,64160
640305,6403,64,ศรีคีรีมาศ,Si Khiri Mat,64160
640306,6403,64,หนองจิก,Nong Chik,64160
640307,6403,64,นาเชิงคีรี,Na Choeng Khiri,64160
640308,6403,64,หนองกระดิ่ง,Nong Krading,64160
640309,6403,64,บ้านน้ำพุ,Ban Namphu,64160
640310,6403,64,ทุ่งยางเมือง,Thung Yang Mueang,64160
640401,6404,64,กง,Kong,64170
640402,6404,64,บ้านกร่าง,Ban Krang,64170
640403,6404,64,ไกรนอก,Krai Nok,64170
640404,6404,64,ไกรกลาง,Krai Klang,64170
640405,6404,64,ไกรใน,Krai Nai,64170
640406,6404,64,ดงเดือย,Dong Dueai,64170
640407,6404,64,ป่าแฝก,Pa Faek,64170
640408,6404,64,กกแรต,Kok Raet,64170
640409,6404,64,ท่าฉนวน,Tha Chanuan,64170
640410,6404,64,หนองตูม,Nong Tum,64170
640411,6404,64,บ้านใหม่สุขเกษม,Ban Mai Suk Kasem,64170
640501,6405,64,หาดเสี้ยว,Hat Siao,64130
640502,6405,64,ป่างิ้ว,Pa Ngio,64130
640503,6405,64,แม่สำ,Mae Sam,64130
640504,6405,64,แม่สิน,Mae Sin,64130
640505,6405,64,บ้านตึก,Ban Tuek,64130
640506,6405,64,หนองอ้อ,Nong O,64130
640507,6405,64,ท่าชัย,Tha Chai,64190
640508,6405,64,ศรีสัชนาลัย,Si Satchanalai,64190
640509,6405,64,ดงคู่,Dong Khu,64130
640510,6405,64,บ้านแก่ง,Ban Kaeng,64130
640511,6405,64,สารจิตร,Sarachit,64130
640601,6406,64,คลองตาล,Khlong Tan,64120
640602,6406,64,วังลึก,Wang Luek,64120
640603,6406,64,สามเรือน,Sam Ruean,64120
640604,6406,64,บ้านนา,Ban Na,64120
640605,6406,64,วังทอง,Wang Thong,64120
640606,6406,64,นาขุนไกร,Na Khun Krai,64120
640607,6406,64,เกาะตาเลี้ยง,Ko Ta Liang,64120
640608,6406,64,วัดเกาะ,Wat Ko,64120
640609,6406,64,บ้านไร่,Ban Rai,64120
640610,6406,64,ทับผึ้ง,Thap Phueng,64120
640611,6406,64,บ้านซ่าน,Ban San,64120
640612,6406,64,วังใหญ่,Wang Yai,64120
640613,6406,64,ราวต้นจันทร์,Rao Ton Chan,64120
640701,6407,64,เมืองสวรรคโลก,Mueang Sawankhalok,64110
640702,6407,64,ในเมือง,Nai Mueang,64110
640703,6407,64,คลองกระจง,Khlong Krachong,64110
640704,6407,64,วังพิณพาทย์,Wang Phin Phat,64110
640705,6407,64,วังไม้ขอน,Wang Mai Khon,64110
640706,6407,64,ย่านยาว,Yan Yao,64110
640707,6407,64,นาทุ่ง,Na Thung,64110
640708,6407,64,คลองยาง,Khlong Yang,64110
640709,6407,64,เมืองบางยม,Mueang Bang Yom,64110
640710,6407,64,ท่าทอง,Tha Thong,64110
640711,6407,64,ปากน้ำ,Pak Nam,64110
640712,6407,64,ป่ากุมเกาะ,Pa Kum Ko,64110
640713,6407,64,เมืองบางขลัง,Mueang Bang Khlang,64110
640714,6407,64,หนองกลับ,Nong Klap,64110
640801,6408,64,ศรีนคร,Si Nakhon,64180
640802,6408,64,นครเดิฐ,Nakhon Doet,64180
640803,6408,64,น้ำขุม,Nam Khum,64180
640804,6408,64,คลองมะพลับ,Khlong Maphlap,64180
640805,6408,64,หนองบัว,Nong Bua,64180
640901,6409,64,บ้านใหม่ไชยมงคล,Ban Mai Chai Mongkhon,64230
640902,6409,64,ไทยชนะศึก,Thai Chana Suek,64150
640903,6409,64,ทุ่งเสลี่ยม,Thung Saliam,64150
640904,6409,64,กลางดง,Klang Dong,64150
640905,6409,64,เขาแก้วศรีสมบูรณ์,Khao Kaeo Si Sombun,64230
650101,6501,65,ในเมือง,Nai Mueang,65000
650102,6501,65,วังน้ำคู้,Wang Nam Khu,65230
650103,6501,65,วัดจันทร์,Wat Chan,65000
650104,6501,65,วัดพริก,Wat Phrik,65230
650105,6501,65,ท่าทอง,Tha Thong,65000
650106,6501,65,ท่าโพธิ์,Tha Pho,65000
650107,6501,65,สมอแข,Samo Khae,65000
650108,6501,65,ดอนทอง,Don Thong,65000
650109,6501,65,บ้านป่า,Ban Pa,65000
650110,6501,65,ปากโทก,Pak Thok,65000
650111,6501,65,หัวรอ,Hua Ro,65000
650112,6501,65,จอมทอง,Chom Thong,65000
650113,6501,65,บ้านกร่าง,Ban Krang,65000
650114,6501,65,บ้านคลอง,Ban Khlong,65000
650115,6501,65,พลายชุมพล,Phlai Chumphon,65000
650116,6501,65,มะขามสูง,Makham Sung,65000
650117,6501,65,อรัญญิก,Aranyik,65000
650118,6501,65,บึงพระ,Bueng Phra,65000
650119,6501,65,ไผ่ขอดอน,Phai Kho Don,65000
650120,6501,65,งิ้วงาม,Ngio Ngam,65230
650201,6502,65,นครไทย,Nakhon Thai,65120
650202,6502,65,หนองกะท้าว,Nong Kathao,65120
650203,6502,65,บ้านแยง,Ban Yaeng,65120
650204,6502,65,เนินเพิ่ม,Noen Phoem,65120
650205,6502,65,นาบัว,Na Bua,65120
650206,6502,65,นครชุม,Nakhon Chum,65120
650207,6502,65,น้ำกุ่ม,Nam Kum,65120
650208,6502,65,ยางโกลน,Yang Klon,65120
650209,6502,65,บ่อโพธิ์,Bo Pho,65120
650210,6502,65,บ้านพร้าว,Ban Phrao,65120
650211,6502,65,ห้วยเฮี้ย,Huai Hia,65120
650301,6503,65,ป่าแดง,Pa Daeng,65170
650302,6503,65,ชาติตระการ,Chat Trakan,65170
650303,6503,65,สวนเมี่ยง,Suan Miang,65170
650304,6503,65,บ้านดง,Ban Dong,65170
650305,6503,65,บ่อภาค,Bo Phak,65170
650306,6503,65,ท่าสะแก,Tha Sakae,65170
650401,6504,65,บางระกำ,Bang Rakam,65140
650402,6504,65,ปลักแรด,Plak Raet,65140
650403,6504,65,พันเสา,Phan Sao,65140
650404,6504,65,วังอิทก,Wang I Thok,65140
650405,6504,65,บึงกอก,Bueng Kok,65140
650406,6504,65,หนองกุลา,Nong Kula,65140
650407,6504,65,ชุมแสงสงคราม,Chum Saeng Songkhram,65240
650408,6504,65,นิคมพัฒนา,Nikhom Phatthana,65140
650409,6504,65,บ่อทอง,Bo Thong,65140
650410,6504,65,ท่านางงาม,Tha Nang Ngam,65140
650411,6504,65,คุยม่วง,Khui Muang,65240
650501,6505,65,บางกระทุ่ม,Bang Krathum,65110
650502,6505,65,บ้านไร่,Ban Rai,65110
650503,6505,65,โคกสลุด,Khok Salut,65110
650504,6505,65,สนามคลี,Sanam Khli,65110
650505,6505,65,ท่าตาล,Tha Tan,65110
650506,6505,65,ไผ่ล้อม,Phai Lom,65110
650507,6505,65,นครป่าหมาก,Nakhon Pa Mak,65110
650508,6505,65,เนินกุ่ม,Noen Kum,65210
650509,6505,65,วัดตายม,Wat Ta Yom,65210
650601,6506,65,พรหมพิราม,Phrom Phiram,65150
650602,6506,65,ท่าช้าง,Tha Chang,65150
650603,6506,65,วงฆ้อง,Wong Khong,65180
650604,6506,65,มะตูม,Matum,65150
650605,6506,65,หอกลอง,Ho Klong,65150
650606,6506,65,ศรีภิรมย์,Si Phirom,65180
650607,6506,65,ตลุกเทียม,Taluk Thiam,65180
650608,6506,65,วังวน,Wang Won,65150
650609,6506,65,หนองแขม,Nong Khaem,65150
650610,6506,65,มะต้อง,Matong,65180
650611,6506,65,ทับยายเชียง,Thap Yai Chiang,65150
650612,6506,65,ดงประคำ,Dong Prakham,65180
650701,6507,65,วัดโบสถ์,Wat Bot,65160
650702,6507,65,ท่างาม,Tha Ngam,65160
650703,6507,65,ท้อแท้,Tho Thae,65160
650704,6507,65,บ้านยาง,Ban Yang,65160
650705,6507,65,หินลาด,Hin Lat,65160
650706,6507,65,คันโช้ง,Khan Chong,65160
650801,6508,65,วังทอง,Wang Thong,65130
650802,6508,65,พันชาลี,Phan Chali,65130
650803,6508,65,แม่ระกา,Mae Raka,65130
650804,6508,65,บ้านกลาง,Ban Klang,65220
650805,6508,65,วังพิกุล,Wang Phikun,65130
650806,6508,65,แก่งโสภา,Kaeng Sopha,65220
650807,6508,65,ท่าหมื่นราม,Tha Muen Ram,65130
650808,6508,65,วังนกแอ่น,Wang Nok Aen,65130
650809,6508,65,หนองพระ,Nong Phra,65130
650810,6508,65,ชัยนาม,Chai Nam,65130
650811,6508,65,ดินทอง,Din Thong,65130
650901,6509,65,ชมพู,Chomphu,65190
650902,6509,65,บ้านมุง,Ban Mung,65190
650903,6509,65,ไทรย้อย,Sai Yoi,65190
650904,6509,65,วังโพรง,Wang Phrong,65190
650905,6509,65,บ้านน้อยซุ้มขี้เหล็ก,Ban Noi Sum Khi Lek,65190
650906,6509,65,เนินมะปราง,Noen Maprang,65190
650907,6509,65,วังยาง,Wang Yang,65190
660101,6601,66,ในเมือง,Nai Mueang,66000
660102,6601,66,ไผ่ขวาง,Phai Khwang,66000
660103,6601,66,ย่านยาว,Yan Yao,66000
660104,6601,66,ท่าฬ่อ,Tha Lo,66000
660105,6601,66,ปากทาง,Pak Thang,66000
660106,6601,66,คลองคะเชนทร์,Khlong Khachen,66000
660107,6601,66,โรงช้าง,Rong Chang,66000
660108,6601,66,เมืองเก่า,Mueang Kao,66000
660109,6601,66,ท่าหลวง,Tha Luang,66000
660110,6601,66,บ้านบุ่ง,Ban Bung,66000
660111,6601,66,ฆะมัง,Kha Mang,66000
660112,6601,66,ดงป่าคำ,Dong Pa Kham,66170
660113,6601,66,หัวดง,Hua Dong,66170
660115,6601,66,ป่ามะคาบ,Pa Makhap,66000
660119,6601,66,สายคำโห้,Sai Kham Ho,66000
660120,6601,66,ดงกลาง,Dong Klang,66170
660201,6602,66,วังทรายพูน,Wang Sai Phun,66180
660202,6602,66,หนองปลาไหล,Nong Pla Lai,66180
660203,6602,66,หนองพระ,Nong Phra,66180
660204,6602,66,หนองปล้อง,Nong Plong,66180
660301,6603,66,โพธิ์ประทับช้าง,Pho Prathap Chang,66190
660302,6603,66,ไผ่ท่าโพ,Phai Tha Pho,66190
660303,6603,66,วังจิก,Wang Chik,66190
660304,6603,66,ไผ่รอบ,Phai Rop,66190
660305,6603,66,ดงเสือเหลือง,Dong Suea Lueang,66190
660306,6603,66,เนินสว่าง,Noen Sawang,66190
660307,6603,66,ทุ่งใหญ่,Thung Yai,66190
660401,6604,66,ตะพานหิน,Taphan Hin,66110
660402,6604,66,งิ้วราย,Ngio Rai,66110
660403,6604,66,ห้วยเกตุ,Huai Ket,66110
660404,6604,66,ไทรโรงโขน,Sai Rong Khon,66110
660405,6604,66,หนองพยอม,Nong Phayom,66110
660406,6604,66,ทุ่งโพธิ์,Thung Pho,66150
660407,6604,66,ดงตะขบ,Dong Takhop,66110
660408,6604,66,คลองคูณ,Khlong Khun,66110
660409,6604,66,วังสำโรง,Wang Samrong,66110
660410,6604,66,วังหว้า,Wang Wa,66110
660411,6604,66,วังหลุม,Wang Lum,66150
660412,6604,66,ทับหมัน,Thap Man,66110
660413,6604,66,ไผ่หลวง,Phai Luang,66110
660501,6605,66,บางมูลนาก,Bang Mun Nak,66120
660502,6605,66,บางไผ่,Bang Phai,66120
660503,6605,66,หอไกร,Ho Krai,66120
660504,6605,66,เนินมะกอก,Noen Makok,66120
660505,6605,66,วังสำโรง,Wang Samrong,66120
660506,6605,66,ภูมิ,Phum,66120
660507,6605,66,วังกรด,Wang Krot,66120
660508,6605,66,ห้วยเขน,Huai Khen,66120
660509,6605,66,วังตะกู,Wang Taku,66210
660514,6605,66,ลำประดา,Lam Prada,66120
660601,6606,66,โพทะเล,Pho Thale,66130
660602,6606,66,ท้ายน้ำ,Thai Nam,66130
660603,6606,66,ทะนง,Tha Nong,66130
660604,6606,66,ท่าบัว,Tha Bua,66130
660605,6606,66,ทุ่งน้อย,Thung Noi,66130
660606,6606,66,ท่าขมิ้น,Tha Khamin,66130
660607,6606,66,ท่าเสา,Tha Sao,66130
660608,6606,66,บางคลาน,Bang Khlan,66130
660611,6606,66,ท่านั่ง,Tha Nang,66130
660612,6606,66,บ้านน้อย,Ban Noi,66130
660613,6606,66,วัดขวาง,Wat Khwang,66130
660701,6607,66,สามง่าม,Sam Ngam,66140
660702,6607,66,กำแพงดิน,Kamphaeng Din,66140
660703,6607,66,รังนก,Rang Nok,66140
660706,6607,66,เนินปอ,Noen Po,66140
660707,6607,66,หนองโสน,Nong Sano,66140
660801,6608,66,ทับคล้อ,Thap Khlo,66150
660802,6608,66,เขาทราย,Khao Sai,66230
660803,6608,66,เขาเจ็ดลูก,Khao Chet Luk,66230
660804,6608,66,ท้ายทุ่ง,Thai Thung,66150
660901,6609,66,สากเหล็ก,Sak Lek,66160
660902,6609,66,ท่าเยี่ยม,Tha Yiam,66160
660903,6609,66,คลองทราย,Khlong Sai,66160
660904,6609,66,หนองหญ้าไทร,Nong Ya Sai,66160
660905,6609,66,วังทับไทร,Wang Thap Sai,66160
661001,6610,66,ห้วยแก้ว,Huai Kaeo,66130
661002,6610,66,โพธิ์ไทรงาม,Pho Sai Ngam,66130
661003,6610,66,แหลมรัง,Laem Rang,66130
661004,6610,66,บางลาย,Bang Lai,66130
661005,6610,66,บึงนาราง,Bueng Na Rang,66130
661101,6611,66,วังงิ้วใต้,Wang Ngio Tai,66210
661102,6611,66,วังงิ้ว,Wang Ngio,66210
661103,6611,66,ห้วยร่วม,Huai Ruam,66210
661104,6611,66,ห้วยพุก,Huai Phuk,66210
661105,6611,66,สำนักขุนเณร,Samnak Khun Nen,66210
661201,6612,66,บ้านนา,Ban Na,66140
661202,6612,66,บึงบัว,Bueng Bua,66140
661203,6612,66,วังโมกข์,Wang Mok,66140
661204,6612,66,หนองหลุม,Nong Lum,66220
670101,6701,67,ในเมือง,Nai Mueang,67000
670102,6701,67,ตะเบาะ,Tabo,67000
670103,6701,67,บ้านโตก,Ban Tok,67000
670104,6701,67,สะเดียง,Sadiang,67000
670105,6701,67,ป่าเลา,Pa Lao,67000
670106,6701,67,นางั่ว,Na Ngua,67000
670107,6701,67,ท่าพล,Tha Phon,67250
670108,6701,67,ดงมูลเหล็ก,Dong Mun Lek,67000
670109,6701,67,บ้านโคก,Ban Khok,67000
670110,6701,67,ชอนไพร,Chon Phrai,67000
670111,6701,67,นาป่า,Na Pa,67000
670112,6701,67,นายม,Na Yom,67210
670113,6701,67,วังชมภู,Wang Chomphu,67210
670114,6701,67,น้ำร้อน,Nam Ron,67000
670115,6701,67,ห้วยสะแก,Huai Sakae,67210
670116,6701,67,ห้วยใหญ่,Huai Yai,67000
670117,6701,67,ระวิง,Rawing,67210
670201,6702,67,ชนแดน,Chon Daen,67150
670202,6702,67,ดงขุย,Dong Khu,67190
670203,6702,67,ท่าข้าม,Tha Kham,67150
670204,6702,67,พุทธบาท,Phutthabat,67150
670205,6702,67,ลาดแค,Lat Khae,67150
670206,6702,67,บ้านกล้วย,Ban Kluai,67190
670208,6702,67,ซับพุทรา,Sap Phutsa,67150
670209,6702,67,ตะกุดไร,Takut Lai,67190
670210,6702,67,ศาลาลาย,Sala Lai,67150
670301,6703,67,หล่มสัก,Lom Sak,67110
670302,6703,67,วัดป่า,Wat Pa,67110
670303,6703,67,ตาลเดี่ยว,Tan Diao,67110
670304,6703,67,ฝายนาแซง,Fai Na Saeng,67110
670305,6703,67,หนองสว่าง,Nong Sawang,67110
670306,6703,67,น้ำเฮี้ย,Nam Hia,67110
670307,6703,67,สักหลง,Sak Long,67110
670308,6703,67,ท่าอิบุญ,Tha I Bun,67110
670309,6703,67,บ้านโสก,Ban Sok,67110
670310,6703,67,บ้านติ้ว,Ban Tio,67110
670311,6703,67,ห้วยไร่,Huai Rai,67110
670312,6703,67,น้ำก้อ,Nam Ko,67110
670313,6703,67,ปากช่อง,Pak Chong,67110
670314,6703,67,น้ำชุน,Nam Chun,67110
670315,6703,67,หนองไขว่,Nong Khwai,67110
670316,6703,67,ลานบ่า,Lan Ba,67110
670317,6703,67,บุ่งคล้า,Bung Khla,67110
670318,6703,67,บุ่งน้ำเต้า,Bung Namtao,67110
670319,6703,67,บ้านกลาง,Ban Klang,67110
670320,6703,67,ช้างตะลูด,Chang Talut,67110
670321,6703,67,บ้านไร่,Ban Rai,67110
670322,6703,67,ปากดุก,Pak Duk,67110
670323,6703,67,บ้านหวาย,Ban Wai,67110
670401,6704,67,หล่มเก่า,Lom Kao,67120
670402,6704,67,นาซำ,Na Sam,67120
670403,6704,67,หินฮาว,Hin Hao,67120
670404,6704,67,บ้านเนิน,Ban Noen,67120
670405,6704,67,ศิลา,Sila,67120
670406,6704,67,นาแซง,Na Saeng,67120
670407,6704,67,วังบาล,Wang Ban,67120
670408,6704,67,นาเกาะ,Na Ko,67120
670409,6704,67,ตาดกลอย,Tat Kloi,67120
670501,6705,67,ท่าโรง,Tha Rong,67130
670502,6705,67,สระประดู่,Sa Pradu,67130
670503,6705,67,สามแยก,Sam Yaek,67130
670504,6705,67,โคกปรง,Khok Prong,67130
670505,6705,67,น้ำร้อน,Nam Ron,67130
670506,6705,67,บ่อรัง,Bo Rang,67130
670507,6705,67,พุเตย,Phu Toei,67180
670508,6705,67,พุขาม,Phu Kham,67180
670509,6705,67,ภูน้ำหยด,Phu Nam Yot,67180
670510,6705,67,ซับสมบูรณ์,Sap Sombun,67180
670511,6705,67,บึงกระจับ,Bueng Krachap,67130
670512,6705,67,วังใหญ่,Wang Yai,67180
670513,6705,67,ยางสาว,Yang Sao,67130
670514,6705,67,ซับน้อย,Sap Noi,67180
670601,6706,67,ศรีเทพ,Si Thep,67170
670602,6706,67,สระกรวด,Sa Kruat,67170
670603,6706,67,คลองกระจัง,Khlong Krachang,67170
670604,6706,67,นาสนุ่น,Na Sanun,67170
670605,6706,67,โคกสะอาด,Khok Sa-At,67170
670606,6706,67,หนองย่างทอย,Nong Yang Thoi,67170
670607,6706,67,ประดู่งาม,Pradu Ngam,67170
670701,6707,67,กองทูล,Kong Thun,67140
670702,6707,67,นาเฉลียง,Na Chaliang,67220
670703,6707,67,บ้านโภชน์,Ban Phot,67140
670704,6707,67,ท่าแดง,Tha Daeng,67140
670705,6707,67,เพชรละคร,Phet Lakhon,67140
670706,6707,67,บ่อไทย,Bo Thai,67140
670707,6707,67,ห้วยโป่ง,Huai Pong,67220
670708,6707,67,วังท่าดี,Wang Tha Di,67140
670709,6707,67,บัววัฒนา,Bua Watthana,67140
670710,6707,67,หนองไผ่,Nong Phai,67140
670711,6707,67,วังโบสถ์,Wang Bot,67140
670712,6707,67,ยางงาม,Yang Ngam,67220
670713,6707,67,ท่าด้วง,Tha Duang,67140
670801,6708,67,ซับสมอทอด,Sap Samo Thot,67160
670802,6708,67,ซับไม้แดง,Sap Mai Daeng,67160
670803,6708,67,หนองแจง,Nong Chaeng,67160
670804,6708,67,กันจุ,Kan Chu,67160
670805,6708,67,วังพิกุล,Wang Phikun,67230
670806,6708,67,พญาวัง,Phaya Wang,67160
670807,6708,67,ศรีมงคล,Si Mongkhon,67160
670808,6708,67,สระแก้ว,Sa Kaeo,67160
670809,6708,67,บึงสามพัน,Bueng Sam Phan,67160
670901,6709,67,น้ำหนาว,Nam Nao,67260
670902,6709,67,หลักด่าน,Lak Dan,67260
670903,6709,67,วังกวาง,Wang Kwang,67260
670904,6709,67,โคกมน,Khok Mon,67260
671001,6710,67,วังโป่ง,Wang Pong,67240
671002,6710,67,ท้ายดง,Thai Dong,67240
671003,6710,67,ซับเปิบ,Sap Poep,67240
671004,6710,67,วังหิน,Wang Hin,67240
671005,6710,67,วังศาล,Wang San,67240
671101,6711,67,ทุ่งสมอ,Thung Samo,67270
671102,6711,67,แคมป์สน,Khaem Son,67280
671103,6711,67,เขาค้อ,Khao Kho,67270
671104,6711,67,ริมสีม่วง,Rim Si Muang,67270
671105,6711,67,สะเดาะพง,Sadao Phong,67270
671106,6711,67,หนองแม่นา,Nong Mae Na,67270
671107,6711,67,เข็กน้อย,Khek Noi,67280
700101,7001,70,หน้าเมือง,Na Mueang,70000
700102,7001,70,เจดีย์หัก,Chedi Hak,70000
700103,7001,70,ดอนตะโก,Don Tako,70000
700104,7001,70,หนองกลางนา,Nong Klang Na,70000
700105,7001,70,ห้วยไผ่,Huai Phai,70000
700106,7001,70,คุ้งน้ำวน,Khung Nam Won,70000
700107,7001,70,คุ้งกระถิน,Khung Krathin,70000
700108,7001,70,อ่างทอง,Ang Thong,70000
700109,7001,70,โคกหม้อ,Khok Mo,70000
700110,7001,70,สามเรือน,Sam Ruean,70000
700111,7001,70,พิกุลทอง,Phikun Thong,70000
700112,7001,70,น้ำพุ,Namphu,70000
700113,7001,70,ดอนแร่,Don Rae,70000
700114,7001,70,หินกอง,Hin Kong,70000
700115,7001,70,เขาแร้ง,Khao Raeng,70000
700116,7001,70,เกาะพลับพลา,Ko Phlapphla,70000
700117,7001,70,หลุมดิน,Lum Din,70000
700118,7001,70,บางป่า,Bang Pa,70000
700119,7001,70,พงสวาย,Phong Sawai,70000
700120,7001,70,คูบัว,Khu Bua,70000
700121,7001,70,ท่าราบ,Tha Rap,70000
700122,7001,70,บ้านไร่,Ban Rai,70000
700201,7002,70,จอมบึง,Chom Bueng,70150
700202,7002,70,ปากช่อง,Pak Chong,70150
700203,7002,70,เบิกไพร,Boek Phrai,70150
700204,7002,70,ด่านทับตะโก,Dan Thap Tako,70150
700205,7002,70,แก้มอ้น,Kaem On,70150
700206,7002,70,รางบัว,Rang Bua,70150
700301,7003,70,สวนผึ้ง,Suan Phueng,70180
700302,7003,70,ป่าหวาย,Pa Wai,70180
700304,7003,70,ท่าเคย,Tha Khoei,70180
700307,7003,70,ตะนาวศรี,Tanao Si,70180
700401,7004,70,ดำเนินสะดวก,Damnoen Saduak,70130
700402,7004,70,ประสาทสิทธิ์,Prasatsit,70210
700403,7004,70,ศรีสุราษฎร์,Si Surat,70130
700404,7004,70,ตาหลวง,Ta Luang,70130
700405,7004,70,ดอนกรวย,Don Kruai,70130
700406,7004,70,ดอนคลัง,Don Khlang,70130
700407,7004,70,บัวงาม,Bua Ngam,70210
700408,7004,70,บ้านไร่,Ban Rai,70130
700409,7004,70,แพงพวย,Phaeng Phuai,70130
700410,7004,70,สี่หมื่น,Si Muen,70130
700411,7004,70,ท่านัด,Tha Nat,70130
700412,7004,70,ขุนพิทักษ์,Khun Phithak,70130
700413,7004,70,ดอนไผ่,Don Phi,70130
700501,7005,70,บ้านโป่ง,Ban Pong,70110
700502,7005,70,ท่าผา,Tha Pha,70110
700503,7005,70,กรับใหญ่,Krap Yai,70190
700504,7005,70,ปากแรต,Pak Raet,70110
700505,7005,70,หนองกบ,Nong Kop,70110
700506,7005,70,หนองอ้อ,Nong O,70110
700507,7005,70,ดอนกระเบื้อง,Don Krabueang,70110
700508,7005,70,สวนกล้วย,Suan Kluai,70110
700509,7005,70,นครชุมน์,Nakhon Chum,70110
700510,7005,70,บ้านม่วง,Ban Muang,70110
700511,7005,70,คุ้งพยอม,Khung Phayom,70110
700512,7005,70,หนองปลาหมอ,Nong Pla Mo,70110
700513,7005,70,เขาขลุง,Khao Khlung,70110
700514,7005,70,เบิกไพร,Boek Phrai,70110
700515,7005,70,ลาดบัวขาว,Lat Bua Khao,70110
700601,7006,70,บางแพ,Bang Phae,70160
700602,7006,70,วังเย็น,Wang Yen,70160
700603,7006,70,หัวโพ,Hua Pho,70160
700604,7006,70,วัดแก้ว,Wat Kaeo,70160
700605,7006,70,ดอนใหญ่,Don Yai,70160
700606,7006,70,ดอนคา,Don Kha,70160
700607,7006,70,โพหัก,Pho Hak,70160
700701,7007,70,โพธาราม,Photharam,70120
700702,7007,70,ดอนกระเบื้อง,Don Krabueang,70120
700703,7007,70,หนองโพ,Nong Pho,70120
700704,7007,70,บ้านเลือก,Ban Lueak,70120
700705,7007,70,คลองตาคต,Khlong Ta Kot,70120
700706,7007,70,บ้านฆ้อง,Ban Khong,70120
700707,7007,70,บ้านสิงห์,Ban Sing,70120
700708,7007,70,ดอนทราย,Don Sai,70120
700709,7007,70,เจ็ดเสมียน,Chet Samian,70120
700710,7007,70,คลองข่อย,Khlong Khoi,70120
700711,7007,70,ชำแระ,Chamrae,70120
700712,7007,70,สร้อยฟ้า,Soi Fa,70120
700713,7007,70,ท่าชุมพล,Tha Chumphon,70120
700714,7007,70,บางโตนด,Bang Tanot,70120
700715,7007,70,เตาปูน,Tao Pun,70120
700716,7007,70,นางแก้ว,Nang Kaeo,70120
700717,7007,70,ธรรมเสน,Thammasen,70120
700718,7007,70,เขาชะงุ้ม,Khao Cha-Ngum,70120
700719,7007,70,หนองกวาง,Nong Kwang,70120
700801,7008,70,ทุ่งหลวง,Thung Luang,70140
700802,7008,70,วังมะนาว,Wang Manao,70140
700803,7008,70,ดอนทราย,Don Sai,70140
700804,7008,70,หนองกระทุ่ม,Nong Krathum,70140
700805,7008,70,ปากท่อ,Pak Tho,70140
700806,7008,70,ป่าไก่,Pa Kai,70140
700807,7008,70,วัดยางงาม,Wat Yang Ngam,70140
700808,7008,70,อ่างหิน,Ang Hin,70140
700809,7008,70,บ่อกระดาน,Bo Kradan,70140
700810,7008,70,ยางหัก,Yang Hak,70140
700811,7008,70,วันดาว,Wan Dao,70140
700812,7008,70,ห้วยยางโทน,Huai Yang Thon,70140
700901,7009,70,เกาะศาลพระ,Ko San Phra,70170
700902,7009,70,จอมประทัด,Chom Prathat,70170
700903,7009,70,วัดเพลง,Wat Phleng,70170
701001,7010,70,บ้านคา,Ban Kha,70180
701002,7010,70,บ้านบึง,Ban Bueng,70180
701003,7010,70,หนองพันจันทร์,Nong Phan Chan,70180
710101,7101,71,บ้านเหนือ,Ban Nuea,71000
710102,7101,71,บ้านใต้,Ban Tai,71000
710103,7101,71,ปากแพรก,Pak Phraek,71000
710104,7101,71,ท่ามะขาม,Tha Makham,71000
710105,7101,71,แก่งเสี้ยน,Kaeng Sian,71000
710106,7101,71,หนองบัว,Nong Bua,71190
710107,7101,71,ลาดหญ้า,Lat Ya,71190
710108,7101,71,วังด้ง,Wang Dong,71190
710109,7101,71,ช่องสะเดา,Chong Sadao,71190
710110,7101,71,หนองหญ้า,Nong Ya,71000
710111,7101,71,เกาะสำโรง,Ko Samrong,71000
710113,7101,71,บ้านเก่า,Ban Kao,71000
710116,7101,71,วังเย็น,Wang Yen,71000
710201,7102,71,ลุ่มสุ่ม,Lum Sum,71150
710202,7102,71,ท่าเสา,Tha Sao,71150
710203,7102,71,สิงห์,Sing,71150
710204,7102,71,ไทรโยค,Sai Yok,71150
710205,7102,71,วังกระแจะ,Wang Krachae,71150
710206,7102,71,ศรีมงคล,Si Mongkhon,71150
710207,7102,71,บ้องตี้,Bong Ti,71150
710301,7103,71,บ่อพลอย,Bo Phloi,71160
710302,7103,71,หนองกุ่ม,Nong Kum,71160
710303,7103,71,หนองรี,Nong Ri,71220
710305,7103,71,หลุมรัง,Lum Rang,71160
710308,7103,71,ช่องด่าน,Chong Dan,71160
710309,7103,71,หนองกร่าง,Nong Krang,71220
710401,7104,71,นาสวน,Na Suan,71250
710402,7104,71,ด่านแม่แฉลบ,Dan Mae Chalaep,71250
710403,7104,71,หนองเป็ด,Nong Pet,71250
710404,7104,71,ท่ากระดาน,Tha Kradan,71250
710405,7104,71,เขาโจด,Khao Chot,71220
710406,7104,71,แม่กระบุง,Mae Krabung,71250
710501,7105,71,พงตึก,Phong Tuek,71120
710502,7105,71,ยางม่วง,Yang Muang,71120
710503,7105,71,ดอนชะเอม,Don Cha-Em,71130
710504,7105,71,ท่าไม้,Tha Mai,71120
710505,7105,71,ตะคร้ำเอน,Takhram En,71130
710506,7105,71,ท่ามะกา,Tha Maka,71120
710507,7105,71,ท่าเรือ,Tha Ruea,71130
710508,7105,71,โคกตะบอง,Khok Tabong,71120
710509,7105,71,ดอนขมิ้น,Don Khamin,71120
710510,7105,71,อุโลกสี่หมื่น,Ulok Si Muen,71130
710511,7105,71,เขาสามสิบหาบ,Khao Sam Sip Hap,71120
710512,7105,71,พระแท่น,Phra Thaen,71130
710513,7105,71,หวายเหนียว,Wai Niao,71120
710514,7105,71,แสนตอ,Saen To,71130
710515,7105,71,สนามแย้,Sanam Yae,70190
710516,7105,71,ท่าเสา,Tha Sao,71120
710517,7105,71,หนองลาน,Nong Lan,71130
710601,7106,71,ท่าม่วง,Tha Muang,71110
710602,7106,71,วังขนาย,Wang Khanai,71110
710603,7106,71,วังศาลา,Wang Sala,71110
710604,7106,71,ท่าล้อ,Tha Lo,71110
710605,7106,71,หนองขาว,Nong Khao,71110
710606,7106,71,ทุ่งทอง,Thung Thong,71110
710607,7106,71,เขาน้อย,Khao Noi,71110
710608,7106,71,ม่วงชุม,Muang Chum,71110
710609,7106,71,บ้านใหม่,Ban Mai,71110
710610,7106,71,พังตรุ,Phang Tru,71110
710611,7106,71,ท่าตะคร้อ,Tha Takhro,71130
710612,7106,71,รางสาลี่,Rang Sali,71110
710613,7106,71,หนองตากยา,Nong Tak Ya,71110
710701,7107,71,ท่าขนุน,Tha Khanun,71180
710702,7107,71,ปิล๊อก,Pi Lok,71180
710703,7107,71,หินดาด,Hin Dat,71180
710704,7107,71,ลิ่นถิ่น,Lin Thin,71180
710705,7107,71,ชะแล,Chalae,71180
710706,7107,71,ห้วยเขย่ง,Huai Khayeng,71180
710707,7107,71,สหกรณ์นิคม,Sahakon Nikhom,71180
710801,7108,71,หนองลู,Nong Lu,71240
710802,7108,71,ปรังเผล,Prang Phle,71240
710803,7108,71,ไล่โว่,Lai Wo,71240
710901,7109,71,พนมทวน,Phanom Thuan,71140
710902,7109,71,หนองโรง,Nong Rong,71140
710903,7109,71,ทุ่งสมอ,Thung Samo,71140
710904,7109,71,ดอนเจดีย์,Don Chedi,71140
710905,7109,71,พังตรุ,Phang Tru,71140
710906,7109,71,รางหวาย,Rang Wai,71170
710911,7109,71,หนองสาหร่าย,Nong Sarai,71140
710912,7109,71,ดอนตาเพชร,Don Ta Phet,71140
711001,7110,71,เลาขวัญ,Lao Khwan,71210
711002,7110,71,หนองโสน,Nong Sano,71210
711003,7110,71,หนองประดู่,Nong Pradu,71210
711004,7110,71,หนองปลิง,Nong Pling,71210
711005,7110,71,หนองนกแก้ว,Nong Nok Kaeo,71210
711006,7110,71,ทุ่งกระบ่ำ,Thung Krabam,71210
711007,7110,71,หนองฝ้าย,Nong Fai,71210
711101,7111,71,ด่านมะขามเตี้ย,Dan Makham Tia,71260
711102,7111,71,กลอนโด,Klon Do,71260
711103,7111,71,จรเข้เผือก,Chorakhe Phueak,71260
711104,7111,71,หนองไผ่,Nong Phai,71260
711201,7112,71,หนองปรือ,Nong Prue,71220
711202,7112,71,หนองปลาไหล,Nong Pla Lai,71220
711203,7112,71,สมเด็จเจริญ,Somdet Charoen,71220
711301,7113,71,ห้วยกระเจา,Huai Krachao,71170
711302,7113,71,วังไผ่,Wang Phai,71170
711303,7113,71,ดอนแสลบ,Don Salaep,71170
711304,7113,71,สระลงเรือ,Sa Long Ruea,71170
720101,7201,72,ท่าพี่เลี้ยง,Tha Phi Liang,72000
720102,7201,72,รั้วใหญ่,Rua Yai,72000
720103,7201,72,ทับตีเหล็ก,Thap Ti Lek,72000
720104,7201,72,ท่าระหัด,Tha Rahat,72000
720105,7201,72,ไผ่ขวาง,Phai Khwang,72000
720106,7201,72,โคกโคเฒ่า,Khok Kho Thao,72000
720107,7201,72,ดอนตาล,Don Tan,72000
720108,7201,72,ดอนมะสังข์,Don Masang,72000
720109,7201,72,พิหารแดง,Phihan Daeng,72000
720110,7201,72,ดอนกำยาน,Don Kamyan,72000
720111,7201,72,ดอนโพธิ์ทอง,Don Pho Thong,72000
720112,7201,72,บ้านโพธิ์,Ban Pho,72000
720113,7201,72,สระแก้ว,Sa Kaeo,72230
720114,7201,72,ตลิ่งชัน,Taling Chan,72230
720115,7201,72,บางกุ้ง,Bang Kung,72210
720116,7201,72,ศาลาขาว,Sala Khao,72210
720117,7201,72,สวนแตง,Suan Taeng,72210
720118,7201,72,สนามชัย,Sanam Chai,72000
720119,7201,72,โพธิ์พระยา,Pho Phraya,72000
720120,7201,72,สนามคลี,Sanam Khli,72230
720201,7202,72,เขาพระ,Khao Phra,72120
720202,7202,72,เดิมบาง,Doem Bang,72120
720203,7202,72,นางบวช,Nang Buat,72120
720204,7202,72,เขาดิน,Khao Din,72120
720205,7202,72,ปากน้ำ,Pak Nam,72120
720206,7202,72,ทุ่งคลี,Thung Khli,72120
720207,7202,72,โคกช้าง,Khok Chang,72120
720208,7202,72,หัวเขา,Hua Khao,72120
720209,7202,72,หัวนา,Hua Na,72120
720210,7202,72,บ่อกรุ,Bo Kru,72120
720211,7202,72,วังศรีราช,Wang Si Rat,72120
720212,7202,72,ป่าสะแก,Pa Sakae,72120
720213,7202,72,ยางนอน,Yang Non,72120
720214,7202,72,หนองกระทุ่ม,Nong Krathum,72120
720301,7203,72,หนองมะค่าโมง,Nong Makha Mong,72180
720302,7203,72,ด่านช้าง,Dan Chang,72180
720303,7203,72,ห้วยขมิ้น,Huai Khamin,72180
720304,7203,72,องค์พระ,Ong Phra,72180
720305,7203,72,วังคัน,Wang Khan,72180
720306,7203,72,นิคมกระเสียว,Nikhom Krasiao,72180
720307,7203,72,วังยาว,Wang Yao,72180
720401,7204,72,โคกคราม,Khok Khram,72150
720402,7204,72,บางปลาม้า,Bang Pla Ma,72150
720403,7204,72,ตะค่า,Takha,72150
720404,7204,72,บางใหญ่,Bang Yai,72150
720405,7204,72,กฤษณา,Kritsana,72150
720406,7204,72,สาลี,Sali,72150
720407,7204,72,ไผ่กองดิน,Phai Kong Din,72150
720408,7204,72,องครักษ์,Ongkharak,72150
720409,7204,72,จรเข้ใหญ่,Chorakhe Yai,72150
720410,7204,72,บ้านแหลม,Ban Laem,72150
720411,7204,72,มะขามล้ม,Makham Lom,72150
720412,7204,72,วังน้ำเย็น,Wang Nam Yen,72150
720413,7204,72,วัดโบสถ์,Wat Bot,72150
720414,7204,72,วัดดาว,Wat Dao,72150
720501,7205,72,ศรีประจันต์,Si Prachan,72140
720502,7205,72,บ้านกร่าง,Ban Krang,72140
720503,7205,72,มดแดง,Mot Daeng,72140
720504,7205,72,บางงาม,Bang Ngam,72140
720505,7205,72,ดอนปรู,Don Pru,72140
720506,7205,72,ปลายนา,Plai Na,72140
720507,7205,72,วังหว้า,Wang Wa,72140
720508,7205,72,วังน้ำซับ,Wang Nam Sap,72140
720509,7205,72,วังยาง,Wang Yang,72140
720601,7206,72,ดอนเจดีย์,Don Chedi,72170
720602,7206,72,หนองสาหร่าย,Nong Sarai,72170
720603,7206,72,ไร่รถ,Rai Rot,72170
720604,7206,72,สระกระโจม,Sa Krachom,72250
720605,7206,72,ทะเลบก,Thale Bok,72250
720701,7207,72,สองพี่น้อง,Song Phi Nong,72110
720702,7207,72,บางเลน,Bang Len,72110
720703,7207,72,บางตาเถร,Bang Ta Then,72110
720704,7207,72,บางตะเคียน,Bang Takhian,72110
720705,7207,72,บ้านกุ่ม,Ban Kum,72110
720706,7207,72,หัวโพธิ์,Hua Pho,72110
720707,7207,72,บางพลับ,Bang Phlap,72110
720708,7207,72,เนินพระปรางค์,Noen Phraprang,72110
720709,7207,72,บ้านช้าง,Ban Chang,72110
720710,7207,72,ต้นตาล,Ton Tan,72110
720711,7207,72,ศรีสำราญ,Si Samran,72110
720712,7207,72,ทุ่งคอก,Thung Khok,72190
720713,7207,72,หนองบ่อ,Nong Bo,72110
720714,7207,72,บ่อสุพรรณ,Bo Suphan,72190
720715,7207,72,ดอนมะนาว,Don Manao,72110
720801,7208,72,ย่านยาว,Yan Yao,72130
720802,7208,72,วังลึก,Wang Luek,72130
720803,7208,72,สามชุก,Sam Chuk,72130
720804,7208,72,หนองผักนาก,Nong Phak Nak,72130
720805,7208,72,บ้านสระ,Ban Sa,72130
720806,7208,72,หนองสะเดา,Nong Sadao,72130
720807,7208,72,กระเสียว,Krasiao,72130
720901,7209,72,อู่ทอง,U Thong,72160
720902,7209,72,สระยายโสม,Sa Yai Som,72220
720903,7209,72,จรเข้สามพัน,Chorakhe Sam Phan,72160
720904,7209,72,บ้านดอน,Ban Don,72160
720905,7209,72,ยุ้งทะลาย,Yung Thalai,72160
720906,7209,72,ดอนมะเกลือ,Don Makluea,72220
720907,7209,72,หนองโอ่ง,Nong Ong,72160
720908,7209,72,ดอนคา,Don Kha,72160
720909,7209,72,พลับพลาไชย,Phlapphla Chai,72160
720910,7209,72,บ้านโข้ง,Ban Khong,72160
720911,7209,72,เจดีย์,Chedi,72160
720912,7209,72,สระพังลาน,Sa Phang Lan,72220
720913,7209,72,กระจัน,Krachan,72160
721001,7210,72,หนองหญ้าไซ,Nong Ya Sai,72240
721002,7210,72,หนองราชวัตร,Nong Ratchawat,72240
721003,7210,72,หนองโพธิ์,Nong Pho,72240
721004,7210,72,แจงงาม,Chaeng Ngam,72240
721005,7210,72,หนองขาม,Nong Kham,72240
721006,7210,72,ทัพหลวง,Thap Luang,72240
730101,7301,73,พระปฐมเจดีย์,Phra Pathom Chedi,73000
730102,7301,73,บางแขม,Bang Khaem,73000
730103,7301,73,พระประโทน,Phra Prathon,73000
730104,7301,73,ธรรมศาลา,Thammasala,73000
730105,7301,73,ตาก้อง,Ta Kong,73000
730106,7301,73,มาบแค,Map Khae,73000
730107,7301,73,สนามจันทร์,Sanam Chan,73000
730108,7301,73,ดอนยายหอม,Don Yai Hom,73000
730109,7301,73,ถนนขาด,Thanon Khat,73000
730110,7301,73,บ่อพลับ,Bo Phlap,73000
730111,7301,73,นครปฐม,Nakhon Pathom,73000
730112,7301,73,วังตะกู,Wang Taku,73000
730113,7301,73,หนองปากโลง,Nong Pak Long,73000
730114,7301,73,สามควายเผือก,Sam Khwai Phueak,73000
730115,7301,73,ทุ่งน้อย,Thung Noi,73000
730116,7301,73,หนองดินแดง,Nong Din Daeng,73000
730117,7301,73,วังเย็น,Wang Yen,73000
730118,7301,73,โพรงมะเดื่อ,Phrong Maduea,73000
730119,7301,73,ลำพยา,Lam Phaya,73000
730120,7301,73,สระกะเทียม,Sa Kathiam,73000
730121,7301,73,สวนป่าน,Suan Pan,73000
730122,7301,73,ห้วยจรเข้,Huai Chorakhe,73000
730123,7301,73,ทัพหลวง,Thap Luang,73000
730124,7301,73,หนองงูเหลือม,Nong Ngu Lueam,73000
730125,7301,73,บ้านยาง,Ban Yang,73000
730201,7302,73,ทุ่งกระพังโหม,Thung Kraphang Hom,73140
730202,7302,73,กระตีบ,Kratip,73180
730203,7302,73,ทุ่งลูกนก,Thung Luk Nok,73140
730204,7302,73,ห้วยขวาง,Huai Khwang,73140
730205,7302,73,ทุ่งขวาง,Thung Khwang,73140
730206,7302,73,สระสี่มุม,Sa Si Mum,73140
730207,7302,73,ทุ่งบัว,Thung Bua,73140
730208,7302,73,ดอนข่อย,Don Khoi,73140
730209,7302,73,สระพัฒนา,Sa Phatthana,73180
730210,7302,73,ห้วยหมอนทอง,Huai Mon Thong,73140
730211,7302,73,ห้วยม่วง,Huai Muang,73180
730212,7302,73,กำแพงแสน,Kamphaeng Saen,73140
730213,7302,73,รางพิกุล,Rang Phikun,73140
730214,7302,73,หนองกระทุ่ม,Nong Krathum,73140
730215,7302,73,วังน้ำเขียว,Wang Nam Khiao,73140
730301,7303,73,นครชัยศรี,Nakhon Chai Si,73120
730302,7303,73,บางกระเบา,Bang Krabao,73120
730303,7303,73,วัดแค,Wat Khae,73120
730304,7303,73,ท่าตำหนัก,Tha Tamnak,73120
730305,7303,73,บางแก้ว,Bang Kaeo,73120
730306,7303,73,ท่ากระชับ,Tha Krachap,73120
730307,7303,73,ขุนแก้ว,Khun Kaeo,73120
730308,7303,73,ท่าพระยา,Tha Phraya,73120
730309,7303,73,พะเนียด,Phaniat,73120
730310,7303,73,บางระกำ,Bang Rakam,73120
730311,7303,73,โคกพระเจดีย์,Khok Phra Chedi,73120
730312,7303,73,ศรีษะทอง,Sisa Thong,73120
730313,7303,73,แหลมบัว,Laem Bua,73120
730314,7303,73,ศรีมหาโพธิ์,Si Mahapho,73120
730315,7303,73,สัมปทวน,Sampathuan,73120
730316,7303,73,วัดสำโรง,Wat Samrong,73120
730317,7303,73,ดอนแฝก,Don Faek,73120
730318,7303,73,ห้วยพลู,Huai Phlu,73120
730319,7303,73,วัดละมุด,Wat Lamut,73120
730320,7303,73,บางพระ,Bang Phra,73120
730321,7303,73,บางแก้วฟ้า,Bang Kaeo Fa,73120
730322,7303,73,ลานตากฟ้า,Lan Tak Fa,73120
730323,7303,73,งิ้วราย,Ngio Rai,73120
730324,7303,73,ไทยาวาส,Thaiyawat,73120
730401,7304,73,สามง่าม,Sam Ngam,73150
730402,7304,73,ห้วยพระ,Huai Phra,73150
730403,7304,73,ลำเหย,Lam Hoei,73150
730404,7304,73,ดอนพุทรา,Don Phutsa,73150
730405,7304,73,บ้านหลวง,Ban Luang,73150
730406,7304,73,ดอนรวก,Don Ruak,73150
730407,7304,73,ห้วยด้วน,Huai Duan,73150
730408,7304,73,ลำลูกบัว,Lam Luk Bua,73150
730501,7305,73,บางเลน,Bang Len,73130
730502,7305,73,บางปลา,Bang Pla,73130
730503,7305,73,บางหลวง,Bang Luang,73190
730504,7305,73,บางภาษี,Bang Phasi,73130
730505,7305,73,บางระกำ,Bang Rakam,73130
730506,7305,73,บางไทรป่า,Bang Sai Pa,73130
730507,7305,73,หินมูล,Hin Mun,73190
730508,7305,73,ไทรงาม,Sai Ngam,73130
730509,7305,73,ดอนตูม,Don Tum,73130
730510,7305,73,นิลเพชร,Nin Phet,73130
730511,7305,73,บัวปากท่า,Bua Pak Tha,73130
730512,7305,73,คลองนกกระทุง,Khlong Nok Krathung,73130
730513,7305,73,นราภิรมย์,Nara Phirom,73130
730514,7305,73,ลำพญา,Lam Phaya,73130
730515,7305,73,ไผ่หูช้าง,Phai Hu Chang,73130
730601,7306,73,ท่าข้าม,Tha Kham,73110
730602,7306,73,ทรงคนอง,Song Khanong,73210
730603,7306,73,หอมเกร็ด,Hom Kret,73110
730604,7306,73,บางกระทึก,Bang Krathuek,73210
730605,7306,73,บางเตย,Bang Toei,73210
730606,7306,73,สามพราน,Sam Phran,73110
730607,7306,73,บางช้าง,Bang Chang,73110
730608,7306,73,ไร่ขิง,Rai Khing,73210
730609,7306,73,ท่าตลาด,Tha Talat,73110
730610,7306,73,กระทุ่มล้ม,Krathum Lom,73220
730611,7306,73,คลองใหม่,Khlong Mai,73110
730612,7306,73,ตลาดจินดา,Talat Chinda,73110
730613,7306,73,คลองจินดา,Khlong Chinda,73110
730614,7306,73,ยายชา,Yai Cha,73110
730615,7306,73,บ้านใหม่,Ban Mai,73110
730616,7306,73,อ้อมใหญ่,Om Yai,73160
730701,7307,73,ศาลายา,Sala Ya,73170
730702,7307,73,คลองโยง,Khlong Yong,73170
730703,7307,73,มหาสวัสดิ์,Mahasawat,73170
740101,7401,74,มหาชัย,Mahachai,74000
740102,7401,74,ท่าฉลอม,Tha Chalom,74000
740103,7401,74,โกรกกราก,Krok Krak,74000
740104,7401,74,บ้านบ่อ,Ban Bo,74000
740105,7401,74,บางโทรัด,Bang Thorat,74000
740106,7401,74,กาหลง,Kalong,74000
740107,7401,74,นาโคก,Na Khok,74000
740108,7401,74,ท่าจีน,Tha Chin,74000
740109,7401,74,นาดี,Na Di,74000
740110,7401,74,ท่าทราย,Tha Sai,74000
740111,7401,74,คอกกระบือ,Khok Krabue,74000
740112,7401,74,บางน้ำจืด,Bang Nam Chuet,74000
740113,7401,74,พันท้ายนรสิงห์,Phanthai Norasing,74000
740114,7401,74,โคกขาม,Khok Kham,74000
740115,7401,74,บ้านเกาะ,Ban Ko,74000
740116,7401,74,บางกระเจ้า,Bang Krachao,74000
740117,7401,74,บางหญ้าแพรก,Bang Ya Phraek,74000
740118,7401,74,ชัยมงคล,Chai Mongkhon,74000
740201,7402,74,ตลาดกระทุ่มแบน,Talat Krathum Baen,74110
740202,7402,74,อ้อมน้อย,Om Noi,74130
740203,7402,74,ท่าไม้,Tha Mai,74110
740204,7402,74,สวนหลวง,Suan Luang,74110
740205,7402,74,บางยาง,Bang Yang,74110
740206,7402,74,คลองมะเดื่อ,Khlong Maduea,74110
740207,7402,74,หนองนกไข่,Nong Nok Khai,74110
740208,7402,74,ดอนไก่ดี,Don Kai Di,74110
740209,7402,74,แคราย,Khae Rai,74110
740210,7402,74,ท่าเสา,Tha Sao,74110
740301,7403,74,บ้านแพ้ว,Ban Phaeo,74120
740302,7403,74,หลักสาม,Lak Sam,74120
740303,7403,74,ยกกระบัตร,Yok Krabat,74120
740304,7403,74,โรงเข้,Rong Khe,74120
740305,7403,74,หนองสองห้อง,Nong Song Hong,74120
740306,7403,74,หนองบัว,Nong Bua,74120
740307,7403,74,หลักสอง,Lak Song,74120
740308,7403,74,เจ็ดริ้ว,Chet Rio,74120
740309,7403,74,คลองตัน,Khlong Tan,74120
740310,7403,74,อำแพง,Amphaeng,74120
740311,7403,74,สวนส้ม,Suan Som,74120
740312,7403,74,เกษตรพัฒนา,Kaset Phatthana,74120
750101,7501,75,แม่กลอง,Mae Klong,75000
750102,7501,75,บางขันแตก,Bang Khan Taek,75000
750103,7501,75,ลาดใหญ่,Lat Yai,75000
750104,7501,75,บ้านปรก,Ban Prok,75000
750105,7501,75,บางแก้ว,Bang Kaeo,75000
750106,7501,75,ท้ายหาด,Thai Hat,75000
750107,7501,75,แหลมใหญ่,Laem Yai,75000
750108,7501,75,คลองเขิน,Khlong Khoen,75000
750109,7501,75,คลองโคน,Khlong Khon,75000
750110,7501,75,นางตะเคียน,Nang Takhian,75000
750111,7501,75,บางจะเกร็ง,Bang Chakreng,75000
750201,7502,75,กระดังงา,Kradang Nga,75120
750202,7502,75,บางสะแก,Bang Sakae,75120
750203,7502,75,บางยี่รงค์,Bang Yi Rong,75120
750204,7502,75,โรงหีบ,Rong Hip,75120
750205,7502,75,บางคนที,Bang Khonthi,75120
750206,7502,75,ดอนมะโนรา,Don Manora,75120
750207,7502,75,บางพรม,Bang Phrom,75120
750208,7502,75,บางกุ้ง,Bang Kung,75120
750209,7502,75,จอมปลวก,Chom Pluak,75120
750210,7502,75,บางนกแขวก,Bang Nok Khwaek,75120
750211,7502,75,ยายแพง,Yai Phaeng,75120
750212,7502,75,บางกระบือ,Bang Krabue,75120
750213,7502,75,บ้านปราโมทย์,Ban Pramot,75120
750301,7503,75,อัมพวา,Amphawa,75110
750302,7503,75,สวนหลวง,Suan Luang,75110
750303,7503,75,ท่าคา,Tha Kha,75110
750304,7503,75,วัดประดู่,Wat Pradu,75110
750305,7503,75,เหมืองใหม่,Mueang Mai,75110
750306,7503,75,บางช้าง,Bang Chang,75110
750307,7503,75,แควอ้อม,Khwae Om,75110
750308,7503,75,ปลายโพงพาง,Plai Phongphang,75110
750309,7503,75,บางแค,Bang Khae,75110
750310,7503,75,แพรกหนามแดง,Phraek Nam Daeng,75110
750311,7503,75,ยี่สาร,Yi San,75110
750312,7503,75,บางนางลี่,Bang Nang Li,75110
760101,7601,76,ท่าราบ,Tha Rap,76000
760102,7601,76,คลองกระแชง,Khlong Krachaeng,76000
760103,7601,76,บางจาน,Bang Chan,76000
760104,7601,76,นาพันสาม,Na Phan Sam,76000
760105,7601,76,ธงชัย,Thong Chai,76000
760106,7601,76,บ้านกุ่ม,Ban Kum,76000
760107,7601,76,หนองโสน,Nong Sano,76000
760108,7601,76,ไร่ส้ม,Rai Som,76000
760109,7601,76,เวียงคอย,Wiang Khoi,76000
760110,7601,76,บางจาก,Bang Chak,76000
760111,7601,76,บ้านหม้อ,Ban Mo,76000
760112,7601,76,ต้นมะม่วง,Ton Mamuang,76000
760113,7601,76,ช่องสะแก,Chong Sakae,76000
760114,7601,76,นาวุ้ง,Na Wung,76000
760115,7601,76,สำมะโรง,Sam Marong,76000
760116,7601,76,โพพระ,Pho Phra,76000
760117,7601,76,หาดเจ้าสำราญ,Hat Chao Samran,76100
760118,7601,76,หัวสะพาน,Hua Saphan,76000
760119,7601,76,ต้นมะพร้าว,Ton Maphrao,76000
760120,7601,76,วังตะโก,Wang Tako,76000
760121,7601,76,โพไร่หวาน,Pho Rai Wan,76000
760122,7601,76,ดอนยาง,Don Yang,76000
760123,7601,76,หนองขนาน,Nong Khanan,76000
760124,7601,76,หนองพลับ,Nong Phlap,76000
760201,7602,76,เขาย้อย,Khao Yoi,76140
760202,7602,76,สระพัง,Sa Phang,76140
760203,7602,76,บางเค็ม,Bang Khem,76140
760204,7602,76,ทับคาง,Thap Khang,76140
760205,7602,76,หนองปลาไหล,Nong Pla Lai,76140
760206,7602,76,หนองปรง,Nong Prong,76140
760207,7602,76,หนองชุมพล,Nong Chumphon,76140
760208,7602,76,ห้วยโรง,Huai Rong,76140
760209,7602,76,ห้วยท่าช้าง,Huai Tha Chang,76140
760210,7602,76,หนองชุมพลเหนือ,Nong Chumphon Nuea,76140
760301,7603,76,หนองหญ้าปล้อง,Nong Ya Plong,76160
760302,7603,76,ยางน้ำกลัดเหนือ,Yang Nam Klat Nuea,76160
760303,7603,76,ยางน้ำกลัดใต้,Yang Nam Klat Tai,76160
760304,7603,76,ท่าตะคร้อ,Tha Takhro,76160
760401,7604,76,ชะอำ,Cha-Am,76120
760402,7604,76,บางเก่า,Bang Kao,76120
760403,7604,76,นายาง,Na Yang,76120
760404,7604,76,เขาใหญ่,Khao Yai,76120
760405,7604,76,หนองศาลา,Nong Sala,76120
760406,7604,76,ห้วยทรายเหนือ,Huai Sai Nuea,76120
760407,7604,76,ไร่ใหม่พัฒนา,Rai Mai Phatthana,76120
760408,7604,76,สามพระยา,Sam Phraya,76120
760409,7604,76,ดอนขุนห้วย,Don Khun Huai,76120
760501,7605,76,ท่ายาง,Tha Yang,76130
760502,7605,76,ท่าคอย,Tha Khoi,76130
760503,7605,76,ยางหย่อง,Yang Yong,76130
760504,7605,76,หนองจอก,Nong Chok,76130
760505,7605,76,มาบปลาเค้า,Map Pla Khao,76130
760506,7605,76,ท่าไม้รวก,Tha Mai Ruak,76130
760507,7605,76,วังไคร้,Wang Khrai,76130
760511,7605,76,กลัดหลวง,Klat Luang,76130
760512,7605,76,ปึกเตียน,Puek Tian,76130
760513,7605,76,เขากระปุก,Khao Krapuk,76130
760514,7605,76,ท่าแลง,Tha Laeng,76130
760515,7605,76,บ้านในดง,Ban Nai Dong,76130
760601,7606,76,บ้านลาด,Ban Lat,76150
760602,7606,76,บ้านหาด,Ban Hat,76150
760603,7606,76,บ้านทาน,Ban Than,76150
760604,7606,76,ตำหรุ,Tamru,76150
760605,7606,76,สมอพลือ,Samo Phlue,76150
760606,7606,76,ไร่มะขาม,Rai Makham,76150
760607,7606,76,ท่าเสน,Tha Sen,76150
760608,7606,76,หนองกระเจ็ด,Nong Krachet,76150
760609,7606,76,หนองกะปุ,Nong Kapu,76150
760610,7606,76,ลาดโพธิ์,Lat Pho,76150
760611,7606,76,สะพานไกร,Saphan Krai,76150
760612,7606,76,ไร่โคก,Rai Khok,76150
760613,7606,76,โรงเข้,Rong Khe,76150
760614,7606,76,ไร่สะท้อน,Rai Sathon,76150
760615,7606,76,ห้วยข้อง,Huai Khong,76150
760616,7606,76,ท่าช้าง,Tha Chang,76150
760617,7606,76,ถ้ำรงค์,Tham Rong,76150
760618,7606,76,ห้วยลึก,Huai Luek,76150
760701,7607,76,บ้านแหลม,Ban Laem,76110
760702,7607,76,บางขุนไทร,Bang Khun Sai,76110
760703,7607,76,ปากทะเล,Pak Thale,76110
760704,7607,76,บางแก้ว,Bang Kaeo,76110
760705,7607,76,แหลมผักเบี้ย,Laem Phak Bia,76100
760706,7607,76,บางตะบูน,Bang Tabun,76110
760707,7607,76,บางตะบูนออก,Bang Tabun Ok,76110
760708,7607,76,บางครก,Bang Khrok,76110
760709,7607,76,ท่าแร้ง,Tha Raeng,76110
760710,7607,76,ท่าแร้งออก,Tha Raeng Ok,76110
760801,7608,76,แก่งกระจาน,Kaeng Krachan,76170
760802,7608,76,สองพี่น้อง,Song Phi Nong,76170
760803,7608,76,วังจันทร์,Wang Chan,76170
760804,7608,76,ป่าเด็ง,Pa Deng,76170
760805,7608,76,พุสวรรค์,Phu Sawan,76170
760806,7608,76,ห้วยแม่เพรียง,Huai Mae Phriang,76170
770101,7701,77,ประจวบคีรีขันธ์,Prachuap Khiri Khan,77000
770102,7701,77,เกาะหลัก,Ko Lak,77000
770103,7701,77,คลองวาฬ,Khlong Wan,77000
770104,7701,77,ห้วยทราย,Huai Sai,77000
770105,7701,77,อ่าวน้อย,Ao Noi,77000
770106,7701,77,บ่อนอก,Bo Nok,77210
770201,7702,77,กุยบุรี,Kui Buri,77150
770202,7702,77,กุยเหนือ,Kui Nuea,77150
770203,7702,77,เขาแดง,Khao Daeng,77150
770204,7702,77,ดอนยายหนู,Don Yai Nu,77150
770206,7702,77,สามกระทาย,Sam Krathai,77150
770207,7702,77,หาดขาม,Hat Kham,77150
770301,7703,77,ทับสะแก,Thap Sakae,77130
770302,7703,77,อ่างทอง,Ang Thong,77130
770303,7703,77,นาหูกวาง,Na Hu Kwang,77130
770304,7703,77,เขาล้าน,Khao Lan,77130
770305,7703,77,ห้วยยาง,Huai Yang,77130
770306,7703,77,แสงอรุณ,Saeng Arun,77130
770401,7704,77,กำเนิดนพคุณ,Kamnoet Nopphakhun,77140
770402,7704,77,พงศ์ประศาสน์,Phong Prasat,77140
770403,7704,77,ร่อนทอง,Ron Thong,77230
770404,7704,77,ธงชัย,Thong Chai,77190
770405,7704,77,ชัยเกษม,Chai Kasem,77190
770406,7704,77,ทองมงคล,Thong Mongkhon,77230
770407,7704,77,แม่รำพึง,Mae Ramphueng,77140
770501,7705,77,ปากแพรก,Pak Phraek,77170
770502,7705,77,บางสะพาน,Bang Saphan,77170
770503,7705,77,ทรายทอง,Sai Thong,77170
770504,7705,77,ช้างแรก,Chang Raek,77170
770505,7705,77,ไชยราช,Chaiyarat,77170
770601,7706,77,ปราณบุรี,Pran Buri,77120
770602,7706,77,เขาน้อย,Khao Noi,77120
770604,7706,77,ปากน้ำปราณ,Pak Nam Pran,77220
770607,7706,77,หนองตาแต้ม,Nong Ta Taem,77120
770608,7706,77,วังก์พง,Wang Phong,77120
770609,7706,77,เขาจ้าว,Khao Chao,77120
770701,7707,77,หัวหิน,Hua Hin,77110
770702,7707,77,หนองแก,Nong Kae,77110
770703,7707,77,หินเหล็กไฟ,Hin Lek Fai,77110
770704,7707,77,หนองพลับ,Nong Phlap,77110
770705,7707,77,ทับใต้,Thap Tai,77110
770706,7707,77,ห้วยสัตว์ใหญ่,Huai Sat Yai,77110
770707,7707,77,บึงนคร,Bueng Nakhon,77110
770801,7708,77,สามร้อยยอด,Sam Roi Yot,77120
770802,7708,77,ศิลาลอย,Sila Loi,77180
770803,7708,77,ไร่เก่า,Rai Kao,77180
770804,7708,77,ศาลาลัย,Sala Lai,77180
770805,7708,77,ไร่ใหม่,Rai Mai,77180
800101,8001,80,ในเมือง,Nai Mueang,80000
800102,8001,80,ท่าวัง,Tha Wang,80000
800103,8001,80,คลัง,Khlang,80000
800106,8001,80,ท่าไร่,Tha Rai,80000
800107,8001,80,ปากนคร,Pak Nakhon,80000
800108,8001,80,นาทราย,Na Sai,80280
800112,8001,80,กำแพงเซา,Kamphaeng Sao,80280
800113,8001,80,ไชยมนตรี,Chai Montri,80000
800114,8001,80,มะม่วงสองต้น,Mamuang Song Ton,80000
800115,8001,80,นาเคียน,Na Khian,80000
800116,8001,80,ท่างิ้ว,Tha Ngio,80280
800118,8001,80,โพธิ์เสด็จ,Pho Sadet,80000
800119,8001,80,บางจาก,Bang Chak,80330
800120,8001,80,ปากพูน,Pak Phun,80000
800121,8001,80,ท่าซัก,Tha Sak,80000
800122,8001,80,ท่าเรือ,Tha Ruea,80290
800201,8002,80,พรหมโลก,Phrom Lok,80320
800202,8002,80,บ้านเกาะ,Ban Ko,80320
800203,8002,80,อินคีรี,In Khiri,80320
800204,8002,80,ทอนหงส์,Thon Hong,80320
800205,8002,80,นาเรียง,Na Riang,80320
800301,8003,80,เขาแก้ว,Khao Kaeo,80230
800302,8003,80,ลานสกา,Lan Saka,80230
800303,8003,80,ท่าดี,Tha Di,80230
800304,8003,80,กำโลน,Kamlon,80230
800305,8003,80,ขุนทะเล,Khun Thale,80230
800401,8004,80,ฉวาง,Chawang,80150
800403,8004,80,ละอาย,La-Ai,80250
800404,8004,80,นาแว,Na Wae,80260
800405,8004,80,ไม้เรียง,Mai Riang,80150
800406,8004,80,กะเปียด,Kapiat,80260
800407,8004,80,นากะชะ,Na Kacha,80150
800409,8004,80,ห้วยปริก,Huai Prik,80260
800410,8004,80,ไสหร้า,Sai Ra,80150
800415,8004,80,นาเขลียง,Na Khliang,80260
800416,8004,80,จันดี,Chan Di,80250
800501,8005,80,พิปูน,Phipun,80270
800502,8005,80,กะทูน,Kathun,80270
800503,8005,80,เขาพระ,Khao Phra,80270
800504,8005,80,ยางค้อม,Yang Khom,80270
800505,8005,80,ควนกลาง,Khuan Klang,80270
800601,8006,80,เชียรใหญ่,Chian Yai,80190
800603,8006,80,ท่าขนาน,Tha Khanan,80190
800604,8006,80,บ้านกลาง,Ban Klang,80190
800605,8006,80,บ้านเนิน,Ban Noen,80190
800606,8006,80,ไสหมาก,Sai Mak,80190
800607,8006,80,ท้องลำเจียก,Thong Lamchiak,80190
800610,8006,80,เสือหึง,Suea Hueng,80190
800611,8006,80,การะเกด,Karaket,80190
800612,8006,80,เขาพระบาท,Khao Phrabat,80190
800613,8006,80,แม่เจ้าอยู่หัว,Mae Chao Yu Hua,80190
800701,8007,80,ชะอวด,Cha-Uat,80180
800702,8007,80,ท่าเสม็ด,Tha Samet,80180
800703,8007,80,ท่าประจะ,Tha Pracha,80180
800704,8007,80,เคร็ง,Khreng,80180
800705,8007,80,วังอ่าง,Wang Ang,80180
800706,8007,80,บ้านตูล,Ban Tun,80180
800707,8007,80,ขอนหาด,Khon Hat,80180
800708,8007,80,เกาะขันธ์,Ko Khan,80180
800709,8007,80,ควนหนองหงษ์,Khuan Nong Hong,80180
800710,8007,80,เขาพระทอง,Khao Phra Thong,80180
800711,8007,80,นางหลง,Nang Long,80180
800801,8008,80,ท่าศาลา,Tha Sala,80160
800802,8008,80,กลาย,Klai,80160
800803,8008,80,ท่าขึ้น,Tha Khuen,80160
800804,8008,80,หัวตะพาน,Hua Taphan,80160
800806,8008,80,สระแก้ว,Sa Kaeo,80160
800807,8008,80,โมคลาน,Mo Khlan,80160
800809,8008,80,ไทยบุรี,Thai Buri,80160
800810,8008,80,ดอนตะโก,Don Tako,80160
800811,8008,80,ตลิ่งชัน,Taling Chan,80160
800813,8008,80,โพธิ์ทอง,Pho Thong,80160
800901,8009,80,ปากแพรก,Pak Phraek,80110
800902,8009,80,ชะมาย,Chamai,80110
800903,8009,80,หนองหงส์,Nong Hong,80110
800904,8009,80,ควนกรด,Khuan Krot,80110
800905,8009,80,นาไม้ไผ่,Na Mai Phai,80110
800906,8009,80,นาหลวงเสน,Na Luang Sen,80110
800907,8009,80,เขาโร,Khao Ro,80110
800908,8009,80,กะปาง,Kapang,80310
800909,8009,80,ที่วัง,Thi Wang,80110
800910,8009,80,น้ำตก,Namtok,80110
800911,8009,80,ถ้ำใหญ่,Tham Yai,80110
800912,8009,80,นาโพธิ์,Na Pho,80110
800913,8009,80,เขาขาว,Khao Khao,80110
801001,8010,80,นาบอน,Na Bon,80220
801002,8010,80,ทุ่งสง,Thung Song,80220
801003,8010,80,แก้วแสน,Kaeo Saen,80220
801101,8011,80,ท่ายาง,Tha Yang,80240
801102,8011,80,ทุ่งสัง,Thung Sang,80240
801103,8011,80,ทุ่งใหญ่,Thung Yai,80240
801104,8011,80,กุแหระ,Kurae,80240
801105,8011,80,ปริก,Prik,80240
801106,8011,80,บางรูป,Bang Rup,80240
801107,8011,80,กรุงหยัน,Krung Yan,80240
801201,8012,80,ปากพนัง,Pak Phanang,80140
801202,8012,80,คลองน้อย,Khlong Noi,80330
801203,8012,80,ป่าระกำ,Pa Rakam,80140
801204,8012,80,ชะเมา,Chamao,80330
801205,8012,80,คลองกระบือ,Khlong Krabue,80140
801206,8012,80,เกาะทวด,Ko Thuat,80330
801207,8012,80,บ้านใหม่,Ban Mai,80140
801208,8012,80,หูล่อง,Hu Long,80140
801209,8012,80,แหลมตะลุมพุก,Laem Talumphuk,80140
801210,8012,80,ปากพนังฝั่งตะวันตก,Pak Phanang Fang Tawan Tok,80140
801211,8012,80,บางศาลา,Bang Sala,80140
801212,8012,80,บางพระ,Bang Phra,80140
801213,8012,80,บางตะพง,Bang Taphong,80140
801214,8012,80,ปากพนังฝั่งตะวันออก,Pak Phanang Fang Tawan Ok,80140
801215,8012,80,บ้านเพิง,Ban Phoeng,80140
801216,8012,80,ท่าพยา,Tha Phaya,80140
801217,8012,80,ปากแพรก,Pak Phraek,80140
801218,8012,80,ขนาบนาก,Khanap Nak,80140
801301,8013,80,ร่อนพิบูลย์,Ron Phibun,80130
801302,8013,80,หินตก,Hin Tok,80350
801303,8013,80,เสาธง,Sao Thong,80350
801304,8013,80,ควนเกย,Khuan Koei,80130
801305,8013,80,ควนพัง,Khuan Phang,80130
801306,8013,80,ควนชุม,Khuan Chum,80130
801401,8014,80,สิชล,Sichon,80120
801402,8014,80,ทุ่งปรัง,Thung Prang,80120
801403,8014,80,ฉลอง,Chalong,80120
801404,8014,80,เสาเภา,Sao Phao,80340
801405,8014,80,เปลี่ยน,Plian,80120
801406,8014,80,สี่ขีด,Si Khit,80120
801407,8014,80,เทพราช,Theppharat,80340
801408,8014,80,เขาน้อย,Khao Noi,80120
801409,8014,80,ทุ่งใส,Thung Sai,80120
801501,8015,80,ขนอม,Khanom,80210
801502,8015,80,ควนทอง,Khuan Thong,80210
801503,8015,80,ท้องเนียน,Thong Nian,80210
801601,8016,80,หัวไทร,Hua Sai,80170
801602,8016,80,หน้าสตน,Na Saton,80170
801603,8016,80,ทรายขาว,Sai Khao,80170
801604,8016,80,แหลม,Laem,80170
801605,8016,80,เขาพังไกร,Khao Phang Krai,80170
801606,8016,80,บ้านราม,Ban Ram,80170
801607,8016,80,บางนบ,Bang Nop,80170
801608,8016,80,ท่าซอม,Tha Som,80170
801609,8016,80,ควนชะลิก,Khuan Chalik,80170
801610,8016,80,รามแก้ว,Ram Kaeo,80170
801611,8016,80,เกาะเพชร,Ko Phet,80170
801701,8017,80,บางขัน,Bang Khan,80360
801702,8017,80,บ้านลำนาว,Ban Lamnao,80360
801703,8017,80,วังหิน,Wang Hin,80360
801704,8017,80,บ้านนิคม,Ban Nikhom,80360
801801,8018,80,ถ้ำพรรณรา,Tham Phannara,80260
801802,8018,80,คลองเส,Khlong Se,80260
801803,8018,80,ดุสิต,Dusit,80260
801901,8019,80,บ้านควนมุด,Ban Khuan Mut,80180
801902,8019,80,บ้านชะอวด,Ban Cha-Uat,80180
801903,8019,80,ควนหนองคว้า,Khuan Nong Kwa,80130
801904,8019,80,ทุ่งโพธิ์,Thung Pho,80130
801905,8019,80,นาหมอบุญ,Na Mo Bun,80130
801906,8019,80,สามตำบล,Sam Tambon,80130
802001,8020,80,นาพรุ,Na Phru,80000
802002,8020,80,นาสาร,Na San,80000
802003,8020,80,ท้ายสำเภา,Thai Samphao,80000
802004,8020,80,ช้างซ้าย,Chang Sai,80000
802101,8021,80,นบพิตำ,Nopphitam,80160
802102,8021,80,กรุงชิง,Krung Ching,80160
802103,8021,80,กะหรอ,Karo,80160
802104,8021,80,นาเหรง,Na Reng,80160
802201,8022,80,ช้างกลาง,Chang Klang,80250
802202,8022,80,หลักช้าง,Lak Chang,80250
802203,8022,80,สวนขัน,Suan Khan,80250
802301,8023,80,เชียรเขา,Chian Khao,80190
802302,8023,80,ดอนตรอ,Don Tro,80290
802303,8023,80,สวนหลวง,Suan Luang,80190
802304,8023,80,ทางพูน,Thang Phun,80190
810101,8101,81,ปากน้ำ,Pak Nam,81000
810102,8101,81,กระบี่ใหญ่,Krabi Yai,81000
810103,8101,81,กระบี่น้อย,Krabi Noi,81000
810105,8101,81,เขาคราม,Khao Khram,81000
810106,8101,81,เขาทอง,Khao Thong,81000
810111,8101,81,ทับปริก,Thap Prik,81000
810115,8101,81,ไสไทย,Sai Thai,81000
810116,8101,81,อ่าวนาง,Ao Nang,81000
810117,8101,81,หนองทะเล,Nong Thale,81000
810118,8101,81,คลองประสงค์,Khlong Prasong,81000
810201,8102,81,เขาพนม,Khao Phanom,81140
810202,8102,81,เขาดิน,Khao Din,81140
810203,8102,81,สินปุน,Sin Pun,80240
810204,8102,81,พรุเตียว,Phru Tiao,81140
810205,8102,81,หน้าเขา,Na Khao,81140
810206,8102,81,โคกหาร,Khok Han,80240
810301,8103,81,เกาะลันตาใหญ่,Ko Lanta Yai,81150
810302,8103,81,เกาะลันตาน้อย,Ko Lanta Noi,81150
810303,8103,81,เกาะกลาง,Ko Klang,81120
810304,8103,81,คลองยาง,Khlong Yang,81120
810305,8103,81,ศาลาด่าน,Sala Dan,81150
810401,8104,81,คลองท่อมใต้,Khlong Thom Tai,81120
810402,8104,81,คลองท่อมเหนือ,Khlong Thom Nuea,81120
810403,8104,81,คลองพน,Khlong Phon,81170
810404,8104,81,ทรายขาว,Sai Khao,81170
810405,8104,81,ห้วยน้ำขาว,Huai Nam Khao,81120
810406,8104,81,พรุดินนา,Phru Din Na,81120
810407,8104,81,เพหลา,Phela,81120
810501,8105,81,อ่าวลึกใต้,Ao Luek Tai,81110
810502,8105,81,แหลมสัก,Laem Sak,81110
810503,8105,81,นาเหนือ,Na Nuea,81110
810504,8105,81,คลองหิน,Khlong Hin,81110
810505,8105,81,อ่าวลึกน้อย,Ao Luek Noi,81110
810506,8105,81,อ่าวลึกเหนือ,Ao Luek Nuea,81110
810507,8105,81,เขาใหญ่,Khao Yai,81110
810508,8105,81,คลองยา,Khlong Ya,81110
810509,8105,81,บ้านกลาง,Ban Klang,81110
810601,8106,81,ปลายพระยา,Plai Phraya,81160
810602,8106,81,เขาเขน,Khao Khen,81160
810603,8106,81,เขาต่อ,Khao To,81160
810604,8106,81,คีรีวง,Khiri Wong,81160
810701,8107,81,ลำทับ,Lam Thap,81120
810702,8107,81,ดินอุดม,Din Udom,81120
810703,8107,81,ทุ่งไทรทอง,Thung Sai Thong,81120
810704,8107,81,ดินแดง,Din Daeng,81120
810801,8108,81,เหนือคลอง,Nuea Khlong,81130
810802,8108,81,เกาะศรีบอยา,Ko Si Boya,81130
810803,8108,81,คลองขนาน,Khlong Khanan,81130
810804,8108,81,คลองเขม้า,Khlong Khamao,81130
810805,8108,81,โคกยาง,Khok Yang,81130
810806,8108,81,ตลิ่งชัน,Taling Chan,81130
810807,8108,81,ปกาสัย,Pakasai,81130
810808,8108,81,ห้วยยูง,Huai Yung,81130
820101,8201,82,ท้ายช้าง,Thai Chang,82000
820102,8201,82,นบปริง,Nop Pring,82000
820103,8201,82,ถ้ำน้ำผุด,Tham Nam Phut,82000
820104,8201,82,บางเตย,Bang Toei,82000
820105,8201,82,ตากแดด,Tak Daet,82000
820106,8201,82,สองแพรก,Song Phraek,82000
820107,8201,82,ทุ่งคาโงก,Thung Kha Ngok,82000
820108,8201,82,เกาะปันหยี,Ko Panyi,82000
820109,8201,82,ป่ากอ,Pa Ko,82000
820201,8202,82,เกาะยาวน้อย,Ko Yao Noi,82160
820202,8202,82,เกาะยาวใหญ่,Ko Yao Yai,82160
820203,8202,82,พรุใน,Phru Nai,83000
820301,8203,82,กะปง,Kapong,82170
820302,8203,82,ท่านา,Tha Na,82170
820303,8203,82,เหมาะ,Mo,82170
820304,8203,82,เหล,Le,82170
820305,8203,82,รมณีย์,Rommani,82170
820401,8204,82,ถ้ำ,Tham,82130
820402,8204,82,กระโสม,Krasom,82130
820403,8204,82,กะไหล,Kalai,82130
820404,8204,82,ท่าอยู่,Tha Yu,82130
820405,8204,82,หล่อยูง,Lo Yung,82140
820406,8204,82,โคกกลอย,Khok Kloi,82140
820407,8204,82,คลองเคียน,Khlong Khian,82130
820501,8205,82,ตะกั่วป่า,Takua Pa,82110
820502,8205,82,บางนายสี,Bang Nai Si,82110
820503,8205,82,บางไทร,Bang Sai,82110
820504,8205,82,บางม่วง,Bang Muang,82110
820505,8205,82,ตำตัว,Tamtua,82110
820506,8205,82,โคกเคียน,Khok Khian,82110
820507,8205,82,คึกคัก,Khuek Khak,82190
820508,8205,82,เกาะคอเขา,Ko Kho Khao,82190
820601,8206,82,คุระ,Khu Ra,82150
820602,8206,82,บางวัน,Bang Wan,82150
820603,8206,82,เกาะพระทอง,Ko Phra Thong,82150
820605,8206,82,แม่นางขาว,Mae Nang Khao,82150
820701,8207,82,ทับปุด,Thap Put,82180
820702,8207,82,มะรุ่ย,Marui,82180
820703,8207,82,บ่อแสน,Bo Saen,82180
820704,8207,82,ถ้ำทองหลาง,Tham Thong Lang,82180
820705,8207,82,โคกเจริญ,Khok Charoen,82180
820706,8207,82,บางเหรียง,Bang Riang,82180
820801,8208,82,ท้ายเหมือง,Thai Mueang,82120
820802,8208,82,นาเตย,Na Toei,82120
820803,8208,82,บางทอง,Bang Thong,82120
820804,8208,82,ทุ่งมะพร้าว,Thung Maphrao,82120
820805,8208,82,ลำภี,Lam Phi,82120
820806,8208,82,ลำแก่น,Lam Kaen,82120
830101,8301,83,ตลาดใหญ่,Talat Yai,83000
830102,8301,83,ตลาดเหนือ,Talat Nuea,83000
830103,8301,83,เกาะแก้ว,Ko Kaeo,83000
830104,8301,83,รัษฎา,Ratsada,83000
830105,8301,83,วิชิต,Wichit,83000
830106,8301,83,ฉลอง,Chalong,83130
830107,8301,83,ราไวย์,Rawai,83130
830108,8301,83,กะรน,Karon,83100
830201,8302,83,กะทู้,Kathu,83120
830202,8302,83,ป่าตอง,Patong,83150
830203,8302,83,กมลา,Kamala,83150
830301,8303,83,เทพกระษัตรี,Thep Krasattri,83110
830302,8303,83,ศรีสุนทร,Si Sunthon,83110
830303,8303,83,เชิงทะเล,Choeng Thale,83110
830304,8303,83,ป่าคลอก,Pa Khlok,83110
830305,8303,83,ไม้ขาว,Mai Khao,83110
830306,8303,83,สาคู,Sakhu,83110
840101,8401,84,ตลาด,Talat,84000
840102,8401,84,มะขามเตี้ย,Makham Tia,84000
840103,8401,84,วัดประดู่,Wat Pradu,84000
840104,8401,84,ขุนทะเล,Khun Thale,84100
840105,8401,84,บางใบไม้,Bang Bai Mai,84000
840106,8401,84,บางชนะ,Bang Chana,84000
840107,8401,84,คลองน้อย,Khlong Noi,84000
840108,8401,84,บางไทร,Bang Sai,84000
840109,8401,84,บางโพธิ์,Bang Pho,84000
840110,8401,84,บางกุ้ง,Bang Kung,84000
840111,8401,84,คลองฉนาก,Khlong Chanak,84000
840201,8402,84,ท่าทองใหม่,Tha Thong Mai,84290
840202,8402,84,ท่าทอง,Tha Thong,84160
840203,8402,84,กะแดะ,Kadae,84160
840204,8402,84,ทุ่งกง,Thung Kong,84290
840205,8402,84,กรูด,Krut,84160
840206,8402,84,ช้างซ้าย,Chang Sai,84160
840207,8402,84,พลายวาส,Phlai Wat,84160
840208,8402,84,ป่าร่อน,Pa Ron,84160
840209,8402,84,ตะเคียนทอง,Takhian Thong,84160
840210,8402,84,ช้างขวา,Chang Khwa,84160
840211,8402,84,ท่าอุแท,Tha Uthae,84160
840212,8402,84,ทุ่งรัง,Thung Rang,84290
840213,8402,84,คลองสระ,Khlong Sa,84160
840301,8403,84,ดอนสัก,Don Sak,84220
840302,8403,84,ชลคราม,Chon Khram,84160
840303,8403,84,ไชยคราม,Chai Khram,84220
840304,8403,84,ปากแพรก,Pak Phraek,84340
840401,8404,84,อ่างทอง,Ang Thong,84140
840402,8404,84,ลิปะน้อย,Lipa Noi,84140
840403,8404,84,ตลิ่งงาม,Taling Ngam,84140
840404,8404,84,หน้าเมือง,Na Mueang,84140
840405,8404,84,มะเร็ต,Maret,84310
840406,8404,84,บ่อผุด,Bo Phut,84320
840407,8404,84,แม่น้ำ,Maenam,84330
840501,8405,84,เกาะพะงัน,Ko Pha-Ngan,84280
840502,8405,84,บ้านใต้,Ban Tai,84280
840503,8405,84,เกาะเต่า,Ko Tao,84280
840601,8406,84,ตลาดไชยา,Talat Chaiya,84110
840602,8406,84,พุมเรียง,Phum Riang,84110
840603,8406,84,เลม็ด,Samet,84110
840604,8406,84,เวียง,Wiang,84110
840605,8406,84,ทุ่ง,Thung,84110
840606,8406,84,ป่าเว,Pa We,84110
840607,8406,84,ตะกรบ,Takrop,84110
840608,8406,84,โมถ่าย,Mo Thai,84110
840609,8406,84,ปากหมาก,Pak Mak,84110
840701,8407,84,ท่าชนะ,Tha Chana,84170
840702,8407,84,สมอทอง,Samo Thong,84170
840703,8407,84,ประสงค์,Prasong,84170
840704,8407,84,คันธุลี,Khan Thuli,84170
840705,8407,84,วัง,Wang,84170
840706,8407,84,คลองพา,Khlong Pha,84170
840801,8408,84,ท่าขนอน,Tha Khanon,84180
840802,8408,84,บ้านยาง,Ban Yang,84180
840803,8408,84,น้ำหัก,Nam Hak,84180
840806,8408,84,กะเปา,Kapao,84180
840807,8408,84,ท่ากระดาน,Tha Kradan,84180
840808,8408,84,ย่านยาว,Yan Yao,84180
840809,8408,84,ถ้ำสิงขร,Tham Singkhon,84180
840810,8408,84,บ้านทำเนียบ,Ban Thamniap,84180
840901,8409,84,เขาวง,Khao Wong,84230
840902,8409,84,พะแสง,Phasaeng,84230
840903,8409,84,พรุไทย,Phru Thai,84230
840904,8409,84,เขาพัง,Khao Phang,84230
841001,8410,84,พนม,Phanom,84250
841002,8410,84,ต้นยวน,Ton Yuan,84250
841003,8410,84,คลองศก,Khlong Sok,84250
841004,8410,84,พลูเถื่อน,Phlu Thuean,84250
841005,8410,84,พังกาญจน์,Phang Kan,84250
841006,8410,84,คลองชะอุ่น,Khlong Cha-Un,84250
841101,8411,84,ท่าฉาง,Tha Chang,84150
841102,8411,84,ท่าเคย,Tha Khoei,84150
841103,8411,84,คลองไทร,Khlong Sai,84150
841104,8411,84,เขาถ่าน,Khao Than,84150
841105,8411,84,เสวียด,Sawiat,84150
841106,8411,84,ปากฉลุย,Pak Chalui,84150
841201,8412,84,นาสาร,Na San ,84120
841202,8412,84,พรุพี,Phru Phi,84270
841203,8412,84,ทุ่งเตา,Thung Tao,84120
841204,8412,84,ลำพูน,Lamphun,84120
841205,8412,84,ท่าชี,Tha Chi,84120
841206,8412,84,ควนศรี,Khuan Si,84270
841207,8412,84,ควนสุบรรณ,Khuan Suban,84120
841208,8412,84,คลองปราบ,Khlong Prap,84120
841209,8412,84,น้ำพุ,Namphu,84120
841210,8412,84,ทุ่งเตาใหม่,Thung Tao Mai,84120
841211,8412,84,เพิ่มพูนทรัพย์,Phoem Phun Sap,84120
841301,8413,84,บ้านนา,Ban Na,84240
841302,8413,84,ท่าเรือ,Tha Ruea,84240
841303,8413,84,ทรัพย์ทวี,Sap Thawi,84240
841304,8413,84,นาใต้,Na Tai,84240
841401,8414,84,เคียนซา,Khian Sa,84260
841402,8414,84,พ่วงพรมคร,Phuang Phromkhon,84210
841403,8414,84,เขาตอก,Khao Tok,84260
841404,8414,84,อรัญคามวารี,Aran Kham Wari,84260
841405,8414,84,บ้านเสด็จ,Ban Sadet,84260
841501,8415,84,เวียงสระ,Wiang Sa,84190
841502,8415,84,บ้านส้อง,Ban Song,84190
841503,8415,84,คลองฉนวน,Khlong Chanuan,84190
841504,8415,84,ทุ่งหลวง,Thung Luang,84190
841505,8415,84,เขานิพันธ์,Khao Niphan,84190
841601,8416,84,อิปัน,I Pan,84210
841602,8416,84,สินปุน,Sin Pun,84210
841603,8416,84,บางสวรรค์,Bang Sawan,84210
841604,8416,84,ไทรขึง,Sai Khueng,84210
841605,8416,84,สินเจริญ,Sin Charoen,84210
841606,8416,84,ไทรโสภา,Sai Sopha,84210
841607,8416,84,สาคู,Sakhu,84210
841701,8417,84,ท่าข้าม,Tha Kham,84130
841702,8417,84,ท่าสะท้อน,Tha Sathon,84130
841703,8417,84,ลีเล็ด,Li Let,84130
841704,8417,84,บางมะเดื่อ,Bang Maduea,84130
841705,8417,84,บางเดือน,Bang Duean,84130
841706,8417,84,ท่าโรงช้าง,Tha Rong Chang,84130
841707,8417,84,กรูด,Krut,84130
841708,8417,84,พุนพิน,Phunphin,84130
841709,8417,84,บางงอน,Bang Ngon,84130
841710,8417,84,ศรีวิชัย,Si Wichai,84130
841711,8417,84,น้ำรอบ,Nam Rop,84130
841712,8417,84,มะลวน,Maluan,84130
841713,8417,84,หัวเตย,Hua Toei,84130
841714,8417,84,หนองไทร,Nong Sai,84130
841715,8417,84,เขาหัวควาย,Khao Hua Khwai,84130
841716,8417,84,ตะปาน,Tapan,84130
841801,8418,84,สองแพรก,Song Phraek,84350
841802,8418,84,ชัยบุรี,Chai Buri,84350
841803,8418,84,คลองน้อย,Khlong Noi,84350
841804,8418,84,ไทรทอง,Sai Thong,84350
841901,8419,84,ตะกุกใต้,Takuk Tai,84180
841902,8419,84,ตะกุกเหนือ,Takuk Nuea,84180
850101,8501,85,เขานิเวศน์,Khao Niwet,85000
850102,8501,85,ราชกรูด,Ratchakrut,85000
850103,8501,85,หงาว,Ngao,85000
850104,8501,85,บางริ้น,Bang Rin,85000
850105,8501,85,ปากน้ำ,Pak Nam,85000
850106,8501,85,บางนอน,Bang Non,85000
850107,8501,85,หาดส้มแป้น,Hat Som Paen,85000
850108,8501,85,ทรายแดง,Sai Daeng,85130
850109,8501,85,เกาะพยาม,Ko Phayam,85000
850201,8502,85,ละอุ่นใต้,La-Un Tai,85130
850202,8502,85,ละอุ่นเหนือ,La-Un Nuea,85130
850203,8502,85,บางพระใต้,Bang Phra Tai,85130
850204,8502,85,บางพระเหนือ,Bang Phra Nuea,85130
850205,8502,85,บางแก้ว,Bang Kaeo,85130
850206,8502,85,ในวงเหนือ,Nai Wong Nuea,85130
850207,8502,85,ในวงใต้,Nai Wong Tai,85130
850301,8503,85,ม่วงกลวง,Muang Kluang,85120
850302,8503,85,กะเปอร์,Kapoe,85120
850303,8503,85,เชี่ยวเหลียง,Chiao Liang,85120
850304,8503,85,บ้านนา,Ban Na,85120
850305,8503,85,บางหิน,Bang Hin,85120
850401,8504,85,น้ำจืด,Nam Chuet,85110
850402,8504,85,น้ำจืดน้อย,Nam Chuet Noi,85110
850403,8504,85,มะมุ,Mamu,85110
850404,8504,85,ปากจั่น,Pak Chan,85110
850405,8504,85,ลำเลียง,Lamliang,85110
850406,8504,85,จ.ป.ร.,Cho Po Ro,85110
850407,8504,85,บางใหญ่,Bang Yai,85110
850501,8505,85,นาคา,Nakha,85120
850502,8505,85,กำพวน,Kamphuan,85120
860101,8601,86,ท่าตะเภา,Tha Taphao,86000
860102,8601,86,ปากน้ำ,Pak Nam,86120
860103,8601,86,ท่ายาง,Tha Yang,86000
860104,8601,86,บางหมาก,Bang Mak,86000
860105,8601,86,นาทุ่ง,Na Thung,86000
860106,8601,86,นาชะอัง,Na Cha-Ang,86000
860107,8601,86,ตากแดด,Tak Daet,86000
860108,8601,86,บางลึก,Bang Luek,86000
860109,8601,86,หาดพันไกร,Hat Phan Krai,86000
860110,8601,86,วังไผ่,Wang Phai,86000
860111,8601,86,วังใหม่,Wang Mai,86190
860112,8601,86,บ้านนา,Ban Na,86190
860113,8601,86,ขุนกระทิง,Khun Krathing,86000
860114,8601,86,ทุ่งคา,Thung Kha,86100
860115,8601,86,วิสัยเหนือ,Wisai Nuea,86100
860116,8601,86,หาดทรายรี,Hat Sai Ri,86120
860117,8601,86,ถ้ำสิงห์,Tham Sing,86100
860201,8602,86,ท่าแซะ,Tha Sae,86140
860202,8602,86,คุริง,Khu Ring,86140
860203,8602,86,สลุย,Salui,86140
860204,8602,86,นากระตาม,Na Kratam,86140
860205,8602,86,รับร่อ,Rap Ro,86190
860206,8602,86,ท่าข้าม,Tha Kham,86140
860207,8602,86,หงษ์เจริญ,Hong Charoen,86140
860208,8602,86,หินแก้ว,Hin Kaeo,86190
860209,8602,86,ทรัพย์อนันต์,Sap Anan,86140
860210,8602,86,สองพี่น้อง,Song Phi Nong,86140
860301,8603,86,บางสน,Bang Son,86160
860302,8603,86,ทะเลทรัพย์,Thale Sap,86160
860303,8603,86,สะพลี,Saphli,86230
860304,8603,86,ชุมโค,Chum Kho,86160
860305,8603,86,ดอนยาง,Don Yang,86210
860306,8603,86,ปากคลอง,Pak Khlong,86210
860307,8603,86,เขาไชยราช,Khao Chaiyarat,86210
860401,8604,86,หลังสวน,Lang Suan,86110
860402,8604,86,ขันเงิน,Khan Ngoen,86110
860403,8604,86,ท่ามะพลา,Tha Maphla,86110
860404,8604,86,นาขา,Nakha,86110
860405,8604,86,นาพญา,Na Phaya,86110
860406,8604,86,บ้านควน,Ban Khuan,86110
860407,8604,86,บางมะพร้าว,Bang Maphrao,86110
860408,8604,86,บางน้ำจืด,Bang Nam Chuet,86150
860409,8604,86,ปากน้ำ,Pak Nam,86150
860410,8604,86,พ้อแดง,Pho Daeng,86110
860411,8604,86,แหลมทราย,Laem Sai,86110
860412,8604,86,วังตะกอ,Wang Tako,86110
860413,8604,86,หาดยาย,Hat Yai,86110
860501,8605,86,ละแม,Lamae,86170
860502,8605,86,ทุ่งหลวง,Thung Luang,86170
860503,8605,86,สวนแตง,Suan Taeng,86170
860504,8605,86,ทุ่งคาวัด,Thung Kha Wat,86170
860601,8606,86,พะโต๊ะ,Phato,86180
860602,8606,86,ปากทรง,Pak Song,86180
860603,8606,86,ปังหวาน,Pang Wan,86180
860604,8606,86,พระรักษ์,Phrarak,86180
860701,8607,86,นาโพธิ์,Na Pho,86130
860702,8607,86,สวี,Sawi,86130
860703,8607,86,ทุ่งระยะ,Thung Raya,86130
860704,8607,86,ท่าหิน,Tha Hin,86130
860705,8607,86,ปากแพรก,Pak Phraek,86130
860706,8607,86,ด่านสวี,Dan Sawi,86130
860707,8607,86,ครน,Khron,86130
860708,8607,86,วิสัยใต้,Wisai Tai,86130
860709,8607,86,นาสัก,Na Sak,86130
860710,8607,86,เขาทะลุ,Khao Thalu,86130
860711,8607,86,เขาค่าย,Khao Khai,86130
860801,8608,86,ปากตะโก,Pak Tako,86220
860802,8608,86,ทุ่งตะไคร,Thung Takhrai,86220
860803,8608,86,ตะโก,Tako,86220
860804,8608,86,ช่องไม้แก้ว,Chong Mai Kaeo,86220
900101,9001,90,บ่อยาง,Bo Yang,90000
900102,9001,90,เขารูปช้าง,Khao Rupchang,90000
900103,9001,90,เกาะแต้ว,Ko Taeo,90000
900104,9001,90,พะวง,Pha Wong,90100
900105,9001,90,ทุ่งหวัง,Thung Wang,90000
900106,9001,90,เกาะยอ,Ko Yo,90100
900201,9002,90,จะทิ้งพระ,Cha Thing Phra,90190
900202,9002,90,กระดังงา,Kradang Nga,90190
900203,9002,90,สนามชัย,Sanam Chai,90190
900204,9002,90,ดีหลวง,Di Luang,90190
900205,9002,90,ชุมพล,Chum Phon,90190
900206,9002,90,คลองรี,Khlong Re,90190
900207,9002,90,คูขุด,Khu Khut,90190
900208,9002,90,ท่าหิน,Tha Hin,90190
900209,9002,90,วัดจันทร์,Wat Chan,90190
900210,9002,90,บ่อแดง,Bodaeng,90190
900211,9002,90,บ่อดาน,Bodan,90190
900301,9003,90,บ้านนา,Ban Na,90130
900302,9003,90,ป่าชิง,Pa Ching,90130
900303,9003,90,สะพานไม้แก่น,Saphan Mai Kaen,90130
900304,9003,90,สะกอม,Sa Kom,90130
900305,9003,90,นาหว้า,Na Wa,90130
900306,9003,90,นาทับ,Na Thap,90130
900307,9003,90,น้ำขาว,Nam Khao,90130
900308,9003,90,ขุนตัดหวาย,Khun Tat Wai,90130
900309,9003,90,ท่าหมอไทร,Tha Mo Sai,90130
900310,9003,90,จะโหนง,Cha Nong,90130
900311,9003,90,คู,Khu,90130
900312,9003,90,แค,Khae,90130
900313,9003,90,คลองเปียะ,Khlong Pia,90130
900314,9003,90,ตลิ่งชัน,Taling Chan,90130
900401,9004,90,นาทวี,Na Thawi,90160
900402,9004,90,ฉาง,Chang,90160
900403,9004,90,นาหมอศรี,Na Mosri,90160
900404,9004,90,คลองทราย,Khlong Sai,90160
900405,9004,90,ปลักหนู,Plak Nu,90160
900406,9004,90,ท่าประดู่,Tha Pradu,90160
900407,9004,90,สะท้อน,Sathon,90160
900408,9004,90,ทับช้าง,Thap Chang,90160
900409,9004,90,ประกอบ,Prakop,90160
900410,9004,90,คลองกวาง,Khlong Kwang,90160
900501,9005,90,เทพา,Thepha,90150
900502,9005,90,ปากบาง,Pak Bang,90150
900503,9005,90,เกาะสะบ้า,Ko Saba,90150
900504,9005,90,ลำไพล,Lam Phli,90260
900505,9005,90,ท่าม่วง,Tha Muang,90260
900506,9005,90,วังใหญ่,Wang Yai,90260
900507,9005,90,สะกอม,Sa Kom,90150
900601,9006,90,สะบ้าย้อย,Sa Ba Yoi,90210
900602,9006,90,ทุ่งพอ,Thung Pho,90210
900603,9006,90,เปียน,Pian,90210
900604,9006,90,บ้านโหนด,Ban Not,90210
900605,9006,90,จะแหน,Cha Nae,90210
900606,9006,90,คูหา,Khu Ha,90210
900607,9006,90,เขาแดง,Khao Daeng,90210
900608,9006,90,บาโหย,Ba Hoi,90210
900609,9006,90,ธารคีรี,Than Khiri,90210
900701,9007,90,ระโนด,Ra Not,90140
900702,9007,90,คลองแดน,Khlong Daen,90140
900703,9007,90,ตะเครียะ,Takhria,90140
900704,9007,90,ท่าบอน,Tha Bon,90140
900705,9007,90,บ้านใหม่,Ban Mai,90140
900706,9007,90,บ่อตรุ,Botru,90140
900707,9007,90,ปากแตระ,Pak Trae,90140
900708,9007,90,พังยาง,Phang Yang,90140
900709,9007,90,ระวะ,Ra Wa,90140
900710,9007,90,วัดสน,Wat Son,90140
900711,9007,90,บ้านขาว,Ban Khao,90140
900712,9007,90,แดนสงวน,Daen Sa Nguan,90140
900801,9008,90,เกาะใหญ่,Koyai,90270
900802,9008,90,โรง,Rong,90270
900803,9008,90,เชิงแส,Choeng Sae,90270
900804,9008,90,กระแสสินธุ์,Krasae Sin,90270
900901,9009,90,กำแพงเพชร,Kamphaeng Phet,90180
900902,9009,90,ท่าชะมวง,Tha Cha Muang,90180
900903,9009,90,คูหาใต้,Khu Ha Tai,90180
900904,9009,90,ควนรู,Khuan Ru,90180
900909,9009,90,เขาพระ,Khao Phra,90180
901001,9010,90,สะเดา,Sadao,90120
901002,9010,90,ปริก,Prik,90120
901003,9010,90,พังลา,Phang La,90170
901004,9010,90,สำนักแต้ว,Samnak Taeo,90120
901005,9010,90,ทุ่งหมอ,Thung Mo,90240
901006,9010,90,ท่าโพธิ์,Tha Pho,90170
901007,9010,90,ปาดังเบซาร์,Pa Dangbesa,90240
901008,9010,90,สำนักขาม,Samnak Kham,90320
901009,9010,90,เขามีเกียรติ,Khao Mikiat,90170
901101,9011,90,หาดใหญ่,Hat Yai,90110
901102,9011,90,ควนลัง,Khuan Lang,90110
901103,9011,90,คูเต่า,Khu Tao,90110
901104,9011,90,คอหงส์,Kho Hong,90110
901105,9011,90,คลองแห,Khlong Hae,90110
901107,9011,90,คลองอู่ตะเภา,Khlong U Ta Phao,90110
901108,9011,90,ฉลุง,Chalung,90110
901111,9011,90,ทุ่งใหญ่,Thung Yai,90110
901112,9011,90,ทุ่งตำเสา,Thung Tam Sao,90110
901113,9011,90,ท่าข้าม,Tha Kham,90110
901114,9011,90,น้ำน้อย,Nam Noi,90110
901116,9011,90,บ้านพรุ,Ban Phru,90250
901118,9011,90,พะตง,Pha Tong,90230
901201,9012,90,นาหม่อม,Na Mom,90310
901202,9012,90,พิจิตร,Phichit,90310
901203,9012,90,ทุ่งขมิ้น,Thung Khamin,90310
901204,9012,90,คลองหรัง,Khlong Rang,90310
901301,9013,90,รัตภูมิ,Ratta Phum,90220
901302,9013,90,ควนโส,Khuan So,90220
901303,9013,90,ห้วยลึก,Huai Luek,90220
901304,9013,90,บางเหรียง,Bang Riang,90220
901401,9014,90,บางกล่ำ,Bang Klam,90110
901402,9014,90,ท่าช้าง,Tha Chang,90110
901403,9014,90,แม่ทอม,Mae Thom,90110
901404,9014,90,บ้านหาร,Ban Han,90110
901501,9015,90,ชิงโค,Ching Kho,90280
901502,9015,90,สทิงหม้อ,Sathing Mo,90280
901503,9015,90,ทำนบ,Tham Nop,90280
901504,9015,90,รำแดง,Ram Daeng,90330
901505,9015,90,วัดขนุน,Wat Khanun,90330
901506,9015,90,ชะแล้,Chalae,90330
901507,9015,90,ปากรอ,Pak Ro,90330
901508,9015,90,ป่าขาด,Pa Khat,90330
901509,9015,90,หัวเขา,Hua Khao,90280
901510,9015,90,บางเขียด,Bang Khiat,90330
901511,9015,90,ม่วงงาม,Muang Ngam,90330
901601,9016,90,คลองหอยโข่ง,Khlong Hoi Khong,90230
901602,9016,90,ทุ่งลาน,Thung Lan,90230
901603,9016,90,โคกม่วง,Khok Muang,90230
901604,9016,90,คลองหลา,Khlong La,90115
910101,9101,91,พิมาน,Phiman,91000
910102,9101,91,คลองขุด,Khlong Khut,91000
910103,9101,91,ควนขัน,Khuan Khan,91000
910104,9101,91,บ้านควน,Ban Khuan,91140
910105,9101,91,ฉลุง,Chalung,91140
910106,9101,91,เกาะสาหร่าย,Ko Sarai,91000
910107,9101,91,ตันหยงโป,Tanyong Po,91000
910108,9101,91,เจ๊ะบิลัง,Che Bi Lang,91000
910109,9101,91,ตำมะลัง,Tam Malang,91000
910110,9101,91,ปูยู,Puyu,91000
910111,9101,91,ควนโพธิ์,Khuan Pho,91140
910112,9101,91,เกตรี,Ketari,91140
910201,9102,91,ควนโดน,Khuan Don,91160
910202,9102,91,ควนสตอ,Khuan Sato,91160
910203,9102,91,ย่านซื่อ,Yan Sue,91160
910204,9102,91,วังประจัน,Wang Prachan,91160
910301,9103,91,ทุ่งนุ้ย,Thung Nui,91130
910302,9103,91,ควนกาหลง,Khuan Kalong,91130
910303,9103,91,อุใดเจริญ,Udai Charoen,91130
910401,9104,91,ท่าแพ,Tha Phae,91150
910402,9104,91,แป-ระ,Pae-Ra,91150
910403,9104,91,สาคร,Sakhon,91150
910404,9104,91,ท่าเรือ,Tha Ruea,91150
910501,9105,91,กำแพง,Kamphaeng,91110
910502,9105,91,ละงู,La-Ngu,91110
910503,9105,91,เขาขาว,Khao Khao,91110
910504,9105,91,ปากน้ำ,Pak Nam,91110
910505,9105,91,น้ำผุด,Nam Phut,91110
910506,9105,91,แหลมสน,Laem Son,91110
910601,9106,91,ทุ่งหว้า,Thung Wa,91120
910602,9106,91,นาทอน,Na Thon,91120
910603,9106,91,ขอนคลาน,Khon Khlan,91120
910604,9106,91,ทุ่งบุหลัง,Thung Bu Lang,91120
910605,9106,91,ป่าแก่บ่อหิน,Pa Kae Bo Hin,91120
910701,9107,91,ปาล์มพัฒนา,Pam Phatthana,91130
910702,9107,91,นิคมพัฒนา,Nikhom Phatthana,91130
920101,9201,92,ทับเที่ยง,Thap Thiang,92000
920104,9201,92,นาพละ,Na Phala,92000
920105,9201,92,บ้านควน,Ban Khuan,92000
920106,9201,92,นาบินหลา,Na Bin La,92000
920107,9201,92,ควนปริง,Khuan Pring,92000
920108,9201,92,นาโยงใต้,Na Yong Tai,92170
920109,9201,92,บางรัก,Bang Rak,92000
920110,9201,92,โคกหล่อ,Khok Lo,92000
920113,9201,92,นาโต๊ะหมิง,Na To Ming,92000
920114,9201,92,หนองตรุด,Nong Trut,92000
920115,9201,92,น้ำผุด,Nam Phut,92000
920117,9201,92,นาตาล่วง,Na Ta Luang,92000
920118,9201,92,บ้านโพธิ์,Ban Pho,92000
920119,9201,92,นาท่ามเหนือ,Na Tham Nuea,92190
920120,9201,92,นาท่ามใต้,Na Tham Tai,92190
920201,9202,92,กันตัง,Kantang,92110
920202,9202,92,ควนธานี,Khuan Thani,92110
920203,9202,92,บางหมาก,Bang Mak,92110
920204,9202,92,บางเป้า,Bang Pao,92110
920205,9202,92,วังวน,Wang Won,92110
920206,9202,92,กันตังใต้,Kantang Tai,92110
920207,9202,92,โคกยาง,Khok Yang,92110
920208,9202,92,คลองลุ,Khlong Lu,92110
920209,9202,92,ย่านซื่อ,Yan Sue,92110
920210,9202,92,บ่อน้ำร้อน,Bo Nam Ron,92110
920211,9202,92,บางสัก,Bang Sak,92110
920212,9202,92,นาเกลือ,Na Kluea,92110
920213,9202,92,เกาะลิบง,Ko Libong,92110
920214,9202,92,คลองชีล้อม,Khlong Chi Lom,92110
920301,9203,92,ย่านตาขาว,Yan Ta Khao,92140
920302,9203,92,หนองบ่อ,Nong Bo,92140
920303,9203,92,นาชุมเห็ด,Na Chum Het,92140
920304,9203,92,ในควน,Nai Khuan,92140
920305,9203,92,โพรงจระเข้,Phrong Chorakhe,92140
920306,9203,92,ทุ่งกระบือ,Thung Krabue,92140
920307,9203,92,ทุ่งค่าย,Thung Khai,92140
920308,9203,92,เกาะเปียะ,Ko Pia,92140
920401,9204,92,ท่าข้าม,Tha Kham,92120
920402,9204,92,ทุ่งยาว,Thung Yao,92180
920403,9204,92,ปะเหลียน,Palian,92180
920404,9204,92,บางด้วน,Bang Duan,92140
920407,9204,92,บ้านนา,Ban Na,92140
920409,9204,92,สุโสะ,Suso,92120
920410,9204,92,ลิพัง,Li Phang,92180
920411,9204,92,เกาะสุกร,Ko Sukon,92120
920412,9204,92,ท่าพญา,Tha Phaya,92140
920413,9204,92,แหลมสอม,Laem Som,92180
920501,9205,92,บ่อหิน,Bo Hin,92150
920502,9205,92,เขาไม้แก้ว,Khao Mai Kaeo,92150
920503,9205,92,กะลาเส,Kalase,92150
920504,9205,92,ไม้ฝาด,Mai Fat,92150
920505,9205,92,นาเมืองเพชร,Na Mueang Phet,92000
920601,9206,92,ห้วยยอด,Huai Yot,92130
920602,9206,92,หนองช้างแล่น,Nong Chang Laen,92130
920605,9206,92,บางดี,Bang Di,92210
920606,9206,92,บางกุ้ง,Bang Kung,92210
920607,9206,92,เขากอบ,Khao Kop,92130
920608,9206,92,เขาขาว,Khao Khao,92130
920609,9206,92,เขาปูน,Khao Pun,92130
920610,9206,92,ปากแจ่ม,Pak Chaem,92190
920611,9206,92,ปากคม,Pak Khom,92130
920614,9206,92,ท่างิ้ว,Tha Ngio,92130
920615,9206,92,ลำภูรา,Lamphura,92190
920616,9206,92,นาวง,Na Wong,92210
920617,9206,92,ห้วยนาง,Huai Nang,92130
920619,9206,92,ในเตา,Nai Tao,92130
920620,9206,92,ทุ่งต่อ,Thung To,92130
920621,9206,92,วังคีรี,Wang Khiri,92210
920701,9207,92,เขาวิเศษ,Khao Wiset,92220
920702,9207,92,วังมะปราง,Wang Maprang,92220
920703,9207,92,อ่าวตง,Ao Tong,92220
920704,9207,92,ท่าสะบ้า,Tha Saba,92000
920705,9207,92,วังมะปรางเหนือ,Wang Maprang Nuea,92220
920801,9208,92,นาโยงเหนือ,Na Yong Nuea,92170
920802,9208,92,ช่อง,Chong,92170
920803,9208,92,ละมอ,Lamo,92170
920804,9208,92,โคกสะบ้า,Khok Saba,92170
920805,9208,92,นาหมื่นศรี,Na Muen Si,92170
920806,9208,92,นาข้าวเสีย,Na Khao Sia,92170
920901,9209,92,ควนเมา,Khuan Mao,92160
920902,9209,92,คลองปาง,Khlong Pang,92160
920903,9209,92,หนองบัว,Nong Bua,92160
920904,9209,92,หนองปรือ,Nong Prue,92130
920905,9209,92,เขาไพร,Khao Phrai,92160
921001,9210,92,หาดสำราญ,Hat Samran,92120
921002,9210,92,บ้าหวี,Ba Wi,92120
921003,9210,92,ตะเสะ,Tase,92120
930101,9301,93,คูหาสวรรค์,Khu Ha Sa Wan,93000
930103,9301,93,เขาเจียก,Khao Chiak,93000
930104,9301,93,ท่ามิหรำ,Tha Mi Ram,93000
930105,9301,93,โคกชะงาย,Khok Cha Ngai,93000
930106,9301,93,นาท่อม,Na Thom,93000
930107,9301,93,ปรางหมู่,Prang Mu,93000
930108,9301,93,ท่าแค,Tha Khae,93000
930109,9301,93,ลำปำ,Lam Pam,93000
930110,9301,93,ตำนาน,Tamnan,93000
930111,9301,93,ควนมะพร้าว,Khuan Ma Phrao,93000
930112,9301,93,ร่มเมือง,Rom Mueang,93000
930113,9301,93,ชัยบุรี,Chai Buri,93000
930114,9301,93,นาโหนด,Na Not,93000
930115,9301,93,พญาขัน,Phaya Khan,93000
930201,9302,93,กงหรา,Kong Ra,93180
930202,9302,93,ชะรัด,Charat,93000
930203,9302,93,คลองเฉลิม,Khlong Cha Loem,93180
930204,9302,93,คลองทรายขาว,Khlong Sai Khao,93180
930205,9302,93,สมหวัง,Som Wang,93000
930301,9303,93,เขาชัยสน,Khao Chaison,93130
930302,9303,93,ควนขนุน,Khuan Kha Nun,93130
930305,9303,93,จองถนน,Chong Tha Non,93130
930306,9303,93,หานโพธิ์,Han Pho,93130
930307,9303,93,โคกม่วง,Khok Muang,93130
930401,9304,93,แม่ขรี,Mae Khri,93160
930402,9304,93,ตะโหมด,Tanot,93160
930403,9304,93,คลองใหญ่,Khlong Yai,93160
930501,9305,93,ควนขนุน,Khuan Kha Nun,93110
930502,9305,93,ทะเลน้อย,Thale Noi,93150
930504,9305,93,นาขยาด,Nakhayat,93110
930505,9305,93,พนมวังก์,Phanom Wang,93110
930506,9305,93,แหลมโตนด,Laem Tanot,93110
930508,9305,93,ปันแต,Pantae,93110
930509,9305,93,โตนดด้วน,Tanot Duan,93110
930510,9305,93,ดอนทราย,Don Sai,93110
930511,9305,93,มะกอกเหนือ,Makok Nuea,93150
930512,9305,93,พนางตุง,Phanang Tung,93150
930513,9305,93,ชะมวง,Chamuang,93110
930516,9305,93,แพรกหา,Phraek Ha,93110
930601,9306,93,ปากพะยูน,Pak Pha Yun,93120
930602,9306,93,ดอนประดู่,Don Pradu,93120
930603,9306,93,เกาะนางคำ,Ko Nangkham,93120
930604,9306,93,เกาะหมาก,Ko Mak,93120
930605,9306,93,ฝาละมี,Fa La Mi,93120
930606,9306,93,หารเทา,Han Thao,93120
930607,9306,93,ดอนทราย,Don Sai,93120
930701,9307,93,เขาย่า,Khao Ya,93190
930702,9307,93,เขาปู่,Khao Pu,93190
930703,9307,93,ตะแพน,Tapaen,93190
930801,9308,93,ป่าบอน,Pa Bon,93170
930802,9308,93,โคกทราย,Khok Sai,93170
930803,9308,93,หนองธง,Nong Thong,93170
930804,9308,93,ทุ่งนารี,Thung Nari,93170
930806,9308,93,วังใหม่,Wang Mai,93170
930901,9309,93,ท่ามะเดื่อ,Tha Maduea,93140
930902,9309,93,นาปะขอ,Na Pakho,93140
930903,9309,93,โคกสัก,Khok Sak,93140
931001,9310,93,ป่าพะยอม,Pa Phayom,93110
931002,9310,93,ลานข่อย,Lan Khoi,93110
931003,9310,93,เกาะเต่า,Ko Tao,93110
931004,9310,93,บ้านพร้าว,Ban Phrao,93110
931101,9311,93,ชุมพล,Chum Phon,93000
931102,9311,93,บ้านนา,Ban Na,93000
931103,9311,93,อ่างทอง,Ang Thong,93000
931104,9311,93,ลำสินธุ์,Lam Sin,93000
940101,9401,94,สะบารัง,Sabarang,94000
940102,9401,94,อาเนาะรู,A Noru,94000
940103,9401,94,จะบังติกอ,Chabang Tiko,94000
940104,9401,94,บานา,Bana,94000
940105,9401,94,ตันหยงลุโละ,Tanyong Lulo,94000
940106,9401,94,คลองมานิง,Khlong Maning,94000
940107,9401,94,กะมิยอ,Kami Yo,94000
940108,9401,94,บาราโหม,Bara Hom,94000
940109,9401,94,ปะกาฮะรัง,Paka Harang,94000
940110,9401,94,รูสะมิแล,Ru Samilae,94000
940111,9401,94,ตะลุโบะ,Talu Bo,94000
940112,9401,94,บาราเฮาะ,Bara Ho,94000
940113,9401,94,ปุยุด,Pu Yut,94000
940201,9402,94,โคกโพธิ์,Khok Pho,94120
940202,9402,94,มะกรูด,Makrut,94120
940203,9402,94,บางโกระ,Bang Kro,94120
940204,9402,94,ป่าบอน,Pa Bon,94120
940205,9402,94,ทรายขาว,Sai Khao,94120
940206,9402,94,นาประดู่,Na Pradu,94180
940207,9402,94,ปากล่อ,Pak Lo,94180
940208,9402,94,ทุ่งพลา,Thung Phla,94180
940211,9402,94,ท่าเรือ,Tha Ruea,94120
940213,9402,94,นาเกตุ,Na Ket,94120
940214,9402,94,ควนโนรี,Khuan Nori,94180
940215,9402,94,ช้างให้ตก,Chang Hai Tok,94120
940301,9403,94,เกาะเปาะ,Ko Po,94170
940302,9403,94,คอลอตันหยง,Kholo Tanyong,94170
940303,9403,94,ดอนรัก,Don Rak,94170
940304,9403,94,ดาโต๊ะ,Dato,94170
940305,9403,94,ตุยง,Tuyong,94170
940306,9403,94,ท่ากำชำ,Tha Kamcham,94170
940307,9403,94,บ่อทอง,Bo Thong,94170
940308,9403,94,บางเขา,Bang Khao,94170
940309,9403,94,บางตาวา,Bang Tawa,94170
940310,9403,94,ปุโละปุโย,Pulo Puyo,94170
940311,9403,94,ยาบี,Ya Bi,94170
940312,9403,94,ลิปะสะโง,Lipa Sa-Ngo,94170
940401,9404,94,ปะนาเระ,Panare,94130
940402,9404,94,ท่าข้าม,Tha Kham,94130
940403,9404,94,บ้านนอก,Ban Nok,94130
940404,9404,94,ดอน,Don,94130
940405,9404,94,ควน,Khuan,94190
940406,9404,94,ท่าน้ำ,Tha Nam,94130
940407,9404,94,คอกกระบือ,Khok Krabue,94130
940408,9404,94,พ่อมิ่ง,Pho Ming,94130
940409,9404,94,บ้านกลาง,Ban Klang,94130
940410,9404,94,บ้านน้ำบ่อ,Ban Nam Bo,94130
940501,9405,94,มายอ,Mayo,94140
940502,9405,94,ถนน,Thanon,94140
940503,9405,94,ตรัง,Trang,94140
940504,9405,94,กระหวะ,Krawa,94140
940505,9405,94,ลุโบะยิไร,Lubo Yiri,94140
940506,9405,94,ลางา,La-Nga,94190
940507,9405,94,กระเสาะ,Kraso,94140
940508,9405,94,เกาะจัน,Ko Chan,94140
940509,9405,94,ปะโด,Podo,94140
940510,9405,94,สาคอบน,Sakho Bon,94140
940511,9405,94,สาคอใต้,Sakho Tai,94140
940512,9405,94,สะกำ,Sakam,94140
940513,9405,94,ปานัน,Pa Nan,94140
940601,9406,94,ตะโละแมะนา,Talo Maena,94140
940602,9406,94,พิเทน,Phithen,94140
940603,9406,94,น้ำดำ,Nam Dam,94140
940604,9406,94,ปากู,Pa Ku,94140
940701,9407,94,ตะลุบัน,Talu Ban,94110
940702,9407,94,ตะบิ้ง,Tabing,94110
940703,9407,94,ปะเสยะวอ,Pase Yawo,94110
940704,9407,94,บางเก่า,Bang Kao,94110
940705,9407,94,บือเระ,Buere,94110
940706,9407,94,เตราะบอน,Tro Bon,94110
940707,9407,94,กะดุนง,Kadunong,94110
940708,9407,94,ละหาร,Lahan,94110
940709,9407,94,มะนังดาลำ,Manang Dalam,94110
940710,9407,94,แป้น,Paen,94110
940711,9407,94,ทุ่งคล้า,Thung Khla,94190
940801,9408,94,ไทรทอง,Sai Thong,94220
940802,9408,94,ไม้แก่น,Mai Kaen,94220
940803,9408,94,ตะโละไกรทอง,Talo Krai Thong,94220
940804,9408,94,ดอนทราย,Don Sai,94220
940901,9409,94,ตะโละ,Talo,94150
940902,9409,94,ตะโละกาโปร์,Talo Kapo,94150
940903,9409,94,ตันหยงดาลอ,Tanyong Dalo,94150
940904,9409,94,ตันหยงจึงงา,Tanyong Chueng Nga,94190
940905,9409,94,ตอหลัง,To Lang,94150
940906,9409,94,ตาแกะ,Ta Kae,94150
940907,9409,94,ตาลีอายร์,Tali-Ai,94150
940908,9409,94,ยามู,Ya Mu,94150
940909,9409,94,บางปู,Bang Pu,94150
940910,9409,94,หนองแรต,Nong Raet,94150
940911,9409,94,ปิยามุมัง,Piya Mumang,94150
940912,9409,94,ปุลากง,Pulakong,94150
940913,9409,94,บาโลย,Baloi,94190
940914,9409,94,สาบัน,Saban,94150
940915,9409,94,มะนังยง,Manang Yong,94150
940916,9409,94,ราตาปันยัง,Rata Panyang,94150
940917,9409,94,จะรัง,Charang,94150
940918,9409,94,แหลมโพธิ์,Laem Pho,94150
941001,9410,94,ยะรัง,Yarang,94160
941002,9410,94,สะดาวา,Sadawa,94160
941003,9410,94,ประจัน,Prachan,94160
941004,9410,94,สะนอ,Sano,94160
941005,9410,94,ระแว้ง,Rawaeng,94160
941006,9410,94,ปิตูมุดี,Pitu Mudi,94160
941007,9410,94,วัด,Wat,94160
941008,9410,94,กระโด,Krado,94160
941009,9410,94,คลองใหม่,Khlong Mai,94160
941010,9410,94,เมาะมาวี,Mo Mawi,94160
941011,9410,94,กอลำ,Ko Lam,94160
941012,9410,94,เขาตูม,Khao Tum,94160
941101,9411,94,กะรุบี,Karubi,94230
941102,9411,94,ตะโละดือรามัน,Talo Due Raman,94230
941103,9411,94,ปล่องหอย,Plong Hoi,94230
941201,9412,94,แม่ลาน,Mae Lan,94180
941202,9412,94,ม่วงเตี้ย,Muang Tia,94180
941203,9412,94,ป่าไร่,Pa Rai,94180
950101,9501,95,สะเตง,Sateng,95000
950102,9501,95,บุดี,Bu Di,95000
950103,9501,95,ยุโป,Yopo,95000
950104,9501,95,ลิดล,Li Don,95160
950106,9501,95,ยะลา,Yala,95000
950108,9501,95,ท่าสาป,Tha Sap,95000
950109,9501,95,ลำใหม่,Lam Mai,95160
950110,9501,95,หน้าถ้ำ,Na Tham,95000
950111,9501,95,ลำพะยา,Lam Phaya,95160
950112,9501,95,เปาะเส้ง,Po Seng,95000
950114,9501,95,พร่อน,Phron,95160
950115,9501,95,บันนังสาเรง,Bannang Sareng,95000
950116,9501,95,สะเตงนอก,Sateng Nok,95000
950118,9501,95,ตาเซะ,Tase,95000
950201,9502,95,เบตง,Betong,95110
950202,9502,95,ยะรม,Yarom,95110
950203,9502,95,ตาเนาะแมเราะ,Tano Maero,95110
950204,9502,95,อัยเยอร์เวง,Aiyoe Weng,95110
950205,9502,95,ธารน้ำทิพย์,Than Nam Thip,95110
950301,9503,95,บันนังสตา,Bannang Sata,95130
950302,9503,95,บาเจาะ,Bacho,95130
950303,9503,95,ตาเนาะปูเต๊ะ,Tano Pute,95130
950304,9503,95,ถ้ำทะลุ,Tham Thalu,95130
950305,9503,95,ตลิ่งชัน,Taling Chan,95130
950306,9503,95,เขื่อนบางลาง,Khuean Bang Lang,95130
950401,9504,95,ธารโต,Than To,95150
950402,9504,95,บ้านแหร,Ban Rae,95150
950403,9504,95,แม่หวาด,Mae Wat,95170
950404,9504,95,คีรีเขต,Khiri Khet,95150
950501,9505,95,ยะหา,Yaha,95120
950502,9505,95,ละแอ,La-Ae,95120
950503,9505,95,ปะแต,Patae,95120
950504,9505,95,บาโร๊ะ,Baro,95120
950506,9505,95,ตาชี,Ta Chi,95120
950507,9505,95,บาโงยซิแน,Ba-Ngoi Sinae,95120
950508,9505,95,กาตอง,Katong,95120
950601,9506,95,กายูบอเกาะ,Kayu Boko,95140
950602,9506,95,กาลูปัง,Kalupang,95140
950603,9506,95,กาลอ,Kalo,95140
950604,9506,95,กอตอตือร๊ะ,Koto Tuera,95140
950605,9506,95,โกตาบารู,Kota Baru,95140
950606,9506,95,เกะรอ,Ke Ro,95140
950607,9506,95,จะกว๊ะ,Cha Kwua,95140
950608,9506,95,ท่าธง,Tha Thong,95140
950609,9506,95,เนินงาม,Noen Ngam,95140
950610,9506,95,บาลอ,Balo,95140
950611,9506,95,บาโงย,Ba-Ngoi,95140
950612,9506,95,บือมัง,Buemang,95140
950613,9506,95,ยะต๊ะ,Yata,95140
950614,9506,95,วังพญา,Wang Phaya,95140
950615,9506,95,อาซ่อง,A Song,95140
950616,9506,95,ตะโล๊ะหะลอ,Talo Halo,95140
950701,9507,95,กาบัง,Kabang,95120
950702,9507,95,บาละ,Bala,95120
950801,9508,95,กรงปินัง,Krong Pinang,95000
950802,9508,95,สะเอะ,Sa-Ae,95000
950803,9508,95,ห้วยกระทิง,Huai Krathing,95000
950804,9508,95,ปุโรง,Pu Rong,95000
960101,9601,96,บางนาค,Bang Nak,96000
960102,9601,96,ลำภู,Lamphu,96000
960103,9601,96,มะนังตายอ,Manang Tayo,96000
960104,9601,96,บางปอ,Bang Po,96000
960105,9601,96,กะลุวอ,Kaluwo,96000
960106,9601,96,กะลุวอเหนือ,Kaluwo Nuea,96000
960107,9601,96,โคกเคียน,Khok Khian,96000
960201,9602,96,เจ๊ะเห,Che He,96110
960202,9602,96,ไพรวัน,Phrai Wan,96110
960203,9602,96,พร่อน,Phron,96110
960204,9602,96,ศาลาใหม่,Sala Mai,96110
960205,9602,96,บางขุนทอง,Bang Khun Thong,96110
960206,9602,96,เกาะสะท้อน,Ko Sathon,96110
960207,9602,96,นานาค,Na Nak,96110
960208,9602,96,โฆษิต,Khosit,96110
960301,9603,96,บาเจาะ,Bacho,96170
960302,9603,96,ลุโบะสาวอ,Lubo Sawo,96170
960303,9603,96,กาเยาะมาตี,Kayo Mati,96170
960304,9603,96,ปะลุกาสาเมาะ,Paluka Samo,96170
960305,9603,96,บาเระเหนือ,Bare Nuea,96170
960306,9603,96,บาเระใต้,Bare Tai,96170
960401,9604,96,ยี่งอ,Yi-Ngo,96180
960402,9604,96,ละหาร,Lahan,96180
960403,9604,96,จอเบาะ,Cho Bo,96180
960404,9604,96,ลุโบะบายะ,Lubo Baya,96180
960405,9604,96,ลุโบะบือซา,Lubo Buesa,96180
960406,9604,96,ตะปอเยาะ,Tapo Yo,96180
960501,9605,96,ตันหยงมัส,Tanyong Mat,96130
960502,9605,96,ตันหยงลิมอ,Tanyong Limo,96130
960506,9605,96,บองอ,Bo-Ngo,96220
960507,9605,96,กาลิซา,Kalisa,96130
960508,9605,96,บาโงสะโต,Ba-Ngo Sato,96130
960509,9605,96,เฉลิม,Chaloem,96130
960510,9605,96,มะรือโบตก,Marue Bo Tok,96130
960601,9606,96,รือเสาะ,Rueso,96150
960602,9606,96,สาวอ,Sawo,96150
960603,9606,96,เรียง,Riang,96150
960604,9606,96,สามัคคี,Samakkhi,96150
960605,9606,96,บาตง,Batong,96150
960606,9606,96,ลาโละ,La Lo,96150
960607,9606,96,รือเสาะออก,Rueso Ok,96150
960608,9606,96,โคกสะตอ,Khok Sato,96150
960609,9606,96,สุวารี,Suwari,96150
960701,9607,96,ซากอ,Sa Ko,96210
960702,9607,96,ตะมะยูง,Tama Yung,96210
960703,9607,96,ศรีสาคร,Si Sakhon,96210
960704,9607,96,เชิงคีรี,Choeng Khiri,96210
960705,9607,96,กาหลง,Kalong,96210
960706,9607,96,ศรีบรรพต,Si Banphot,96210
960801,9608,96,แว้ง,Waeng,96160
960802,9608,96,กายูคละ,Kayu Khla,96160
960803,9608,96,ฆอเลาะ,Kho Lo,96160
960804,9608,96,โละจูด,Lo Chut,96160
960805,9608,96,แม่ดง,Mae Dong,96160
960806,9608,96,เอราวัณ,Erawan,96160
960901,9609,96,มาโมง,Ma Mong,96190
960902,9609,96,สุคิริน,Sukhirin,96190
960903,9609,96,เกียร์,Kia,96190
960904,9609,96,ภูเขาทอง,Phu Khao Thong,96190
960905,9609,96,ร่มไทร,Rom Sai,96190
961001,9610,96,สุไหงโก-ลก,Su-Ngai Ko-Lok,96120
961002,9610,96,ปาเสมัส,Pa Semat,96120
961003,9610,96,มูโนะ,Mu No,96120
961004,9610,96,ปูโยะ,Puyo,96120
961101,9611,96,ปะลุรู,Paluru,96140
961102,9611,96,สุไหงปาดี,Su-Ngai Padi,96140
961103,9611,96,โต๊ะเด็ง,To Deng,96140
961104,9611,96,สากอ,Sako,96140
961105,9611,96,ริโก๋,Ri Ko,96140
961106,9611,96,กาวะ,Kawa,96140
961201,9612,96,จะแนะ,Chanae,96220
961202,9612,96,ดุซงญอ,Du Song Yo,96220
961203,9612,96,ผดุงมาตร,Phadung Mat,96220
961204,9612,96,ช้างเผือก,Chang Phueak,96220
961301,9613,96,จวบ,Chuap,96130
961302,9613,96,บูกิต,Bu Kit,96130
961303,9613,96,มะรือโบออก,Marue Bo Ok,96130
